-- MySQL dump 10.13  Distrib 8.0.36, for Win64 (x86_64)
--
-- Host: localhost    Database: dblabmas_v2
-- ------------------------------------------------------
-- Server version	8.0.35-0ubuntu0.23.04.1

/*!40101 SET @OLD_CHARACTER_SET_CLIENT=@@CHARACTER_SET_CLIENT */;
/*!40101 SET @OLD_CHARACTER_SET_RESULTS=@@CHARACTER_SET_RESULTS */;
/*!40101 SET @OLD_COLLATION_CONNECTION=@@COLLATION_CONNECTION */;
/*!50503 SET NAMES utf8 */;
/*!40103 SET @OLD_TIME_ZONE=@@TIME_ZONE */;
/*!40103 SET TIME_ZONE='+00:00' */;
/*!40014 SET @OLD_UNIQUE_CHECKS=@@UNIQUE_CHECKS, UNIQUE_CHECKS=0 */;
/*!40014 SET @OLD_FOREIGN_KEY_CHECKS=@@FOREIGN_KEY_CHECKS, FOREIGN_KEY_CHECKS=0 */;
/*!40101 SET @OLD_SQL_MODE=@@SQL_MODE, SQL_MODE='NO_AUTO_VALUE_ON_ZERO' */;
/*!40111 SET @OLD_SQL_NOTES=@@SQL_NOTES, SQL_NOTES=0 */;

--
-- Table structure for table `account_emailaddress`
--

DROP TABLE IF EXISTS `account_emailaddress`;
/*!40101 SET @saved_cs_client     = @@character_set_client */;
/*!50503 SET character_set_client = utf8mb4 */;
CREATE TABLE `account_emailaddress` (
  `id` int NOT NULL AUTO_INCREMENT,
  `email` varchar(254) NOT NULL,
  `verified` tinyint(1) NOT NULL,
  `primary` tinyint(1) NOT NULL,
  `user_id` varchar(20) NOT NULL,
  PRIMARY KEY (`id`),
  UNIQUE KEY `account_emailaddress_user_id_email_987c8728_uniq` (`user_id`,`email`),
  KEY `account_emailaddress_email_03be32b2` (`email`),
  CONSTRAINT `account_emailaddress_user_id_2c513194_fk_core_user_user_id` FOREIGN KEY (`user_id`) REFERENCES `core_user` (`user_id`)
) ENGINE=InnoDB AUTO_INCREMENT=5 DEFAULT CHARSET=utf8mb4 COLLATE=utf8mb4_0900_ai_ci;
/*!40101 SET character_set_client = @saved_cs_client */;

--
-- Dumping data for table `account_emailaddress`
--

LOCK TABLES `account_emailaddress` WRITE;
/*!40000 ALTER TABLE `account_emailaddress` DISABLE KEYS */;
INSERT INTO `account_emailaddress` VALUES (1,'kenneth_uy@dlsu.edu.ph',1,1,'2'),(2,'luis_ostia@dlsu.edu.ph',1,1,'3'),(3,'dominique_conde@dlsu.edu.ph',1,1,'4'),(4,'system.admin@dlsu.edu.ph',0,0,'1');
/*!40000 ALTER TABLE `account_emailaddress` ENABLE KEYS */;
UNLOCK TABLES;

--
-- Table structure for table `account_emailconfirmation`
--

DROP TABLE IF EXISTS `account_emailconfirmation`;
/*!40101 SET @saved_cs_client     = @@character_set_client */;
/*!50503 SET character_set_client = utf8mb4 */;
CREATE TABLE `account_emailconfirmation` (
  `id` int NOT NULL AUTO_INCREMENT,
  `created` datetime(6) NOT NULL,
  `sent` datetime(6) DEFAULT NULL,
  `key` varchar(64) NOT NULL,
  `email_address_id` int NOT NULL,
  PRIMARY KEY (`id`),
  UNIQUE KEY `key` (`key`),
  KEY `account_emailconfirm_email_address_id_5b7f8c58_fk_account_e` (`email_address_id`),
  CONSTRAINT `account_emailconfirm_email_address_id_5b7f8c58_fk_account_e` FOREIGN KEY (`email_address_id`) REFERENCES `account_emailaddress` (`id`)
) ENGINE=InnoDB DEFAULT CHARSET=utf8mb4 COLLATE=utf8mb4_0900_ai_ci;
/*!40101 SET character_set_client = @saved_cs_client */;

--
-- Dumping data for table `account_emailconfirmation`
--

LOCK TABLES `account_emailconfirmation` WRITE;
/*!40000 ALTER TABLE `account_emailconfirmation` DISABLE KEYS */;
/*!40000 ALTER TABLE `account_emailconfirmation` ENABLE KEYS */;
UNLOCK TABLES;

--
-- Table structure for table `audit_core_borrow_info`
--

DROP TABLE IF EXISTS `audit_core_borrow_info`;
/*!40101 SET @saved_cs_client     = @@character_set_client */;
/*!50503 SET character_set_client = utf8mb4 */;
CREATE TABLE `audit_core_borrow_info` (
  `id` bigint NOT NULL AUTO_INCREMENT,
  `operation` enum('INSERT','UPDATE','DELETE') NOT NULL,
  `changed_at` timestamp NULL DEFAULT CURRENT_TIMESTAMP,
  `changed_by` varchar(255) DEFAULT NULL,
  `primary_key` varchar(20) NOT NULL,
  `old_values` json DEFAULT NULL,
  `new_values` json DEFAULT NULL,
  PRIMARY KEY (`id`)
) ENGINE=InnoDB AUTO_INCREMENT=10 DEFAULT CHARSET=utf8mb4 COLLATE=utf8mb4_0900_ai_ci;
/*!40101 SET character_set_client = @saved_cs_client */;

--
-- Dumping data for table `audit_core_borrow_info`
--

LOCK TABLES `audit_core_borrow_info` WRITE;
/*!40000 ALTER TABLE `audit_core_borrow_info` DISABLE KEYS */;
INSERT INTO `audit_core_borrow_info` VALUES (1,'INSERT','2025-03-02 08:59:53',NULL,'20120253819',NULL,'{\"status\": \"A\", \"remarks\": null, \"user_id\": \"2\", \"due_date\": \"2025-03-27\", \"b_user_id\": \"12027774\", \"borrow_id\": \"20120253819\", \"borrow_date\": \"2025-03-27\", \"request_date\": \"2025-03-02 08:59:54.452299\", \"laboratory_id\": \"1\", \"approved_by_id\": null, \"notification_sent\": 0, \"questions_responses\": {\"Thesis or not\": null}}'),(2,'INSERT','2025-03-04 12:42:39','20244396','20120250485',NULL,'{\"status\": \"P\", \"remarks\": null, \"user_id\": \"20244396\", \"due_date\": \"2025-03-09\", \"b_user_id\": \"None\", \"borrow_id\": \"20120250485\", \"borrow_date\": \"2025-03-07\", \"request_date\": \"2025-03-04 12:42:38.942002\", \"laboratory_id\": \"1\", \"approved_by_id\": null, \"notification_sent\": 0, \"questions_responses\": {\"Thesis or not\": null}}'),(3,'INSERT','2025-03-06 13:02:46','20244396','20120259746',NULL,'{\"status\": \"A\", \"remarks\": null, \"user_id\": \"20244396\", \"due_date\": \"2025-03-06\", \"b_user_id\": \"None\", \"borrow_id\": \"20120259746\", \"borrow_date\": \"2025-03-06\", \"request_date\": \"2025-03-06 13:02:45.000000\", \"laboratory_id\": \"1\", \"approved_by_id\": null, \"notification_sent\": 0, \"questions_responses\": {\"Chem Student\": \"True\", \"Thesis or not\": \"True\"}}'),(4,'UPDATE','2025-03-06 13:03:31','13','20120259746','{\"status\": \"A\", \"remarks\": null, \"user_id\": \"20244396\", \"due_date\": \"2025-03-06\", \"b_user_id\": \"None\", \"borrow_id\": \"20120259746\", \"borrow_date\": \"2025-03-06\", \"request_date\": \"2025-03-06 13:02:45.000000\", \"laboratory_id\": \"1\", \"approved_by_id\": null, \"notification_sent\": 0, \"questions_responses\": {\"Chem Student\": \"True\", \"Thesis or not\": \"True\"}}','{\"status\": \"B\", \"remarks\": null, \"user_id\": \"20244396\", \"due_date\": \"2025-03-06\", \"b_user_id\": \"None\", \"borrow_id\": \"20120259746\", \"borrow_date\": \"2025-03-06\", \"request_date\": \"2025-03-06 13:02:45.000000\", \"laboratory_id\": \"1\", \"approved_by_id\": null, \"notification_sent\": 0, \"questions_responses\": {\"Chem Student\": \"True\", \"Thesis or not\": \"True\"}}'),(5,'UPDATE','2025-03-06 13:08:29','13','20120259746','{\"status\": \"B\", \"remarks\": null, \"user_id\": \"20244396\", \"due_date\": \"2025-03-06\", \"b_user_id\": \"None\", \"borrow_id\": \"20120259746\", \"borrow_date\": \"2025-03-06\", \"request_date\": \"2025-03-06 13:02:45.000000\", \"laboratory_id\": \"1\", \"approved_by_id\": null, \"notification_sent\": 0, \"questions_responses\": {\"Chem Student\": \"True\", \"Thesis or not\": \"True\"}}','{\"status\": \"X\", \"remarks\": null, \"user_id\": \"20244396\", \"due_date\": \"2025-03-06\", \"b_user_id\": \"12007889\", \"borrow_id\": \"20120259746\", \"borrow_date\": \"2025-03-06\", \"request_date\": \"2025-03-06 13:02:45.000000\", \"laboratory_id\": \"1\", \"approved_by_id\": null, \"notification_sent\": 0, \"questions_responses\": {\"Chem Student\": \"True\", \"Thesis or not\": \"True\"}}'),(6,'UPDATE','2025-03-09 15:18:31','11','20120246582','{\"status\": \"P\", \"remarks\": null, \"user_id\": \"2\", \"due_date\": \"2024-11-21\", \"b_user_id\": null, \"borrow_id\": \"20120246582\", \"borrow_date\": \"2024-11-21\", \"request_date\": \"2024-11-18 08:28:41.687074\", \"laboratory_id\": \"1\", \"approved_by_id\": null, \"notification_sent\": 0, \"questions_responses\": {\"Thesis or not\": \"False\"}}','{\"status\": \"A\", \"remarks\": \"lack of supply\", \"user_id\": \"2\", \"due_date\": \"2024-11-21\", \"b_user_id\": \"12027774\", \"borrow_id\": \"20120246582\", \"borrow_date\": \"2024-11-21\", \"request_date\": \"2024-11-18 08:28:41.687074\", \"laboratory_id\": \"1\", \"approved_by_id\": \"11\", \"notification_sent\": 0, \"questions_responses\": {\"Thesis or not\": \"False\"}}'),(7,'INSERT','2025-03-10 03:23:38','20244396','20120259994',NULL,'{\"status\": \"A\", \"remarks\": null, \"user_id\": \"20244396\", \"due_date\": \"2025-03-20\", \"b_user_id\": \"12007889\", \"borrow_id\": \"20120259994\", \"borrow_date\": \"2025-03-20\", \"request_date\": \"2025-03-10 03:23:38.797399\", \"laboratory_id\": \"1\", \"approved_by_id\": null, \"notification_sent\": 0, \"questions_responses\": {\"Thesis or not\": \"True\"}}'),(8,'INSERT','2025-03-10 03:42:42','20244396','20120258828',NULL,'{\"status\": \"A\", \"remarks\": null, \"user_id\": \"20244396\", \"due_date\": \"2025-03-20\", \"b_user_id\": \"12007889\", \"borrow_id\": \"20120258828\", \"borrow_date\": \"2025-03-20\", \"request_date\": \"2025-03-10 03:42:43.747819\", \"laboratory_id\": \"1\", \"approved_by_id\": null, \"notification_sent\": 0, \"questions_responses\": {\"Thesis or not\": null}}'),(9,'INSERT','2025-03-10 03:44:24','20244396','20120259168',NULL,'{\"status\": \"A\", \"remarks\": null, \"user_id\": \"20244396\", \"due_date\": \"2025-03-10\", \"b_user_id\": \"12007889\", \"borrow_id\": \"20120259168\", \"borrow_date\": \"2025-03-10\", \"request_date\": \"2025-03-10 03:44:24.000000\", \"laboratory_id\": \"1\", \"approved_by_id\": null, \"notification_sent\": 0, \"questions_responses\": {\"Chem Student\": \"True\", \"Thesis or not\": \"True\"}}');
/*!40000 ALTER TABLE `audit_core_borrow_info` ENABLE KEYS */;
UNLOCK TABLES;

--
-- Table structure for table `audit_core_borrowed_items`
--

DROP TABLE IF EXISTS `audit_core_borrowed_items`;
/*!40101 SET @saved_cs_client     = @@character_set_client */;
/*!50503 SET character_set_client = utf8mb4 */;
CREATE TABLE `audit_core_borrowed_items` (
  `id` bigint NOT NULL AUTO_INCREMENT,
  `operation` enum('INSERT','UPDATE','DELETE') NOT NULL,
  `changed_at` timestamp NULL DEFAULT CURRENT_TIMESTAMP,
  `changed_by` varchar(255) DEFAULT NULL,
  `primary_key` bigint NOT NULL,
  `old_values` json DEFAULT NULL,
  `new_values` json DEFAULT NULL,
  PRIMARY KEY (`id`)
) ENGINE=InnoDB AUTO_INCREMENT=10 DEFAULT CHARSET=utf8mb4 COLLATE=utf8mb4_0900_ai_ci;
/*!40101 SET character_set_client = @saved_cs_client */;

--
-- Dumping data for table `audit_core_borrowed_items`
--

LOCK TABLES `audit_core_borrowed_items` WRITE;
/*!40000 ALTER TABLE `audit_core_borrowed_items` DISABLE KEYS */;
INSERT INTO `audit_core_borrowed_items` VALUES (1,'INSERT','2025-03-04 12:42:39','20244396',96,NULL,'{\"id\": 96, \"qty\": 1, \"unit\": \"milliliter\", \"item_id\": \"10120242830\", \"remarks\": null, \"borrow_id\": \"20120250485\", \"returned_qty\": 0, \"inventory_item\": null}'),(2,'INSERT','2025-03-06 13:02:46','20244396',97,NULL,'{\"id\": 97, \"qty\": 1, \"unit\": \"milliliter\", \"item_id\": \"10120240186\", \"remarks\": null, \"borrow_id\": \"20120259746\", \"returned_qty\": 0, \"inventory_item\": null}'),(3,'UPDATE','2025-03-06 13:08:29','13',97,'{\"id\": 97, \"qty\": 1, \"unit\": \"milliliter\", \"item_id\": \"10120240186\", \"remarks\": null, \"borrow_id\": \"20120259746\", \"returned_qty\": 0, \"inventory_item\": null}','{\"id\": 97, \"qty\": 1, \"unit\": \"milliliter\", \"item_id\": \"10120240186\", \"remarks\": null, \"borrow_id\": \"20120259746\", \"returned_qty\": 1, \"inventory_item\": null}'),(4,'UPDATE','2025-03-09 15:18:31','11',67,'{\"id\": 67, \"qty\": 4, \"unit\": \"mL\", \"item_id\": \"10120241077\", \"remarks\": null, \"borrow_id\": \"20120246582\", \"returned_qty\": 0, \"inventory_item\": null}','{\"id\": 67, \"qty\": 3, \"unit\": \"mL\", \"item_id\": \"10120241077\", \"remarks\": null, \"borrow_id\": \"20120246582\", \"returned_qty\": 0, \"inventory_item\": null}'),(5,'INSERT','2025-03-10 03:23:38','20244396',98,NULL,'{\"id\": 98, \"qty\": 1, \"unit\": \"milliliter\", \"item_id\": \"10120240186\", \"remarks\": null, \"borrow_id\": \"20120259994\", \"returned_qty\": 0, \"inventory_item\": null}'),(6,'INSERT','2025-03-10 03:23:38','20244396',99,NULL,'{\"id\": 99, \"qty\": 1, \"unit\": \"pcs\", \"item_id\": \"10120241939\", \"remarks\": null, \"borrow_id\": \"20120259994\", \"returned_qty\": 0, \"inventory_item\": null}'),(7,'INSERT','2025-03-10 03:23:38','20244396',100,NULL,'{\"id\": 100, \"qty\": 2, \"unit\": \"milliliter\", \"item_id\": \"10120241077\", \"remarks\": null, \"borrow_id\": \"20120259994\", \"returned_qty\": 0, \"inventory_item\": null}'),(8,'INSERT','2025-03-10 03:42:42','20244396',101,NULL,'{\"id\": 101, \"qty\": 10, \"unit\": \"milliliter\", \"item_id\": \"10120241077\", \"remarks\": null, \"borrow_id\": \"20120258828\", \"returned_qty\": 0, \"inventory_item\": null}'),(9,'INSERT','2025-03-10 03:44:24','20244396',102,NULL,'{\"id\": 102, \"qty\": 1, \"unit\": \"milliliter\", \"item_id\": \"10120240186\", \"remarks\": null, \"borrow_id\": \"20120259168\", \"returned_qty\": 0, \"inventory_item\": null}');
/*!40000 ALTER TABLE `audit_core_borrowed_items` ENABLE KEYS */;
UNLOCK TABLES;

--
-- Table structure for table `audit_core_borrowing_config`
--

DROP TABLE IF EXISTS `audit_core_borrowing_config`;
/*!40101 SET @saved_cs_client     = @@character_set_client */;
/*!50503 SET character_set_client = utf8mb4 */;
CREATE TABLE `audit_core_borrowing_config` (
  `id` bigint NOT NULL AUTO_INCREMENT,
  `operation` enum('INSERT','UPDATE','DELETE') NOT NULL,
  `changed_at` timestamp NULL DEFAULT CURRENT_TIMESTAMP,
  `changed_by` varchar(255) DEFAULT NULL,
  `primary_key` varchar(20) NOT NULL,
  `old_values` json DEFAULT NULL,
  `new_values` json DEFAULT NULL,
  PRIMARY KEY (`id`)
) ENGINE=InnoDB AUTO_INCREMENT=7 DEFAULT CHARSET=utf8mb4 COLLATE=utf8mb4_0900_ai_ci;
/*!40101 SET character_set_client = @saved_cs_client */;

--
-- Dumping data for table `audit_core_borrowing_config`
--

LOCK TABLES `audit_core_borrowing_config` WRITE;
/*!40000 ALTER TABLE `audit_core_borrowing_config` DISABLE KEYS */;
INSERT INTO `audit_core_borrowing_config` VALUES (1,'UPDATE','2025-03-02 09:20:07','2','1','{\"allow_walkin\": 1, \"allow_prebook\": 1, \"laboratory_id\": \"1\", \"allow_longterm\": 1, \"allow_shortterm\": 1, \"questions_config\": [{\"choices\": [], \"input_type\": \"true_false\", \"question_text\": \"Thesis or not\", \"borrowing_mode\": \"both\"}, {\"choices\": [], \"input_type\": \"true_false\", \"question_text\": \"Chem Student\", \"borrowing_mode\": \"walkin\"}], \"prebook_lead_time\": 2}','{\"allow_walkin\": 0, \"allow_prebook\": 1, \"laboratory_id\": \"1\", \"allow_longterm\": 1, \"allow_shortterm\": 1, \"questions_config\": [{\"choices\": [], \"input_type\": \"true_false\", \"question_text\": \"Thesis or not\", \"borrowing_mode\": \"both\"}, {\"choices\": [], \"input_type\": \"true_false\", \"question_text\": \"Chem Student\", \"borrowing_mode\": \"walkin\"}], \"prebook_lead_time\": 2}'),(2,'UPDATE','2025-03-02 09:20:45','2','1','{\"allow_walkin\": 0, \"allow_prebook\": 1, \"laboratory_id\": \"1\", \"allow_longterm\": 1, \"allow_shortterm\": 1, \"questions_config\": [{\"choices\": [], \"input_type\": \"true_false\", \"question_text\": \"Thesis or not\", \"borrowing_mode\": \"both\"}, {\"choices\": [], \"input_type\": \"true_false\", \"question_text\": \"Chem Student\", \"borrowing_mode\": \"walkin\"}], \"prebook_lead_time\": 2}','{\"allow_walkin\": 1, \"allow_prebook\": 1, \"laboratory_id\": \"1\", \"allow_longterm\": 1, \"allow_shortterm\": 1, \"questions_config\": [{\"choices\": [], \"input_type\": \"true_false\", \"question_text\": \"Thesis or not\", \"borrowing_mode\": \"both\"}, {\"choices\": [], \"input_type\": \"true_false\", \"question_text\": \"Chem Student\", \"borrowing_mode\": \"walkin\"}], \"prebook_lead_time\": 2}'),(3,'INSERT','2025-03-08 15:47:17','1','90120256859',NULL,'{\"allow_walkin\": 0, \"allow_prebook\": 0, \"laboratory_id\": \"90120256859\", \"allow_longterm\": 0, \"allow_shortterm\": 0, \"questions_config\": [], \"prebook_lead_time\": 1}'),(4,'INSERT','2025-03-09 08:51:33','1','90120253568',NULL,'{\"allow_walkin\": 0, \"allow_prebook\": 0, \"laboratory_id\": \"90120253568\", \"allow_longterm\": 0, \"allow_shortterm\": 0, \"questions_config\": [], \"prebook_lead_time\": 1}'),(5,'UPDATE','2025-03-09 09:08:27','20254932','90120253568','{\"allow_walkin\": 0, \"allow_prebook\": 0, \"laboratory_id\": \"90120253568\", \"allow_longterm\": 0, \"allow_shortterm\": 0, \"questions_config\": [], \"prebook_lead_time\": 1}','{\"allow_walkin\": 0, \"allow_prebook\": 1, \"laboratory_id\": \"90120253568\", \"allow_longterm\": 1, \"allow_shortterm\": 1, \"questions_config\": [], \"prebook_lead_time\": 0}'),(6,'UPDATE','2025-03-09 09:08:54','20254932','90120253568','{\"allow_walkin\": 0, \"allow_prebook\": 1, \"laboratory_id\": \"90120253568\", \"allow_longterm\": 1, \"allow_shortterm\": 1, \"questions_config\": [], \"prebook_lead_time\": 0}','{\"allow_walkin\": 0, \"allow_prebook\": 1, \"laboratory_id\": \"90120253568\", \"allow_longterm\": 1, \"allow_shortterm\": 1, \"questions_config\": [], \"prebook_lead_time\": 1}');
/*!40000 ALTER TABLE `audit_core_borrowing_config` ENABLE KEYS */;
UNLOCK TABLES;

--
-- Table structure for table `audit_core_item_description`
--

DROP TABLE IF EXISTS `audit_core_item_description`;
/*!40101 SET @saved_cs_client     = @@character_set_client */;
/*!50503 SET character_set_client = utf8mb4 */;
CREATE TABLE `audit_core_item_description` (
  `id` bigint NOT NULL AUTO_INCREMENT,
  `operation` enum('INSERT','UPDATE','DELETE') NOT NULL,
  `changed_at` timestamp NULL DEFAULT CURRENT_TIMESTAMP,
  `changed_by` varchar(255) DEFAULT NULL,
  `primary_key` varchar(20) NOT NULL,
  `old_values` json DEFAULT NULL,
  `new_values` json DEFAULT NULL,
  PRIMARY KEY (`id`)
) ENGINE=InnoDB AUTO_INCREMENT=187 DEFAULT CHARSET=utf8mb4 COLLATE=utf8mb4_0900_ai_ci;
/*!40101 SET character_set_client = @saved_cs_client */;

--
-- Dumping data for table `audit_core_item_description`
--

LOCK TABLES `audit_core_item_description` WRITE;
/*!40000 ALTER TABLE `audit_core_item_description` DISABLE KEYS */;
INSERT INTO `audit_core_item_description` VALUES (1,'INSERT','2025-03-04 12:28:40','13','10120255325',NULL,'{\"item_id\": \"10120255325\", \"add_cols\": \"{\\\"Amount\\\": \\\"200\\\", \\\"Brand\\\": \\\"Tylex\\\", \\\"Unit (Pcs, Box, Batch)\\\": null}\", \"max_uses\": null, \"alert_qty\": 0, \"item_name\": \"Alcohol\", \"qty_limit\": null, \"expiry_type\": \"\", \"is_disabled\": 0, \"itemType_id\": 23, \"rec_per_inv\": 0, \"allow_borrow\": 0, \"is_consumable\": 0, \"laboratory_id\": \"1\", \"lead_time_prep\": null, \"rec_expiration\": 0, \"maintenance_interval\": null}'),(2,'INSERT','2025-03-04 12:34:04','2','10120257488',NULL,'{\"item_id\": \"10120257488\", \"add_cols\": \"{\\\"Grade (A, B, C)\\\": null}\", \"max_uses\": null, \"alert_qty\": 0, \"item_name\": \"Weighing scale\", \"qty_limit\": null, \"expiry_type\": \"\", \"is_disabled\": 0, \"itemType_id\": 3, \"rec_per_inv\": 0, \"allow_borrow\": 0, \"is_consumable\": 0, \"laboratory_id\": \"1\", \"lead_time_prep\": null, \"rec_expiration\": 0, \"maintenance_interval\": null}'),(3,'UPDATE','2025-03-04 12:38:25',NULL,'1','{\"item_id\": \"1\", \"add_cols\": \"{\\\"Nature\\\": \\\"Non-Organic\\\", \\\"Grade\\\": \\\"A+\\\", \\\"Location\\\": \\\"GK305\\\", \\\"Kind\\\": \\\"Solid\\\"}\", \"max_uses\": null, \"alert_qty\": 0, \"item_name\": \"Beaker\", \"qty_limit\": null, \"expiry_type\": null, \"is_disabled\": 1, \"itemType_id\": 2, \"rec_per_inv\": 0, \"allow_borrow\": 1, \"is_consumable\": 1, \"laboratory_id\": \"1\", \"lead_time_prep\": 0, \"rec_expiration\": 0, \"maintenance_interval\": null}','{\"item_id\": \"1\", \"add_cols\": \"{\\\"Nature\\\": \\\"Non-Organic\\\", \\\"Grade\\\": \\\"A+\\\", \\\"Location\\\": \\\"GK305\\\", \\\"Kind\\\": \\\"Solid\\\"}\", \"max_uses\": null, \"alert_qty\": 0, \"item_name\": \"Beaker\", \"qty_limit\": null, \"expiry_type\": null, \"is_disabled\": 1, \"itemType_id\": 2, \"rec_per_inv\": 0, \"allow_borrow\": 1, \"is_consumable\": 1, \"laboratory_id\": \"1\", \"lead_time_prep\": 0, \"rec_expiration\": 0, \"maintenance_interval\": null}'),(4,'UPDATE','2025-03-04 12:38:25',NULL,'10','{\"item_id\": \"10\", \"add_cols\": \"{\\\"Nature\\\": \\\"organic\\\", \\\"Grade\\\": \\\"normal\\\", \\\"Location\\\": \\\"gk204\\\", \\\"Kind\\\": \\\"liquid\\\"}\", \"max_uses\": null, \"alert_qty\": 0, \"item_name\": \"Iodine2\", \"qty_limit\": null, \"expiry_type\": null, \"is_disabled\": 1, \"itemType_id\": 1, \"rec_per_inv\": 0, \"allow_borrow\": 1, \"is_consumable\": 1, \"laboratory_id\": \"1\", \"lead_time_prep\": 0, \"rec_expiration\": 0, \"maintenance_interval\": null}','{\"item_id\": \"10\", \"add_cols\": \"{\\\"Nature\\\": \\\"organic\\\", \\\"Grade\\\": \\\"normal\\\", \\\"Location\\\": \\\"gk204\\\", \\\"Kind\\\": \\\"liquid\\\"}\", \"max_uses\": null, \"alert_qty\": 0, \"item_name\": \"Iodine2\", \"qty_limit\": null, \"expiry_type\": null, \"is_disabled\": 1, \"itemType_id\": 1, \"rec_per_inv\": 0, \"allow_borrow\": 1, \"is_consumable\": 1, \"laboratory_id\": \"1\", \"lead_time_prep\": 0, \"rec_expiration\": 0, \"maintenance_interval\": null}'),(5,'UPDATE','2025-03-04 12:38:25',NULL,'10120240031','{\"item_id\": \"10120240031\", \"add_cols\": \"{\\\"Brand\\\": \\\"Olympus BX53\\\"}\", \"max_uses\": null, \"alert_qty\": 0, \"item_name\": \"Microscope\", \"qty_limit\": null, \"expiry_type\": null, \"is_disabled\": 0, \"itemType_id\": 4, \"rec_per_inv\": 0, \"allow_borrow\": 0, \"is_consumable\": 0, \"laboratory_id\": \"2\", \"lead_time_prep\": 0, \"rec_expiration\": 0, \"maintenance_interval\": null}','{\"item_id\": \"10120240031\", \"add_cols\": \"{\\\"Brand\\\": \\\"Olympus BX53\\\"}\", \"max_uses\": null, \"alert_qty\": 0, \"item_name\": \"Microscope\", \"qty_limit\": null, \"expiry_type\": null, \"is_disabled\": 0, \"itemType_id\": 4, \"rec_per_inv\": 0, \"allow_borrow\": 0, \"is_consumable\": 0, \"laboratory_id\": \"2\", \"lead_time_prep\": 0, \"rec_expiration\": 0, \"maintenance_interval\": null}'),(6,'UPDATE','2025-03-04 12:38:25',NULL,'10120240186','{\"item_id\": \"10120240186\", \"add_cols\": \"{\\\"Nature\\\": \\\"Solid\\\", \\\"Grade\\\": \\\"Reagent\\\", \\\"chemical formula\\\": null, \\\"synonyms\\\": \\\"Saltpeter\\\"}\", \"max_uses\": null, \"alert_qty\": 5, \"item_name\": \"Potassium Nitrate\", \"qty_limit\": null, \"expiry_type\": \"Date\", \"is_disabled\": 0, \"itemType_id\": 1, \"rec_per_inv\": 0, \"allow_borrow\": 1, \"is_consumable\": 0, \"laboratory_id\": \"1\", \"lead_time_prep\": null, \"rec_expiration\": 1, \"maintenance_interval\": null}','{\"item_id\": \"10120240186\", \"add_cols\": \"{\\\"Nature\\\": \\\"Solid\\\", \\\"Grade\\\": \\\"Reagent\\\", \\\"chemical formula\\\": null, \\\"synonyms\\\": \\\"Saltpeter\\\"}\", \"max_uses\": null, \"alert_qty\": 5, \"item_name\": \"Potassium Nitrate\", \"qty_limit\": null, \"expiry_type\": \"Date\", \"is_disabled\": 0, \"itemType_id\": 1, \"rec_per_inv\": 0, \"allow_borrow\": 1, \"is_consumable\": 0, \"laboratory_id\": \"1\", \"lead_time_prep\": null, \"rec_expiration\": 1, \"maintenance_interval\": null}'),(7,'UPDATE','2025-03-04 12:38:25',NULL,'10120241077','{\"item_id\": \"10120241077\", \"add_cols\": \"{\\\"Nature\\\": \\\"solid\\\", \\\"Grade\\\": \\\"good\\\", \\\"chemical formula\\\": \\\"ace\\\", \\\"synonyms\\\": \\\"acetyl\\\"}\", \"max_uses\": null, \"alert_qty\": 0, \"item_name\": \"Acetylene\", \"qty_limit\": null, \"expiry_type\": null, \"is_disabled\": 0, \"itemType_id\": 1, \"rec_per_inv\": 0, \"allow_borrow\": 1, \"is_consumable\": 1, \"laboratory_id\": \"1\", \"lead_time_prep\": null, \"rec_expiration\": 0, \"maintenance_interval\": null}','{\"item_id\": \"10120241077\", \"add_cols\": \"{\\\"Nature\\\": \\\"solid\\\", \\\"Grade\\\": \\\"good\\\", \\\"chemical formula\\\": \\\"ace\\\", \\\"synonyms\\\": \\\"acetyl\\\"}\", \"max_uses\": null, \"alert_qty\": 0, \"item_name\": \"Acetylene\", \"qty_limit\": null, \"expiry_type\": null, \"is_disabled\": 0, \"itemType_id\": 1, \"rec_per_inv\": 0, \"allow_borrow\": 1, \"is_consumable\": 1, \"laboratory_id\": \"1\", \"lead_time_prep\": null, \"rec_expiration\": 0, \"maintenance_interval\": null}'),(8,'UPDATE','2025-03-04 12:38:25',NULL,'10120241939','{\"item_id\": \"10120241939\", \"add_cols\": \"{\\\"Grade (A, B, C)\\\": \\\"A\\\"}\", \"max_uses\": null, \"alert_qty\": 0, \"item_name\": \"Bunsen Burner\", \"qty_limit\": null, \"expiry_type\": null, \"is_disabled\": 0, \"itemType_id\": 3, \"rec_per_inv\": 1, \"allow_borrow\": 1, \"is_consumable\": 0, \"laboratory_id\": \"1\", \"lead_time_prep\": null, \"rec_expiration\": 0, \"maintenance_interval\": null}','{\"item_id\": \"10120241939\", \"add_cols\": \"{\\\"Grade (A, B, C)\\\": \\\"A\\\"}\", \"max_uses\": null, \"alert_qty\": 0, \"item_name\": \"Bunsen Burner\", \"qty_limit\": null, \"expiry_type\": null, \"is_disabled\": 0, \"itemType_id\": 3, \"rec_per_inv\": 1, \"allow_borrow\": 1, \"is_consumable\": 0, \"laboratory_id\": \"1\", \"lead_time_prep\": null, \"rec_expiration\": 0, \"maintenance_interval\": null}'),(9,'UPDATE','2025-03-04 12:38:25',NULL,'10120241950','{\"item_id\": \"10120241950\", \"add_cols\": \"{\\\"Brand\\\": \\\"Fluke 87V\\\"}\", \"max_uses\": null, \"alert_qty\": 0, \"item_name\": \"Voltmeter\", \"qty_limit\": null, \"expiry_type\": null, \"is_disabled\": 0, \"itemType_id\": 4, \"rec_per_inv\": 0, \"allow_borrow\": 0, \"is_consumable\": 0, \"laboratory_id\": \"2\", \"lead_time_prep\": 0, \"rec_expiration\": 0, \"maintenance_interval\": null}','{\"item_id\": \"10120241950\", \"add_cols\": \"{\\\"Brand\\\": \\\"Fluke 87V\\\"}\", \"max_uses\": null, \"alert_qty\": 0, \"item_name\": \"Voltmeter\", \"qty_limit\": null, \"expiry_type\": null, \"is_disabled\": 0, \"itemType_id\": 4, \"rec_per_inv\": 0, \"allow_borrow\": 0, \"is_consumable\": 0, \"laboratory_id\": \"2\", \"lead_time_prep\": 0, \"rec_expiration\": 0, \"maintenance_interval\": null}'),(10,'UPDATE','2025-03-04 12:38:25',NULL,'10120242377','{\"item_id\": \"10120242377\", \"add_cols\": \"{\\\"Nature\\\": \\\"Solid\\\", \\\"Grade\\\": \\\"Analytical\\\", \\\"chemical formula\\\": null, \\\"synonyms\\\": \\\"Limestone\\\"}\", \"max_uses\": null, \"alert_qty\": 10, \"item_name\": \"Calcium Carbonate\", \"qty_limit\": null, \"expiry_type\": null, \"is_disabled\": 0, \"itemType_id\": 1, \"rec_per_inv\": 0, \"allow_borrow\": 1, \"is_consumable\": 0, \"laboratory_id\": \"1\", \"lead_time_prep\": null, \"rec_expiration\": 0, \"maintenance_interval\": null}','{\"item_id\": \"10120242377\", \"add_cols\": \"{\\\"Nature\\\": \\\"Solid\\\", \\\"Grade\\\": \\\"Analytical\\\", \\\"chemical formula\\\": null, \\\"synonyms\\\": \\\"Limestone\\\"}\", \"max_uses\": null, \"alert_qty\": 10, \"item_name\": \"Calcium Carbonate\", \"qty_limit\": null, \"expiry_type\": null, \"is_disabled\": 0, \"itemType_id\": 1, \"rec_per_inv\": 0, \"allow_borrow\": 1, \"is_consumable\": 0, \"laboratory_id\": \"1\", \"lead_time_prep\": null, \"rec_expiration\": 0, \"maintenance_interval\": null}'),(11,'UPDATE','2025-03-04 12:38:25',NULL,'10120242485','{\"item_id\": \"10120242485\", \"add_cols\": \"{\\\"Brand\\\": \\\"Linde\\\", \\\"Cylinder (5 L, 10 L)\\\": null}\", \"max_uses\": null, \"alert_qty\": 0, \"item_name\": \"Acetylene\", \"qty_limit\": null, \"expiry_type\": null, \"is_disabled\": 1, \"itemType_id\": null, \"rec_per_inv\": 0, \"allow_borrow\": 0, \"is_consumable\": 0, \"laboratory_id\": \"1\", \"lead_time_prep\": 0, \"rec_expiration\": 0, \"maintenance_interval\": null}','{\"item_id\": \"10120242485\", \"add_cols\": \"{\\\"Brand\\\": \\\"Linde\\\", \\\"Cylinder (5 L, 10 L)\\\": null}\", \"max_uses\": null, \"alert_qty\": 0, \"item_name\": \"Acetylene\", \"qty_limit\": null, \"expiry_type\": null, \"is_disabled\": 1, \"itemType_id\": null, \"rec_per_inv\": 0, \"allow_borrow\": 0, \"is_consumable\": 0, \"laboratory_id\": \"1\", \"lead_time_prep\": 0, \"rec_expiration\": 0, \"maintenance_interval\": null}'),(12,'UPDATE','2025-03-04 12:38:25',NULL,'10120242830','{\"item_id\": \"10120242830\", \"add_cols\": \"{\\\"Grade (A, B, C)\\\": \\\"B\\\"}\", \"max_uses\": null, \"alert_qty\": 0, \"item_name\": \"Microscope\", \"qty_limit\": null, \"expiry_type\": null, \"is_disabled\": 0, \"itemType_id\": 3, \"rec_per_inv\": 1, \"allow_borrow\": 1, \"is_consumable\": 0, \"laboratory_id\": \"1\", \"lead_time_prep\": null, \"rec_expiration\": 0, \"maintenance_interval\": null}','{\"item_id\": \"10120242830\", \"add_cols\": \"{\\\"Grade (A, B, C)\\\": \\\"B\\\"}\", \"max_uses\": null, \"alert_qty\": 0, \"item_name\": \"Microscope\", \"qty_limit\": null, \"expiry_type\": null, \"is_disabled\": 0, \"itemType_id\": 3, \"rec_per_inv\": 1, \"allow_borrow\": 1, \"is_consumable\": 0, \"laboratory_id\": \"1\", \"lead_time_prep\": null, \"rec_expiration\": 0, \"maintenance_interval\": null}'),(13,'UPDATE','2025-03-04 12:38:25',NULL,'10120243607','{\"item_id\": \"10120243607\", \"add_cols\": \"{\\\"Nature\\\": \\\"Solid\\\", \\\"Grade\\\": \\\"Reagent\\\", \\\"chemical formula\\\": null, \\\"synonyms\\\": \\\"Epsom salt\\\"}\", \"max_uses\": null, \"alert_qty\": 7, \"item_name\": \"Magnesium Sulfate\", \"qty_limit\": null, \"expiry_type\": null, \"is_disabled\": 0, \"itemType_id\": 1, \"rec_per_inv\": 1, \"allow_borrow\": 1, \"is_consumable\": 0, \"laboratory_id\": \"1\", \"lead_time_prep\": null, \"rec_expiration\": 0, \"maintenance_interval\": null}','{\"item_id\": \"10120243607\", \"add_cols\": \"{\\\"Nature\\\": \\\"Solid\\\", \\\"Grade\\\": \\\"Reagent\\\", \\\"chemical formula\\\": null, \\\"synonyms\\\": \\\"Epsom salt\\\"}\", \"max_uses\": null, \"alert_qty\": 7, \"item_name\": \"Magnesium Sulfate\", \"qty_limit\": null, \"expiry_type\": null, \"is_disabled\": 0, \"itemType_id\": 1, \"rec_per_inv\": 1, \"allow_borrow\": 1, \"is_consumable\": 0, \"laboratory_id\": \"1\", \"lead_time_prep\": null, \"rec_expiration\": 0, \"maintenance_interval\": null}'),(14,'UPDATE','2025-03-04 12:38:25',NULL,'10120243666','{\"item_id\": \"10120243666\", \"add_cols\": \"{\\\"Brand\\\": \\\"Ocean Optics\\\"}\", \"max_uses\": null, \"alert_qty\": 0, \"item_name\": \"Spectrometer\", \"qty_limit\": null, \"expiry_type\": null, \"is_disabled\": 0, \"itemType_id\": 4, \"rec_per_inv\": 0, \"allow_borrow\": 0, \"is_consumable\": 0, \"laboratory_id\": \"2\", \"lead_time_prep\": 0, \"rec_expiration\": 0, \"maintenance_interval\": null}','{\"item_id\": \"10120243666\", \"add_cols\": \"{\\\"Brand\\\": \\\"Ocean Optics\\\"}\", \"max_uses\": null, \"alert_qty\": 0, \"item_name\": \"Spectrometer\", \"qty_limit\": null, \"expiry_type\": null, \"is_disabled\": 0, \"itemType_id\": 4, \"rec_per_inv\": 0, \"allow_borrow\": 0, \"is_consumable\": 0, \"laboratory_id\": \"2\", \"lead_time_prep\": 0, \"rec_expiration\": 0, \"maintenance_interval\": null}'),(15,'UPDATE','2025-03-04 12:38:25',NULL,'10120243849','{\"item_id\": \"10120243849\", \"add_cols\": \"{\\\"Brand\\\": \\\"Murata\\\"}\", \"max_uses\": null, \"alert_qty\": 0, \"item_name\": \"Ammeter\", \"qty_limit\": null, \"expiry_type\": null, \"is_disabled\": 0, \"itemType_id\": 4, \"rec_per_inv\": 0, \"allow_borrow\": 0, \"is_consumable\": 0, \"laboratory_id\": \"2\", \"lead_time_prep\": 0, \"rec_expiration\": 0, \"maintenance_interval\": null}','{\"item_id\": \"10120243849\", \"add_cols\": \"{\\\"Brand\\\": \\\"Murata\\\"}\", \"max_uses\": null, \"alert_qty\": 0, \"item_name\": \"Ammeter\", \"qty_limit\": null, \"expiry_type\": null, \"is_disabled\": 0, \"itemType_id\": 4, \"rec_per_inv\": 0, \"allow_borrow\": 0, \"is_consumable\": 0, \"laboratory_id\": \"2\", \"lead_time_prep\": 0, \"rec_expiration\": 0, \"maintenance_interval\": null}'),(16,'UPDATE','2025-03-04 12:38:25',NULL,'10120243969','{\"item_id\": \"10120243969\", \"add_cols\": \"{\\\"Brand\\\": \\\"ScannerMAX\\\"}\", \"max_uses\": null, \"alert_qty\": 3, \"item_name\": \"Galvanometer\", \"qty_limit\": null, \"expiry_type\": null, \"is_disabled\": 0, \"itemType_id\": 4, \"rec_per_inv\": 0, \"allow_borrow\": 0, \"is_consumable\": 0, \"laboratory_id\": \"2\", \"lead_time_prep\": 0, \"rec_expiration\": 0, \"maintenance_interval\": null}','{\"item_id\": \"10120243969\", \"add_cols\": \"{\\\"Brand\\\": \\\"ScannerMAX\\\"}\", \"max_uses\": null, \"alert_qty\": 3, \"item_name\": \"Galvanometer\", \"qty_limit\": null, \"expiry_type\": null, \"is_disabled\": 0, \"itemType_id\": 4, \"rec_per_inv\": 0, \"allow_borrow\": 0, \"is_consumable\": 0, \"laboratory_id\": \"2\", \"lead_time_prep\": 0, \"rec_expiration\": 0, \"maintenance_interval\": null}'),(17,'UPDATE','2025-03-04 12:38:25',NULL,'10120244169','{\"item_id\": \"10120244169\", \"add_cols\": \"{\\\"Nature\\\": \\\"Non-Organic\\\", \\\"Grade\\\": \\\"A+ss\\\", \\\"chemical formula\\\": \\\"AcA\\\", \\\"synonyms\\\": \\\"HAHA\\\"}\", \"max_uses\": null, \"alert_qty\": 0, \"item_name\": \"Acetic Acid\", \"qty_limit\": null, \"expiry_type\": null, \"is_disabled\": 0, \"itemType_id\": 1, \"rec_per_inv\": 0, \"allow_borrow\": 1, \"is_consumable\": 0, \"laboratory_id\": \"1\", \"lead_time_prep\": null, \"rec_expiration\": 0, \"maintenance_interval\": null}','{\"item_id\": \"10120244169\", \"add_cols\": \"{\\\"Nature\\\": \\\"Non-Organic\\\", \\\"Grade\\\": \\\"A+ss\\\", \\\"chemical formula\\\": \\\"AcA\\\", \\\"synonyms\\\": \\\"HAHA\\\"}\", \"max_uses\": null, \"alert_qty\": 0, \"item_name\": \"Acetic Acid\", \"qty_limit\": null, \"expiry_type\": null, \"is_disabled\": 0, \"itemType_id\": 1, \"rec_per_inv\": 0, \"allow_borrow\": 1, \"is_consumable\": 0, \"laboratory_id\": \"1\", \"lead_time_prep\": null, \"rec_expiration\": 0, \"maintenance_interval\": null}'),(18,'UPDATE','2025-03-04 12:38:25',NULL,'10120245963','{\"item_id\": \"10120245963\", \"add_cols\": \"{}\", \"max_uses\": null, \"alert_qty\": 0, \"item_name\": \"Beakers\", \"qty_limit\": null, \"expiry_type\": null, \"is_disabled\": 0, \"itemType_id\": 8, \"rec_per_inv\": 0, \"allow_borrow\": 0, \"is_consumable\": 0, \"laboratory_id\": \"2\", \"lead_time_prep\": 0, \"rec_expiration\": 0, \"maintenance_interval\": null}','{\"item_id\": \"10120245963\", \"add_cols\": \"{}\", \"max_uses\": null, \"alert_qty\": 0, \"item_name\": \"Beakers\", \"qty_limit\": null, \"expiry_type\": null, \"is_disabled\": 0, \"itemType_id\": 8, \"rec_per_inv\": 0, \"allow_borrow\": 0, \"is_consumable\": 0, \"laboratory_id\": \"2\", \"lead_time_prep\": 0, \"rec_expiration\": 0, \"maintenance_interval\": null}'),(19,'UPDATE','2025-03-04 12:38:25',NULL,'10120246239','{\"item_id\": \"10120246239\", \"add_cols\": \"{\\\"Nature\\\": \\\"Solid\\\", \\\"Grade\\\": \\\"Laboratory\\\", \\\"chemical formula\\\": null, \\\"synonyms\\\": \\\"Diammonium sulfate\\\"}\", \"max_uses\": null, \"alert_qty\": 8, \"item_name\": \"Ammonium Sulfate\", \"qty_limit\": null, \"expiry_type\": \"Date\", \"is_disabled\": 0, \"itemType_id\": 1, \"rec_per_inv\": 0, \"allow_borrow\": 1, \"is_consumable\": 0, \"laboratory_id\": \"1\", \"lead_time_prep\": null, \"rec_expiration\": 1, \"maintenance_interval\": null}','{\"item_id\": \"10120246239\", \"add_cols\": \"{\\\"Nature\\\": \\\"Solid\\\", \\\"Grade\\\": \\\"Laboratory\\\", \\\"chemical formula\\\": null, \\\"synonyms\\\": \\\"Diammonium sulfate\\\"}\", \"max_uses\": null, \"alert_qty\": 8, \"item_name\": \"Ammonium Sulfate\", \"qty_limit\": null, \"expiry_type\": \"Date\", \"is_disabled\": 0, \"itemType_id\": 1, \"rec_per_inv\": 0, \"allow_borrow\": 1, \"is_consumable\": 0, \"laboratory_id\": \"1\", \"lead_time_prep\": null, \"rec_expiration\": 1, \"maintenance_interval\": null}'),(20,'UPDATE','2025-03-04 12:38:25',NULL,'10120246258','{\"item_id\": \"10120246258\", \"add_cols\": \"{\\\"Brand\\\": \\\"Linde\\\", \\\"Cylinder (5 L, 10 L)\\\": null}\", \"max_uses\": null, \"alert_qty\": 0, \"item_name\": \"Acetylene\", \"qty_limit\": null, \"expiry_type\": null, \"is_disabled\": 1, \"itemType_id\": null, \"rec_per_inv\": 0, \"allow_borrow\": 0, \"is_consumable\": 0, \"laboratory_id\": \"1\", \"lead_time_prep\": 0, \"rec_expiration\": 0, \"maintenance_interval\": null}','{\"item_id\": \"10120246258\", \"add_cols\": \"{\\\"Brand\\\": \\\"Linde\\\", \\\"Cylinder (5 L, 10 L)\\\": null}\", \"max_uses\": null, \"alert_qty\": 0, \"item_name\": \"Acetylene\", \"qty_limit\": null, \"expiry_type\": null, \"is_disabled\": 1, \"itemType_id\": null, \"rec_per_inv\": 0, \"allow_borrow\": 0, \"is_consumable\": 0, \"laboratory_id\": \"1\", \"lead_time_prep\": 0, \"rec_expiration\": 0, \"maintenance_interval\": null}'),(21,'UPDATE','2025-03-04 12:38:25',NULL,'10120246316','{\"item_id\": \"10120246316\", \"add_cols\": \"{\\\"Brand\\\": \\\"Bosch\\\"}\", \"max_uses\": null, \"alert_qty\": 0, \"item_name\": \"Multimeter\", \"qty_limit\": null, \"expiry_type\": null, \"is_disabled\": 0, \"itemType_id\": 12, \"rec_per_inv\": 1, \"allow_borrow\": 0, \"is_consumable\": 0, \"laboratory_id\": \"90120243485\", \"lead_time_prep\": 0, \"rec_expiration\": 0, \"maintenance_interval\": null}','{\"item_id\": \"10120246316\", \"add_cols\": \"{\\\"Brand\\\": \\\"Bosch\\\"}\", \"max_uses\": null, \"alert_qty\": 0, \"item_name\": \"Multimeter\", \"qty_limit\": null, \"expiry_type\": null, \"is_disabled\": 0, \"itemType_id\": 12, \"rec_per_inv\": 1, \"allow_borrow\": 0, \"is_consumable\": 0, \"laboratory_id\": \"90120243485\", \"lead_time_prep\": 0, \"rec_expiration\": 0, \"maintenance_interval\": null}'),(22,'UPDATE','2025-03-04 12:38:25',NULL,'10120246341','{\"item_id\": \"10120246341\", \"add_cols\": \"{}\", \"max_uses\": null, \"alert_qty\": 0, \"item_name\": \"Flasks\", \"qty_limit\": null, \"expiry_type\": null, \"is_disabled\": 0, \"itemType_id\": 8, \"rec_per_inv\": 0, \"allow_borrow\": 0, \"is_consumable\": 0, \"laboratory_id\": \"2\", \"lead_time_prep\": 0, \"rec_expiration\": 0, \"maintenance_interval\": null}','{\"item_id\": \"10120246341\", \"add_cols\": \"{}\", \"max_uses\": null, \"alert_qty\": 0, \"item_name\": \"Flasks\", \"qty_limit\": null, \"expiry_type\": null, \"is_disabled\": 0, \"itemType_id\": 8, \"rec_per_inv\": 0, \"allow_borrow\": 0, \"is_consumable\": 0, \"laboratory_id\": \"2\", \"lead_time_prep\": 0, \"rec_expiration\": 0, \"maintenance_interval\": null}'),(23,'UPDATE','2025-03-04 12:38:25',NULL,'10120246430','{\"item_id\": \"10120246430\", \"add_cols\": \"{\\\"Grade (A, B, C)\\\": \\\"C\\\"}\", \"max_uses\": null, \"alert_qty\": 0, \"item_name\": \"pH Meter\", \"qty_limit\": null, \"expiry_type\": null, \"is_disabled\": 0, \"itemType_id\": 3, \"rec_per_inv\": 1, \"allow_borrow\": 1, \"is_consumable\": 0, \"laboratory_id\": \"1\", \"lead_time_prep\": null, \"rec_expiration\": 0, \"maintenance_interval\": null}','{\"item_id\": \"10120246430\", \"add_cols\": \"{\\\"Grade (A, B, C)\\\": \\\"C\\\"}\", \"max_uses\": null, \"alert_qty\": 0, \"item_name\": \"pH Meter\", \"qty_limit\": null, \"expiry_type\": null, \"is_disabled\": 0, \"itemType_id\": 3, \"rec_per_inv\": 1, \"allow_borrow\": 1, \"is_consumable\": 0, \"laboratory_id\": \"1\", \"lead_time_prep\": null, \"rec_expiration\": 0, \"maintenance_interval\": null}'),(24,'UPDATE','2025-03-04 12:38:25',NULL,'10120246711','{\"item_id\": \"10120246711\", \"add_cols\": \"{\\\"Nature\\\": \\\"Glass\\\", \\\"Brand\\\": \\\"VWR\\\", \\\"Location\\\": \\\"Shelf D\\\", \\\"Status\\\": \\\"Used\\\", \\\"L or S\\\": null, \\\"Capacity\\\": \\\"10 mL\\\", \\\"Dimension\\\": \\\"1.5 cm x 10 cm\\\"}\", \"max_uses\": null, \"alert_qty\": 0, \"item_name\": \"Test Tube\", \"qty_limit\": null, \"expiry_type\": null, \"is_disabled\": 0, \"itemType_id\": 2, \"rec_per_inv\": 0, \"allow_borrow\": 1, \"is_consumable\": 0, \"laboratory_id\": \"1\", \"lead_time_prep\": null, \"rec_expiration\": 0, \"maintenance_interval\": null}','{\"item_id\": \"10120246711\", \"add_cols\": \"{\\\"Nature\\\": \\\"Glass\\\", \\\"Brand\\\": \\\"VWR\\\", \\\"Location\\\": \\\"Shelf D\\\", \\\"Status\\\": \\\"Used\\\", \\\"L or S\\\": null, \\\"Capacity\\\": \\\"10 mL\\\", \\\"Dimension\\\": \\\"1.5 cm x 10 cm\\\"}\", \"max_uses\": null, \"alert_qty\": 0, \"item_name\": \"Test Tube\", \"qty_limit\": null, \"expiry_type\": null, \"is_disabled\": 0, \"itemType_id\": 2, \"rec_per_inv\": 0, \"allow_borrow\": 1, \"is_consumable\": 0, \"laboratory_id\": \"1\", \"lead_time_prep\": null, \"rec_expiration\": 0, \"maintenance_interval\": null}'),(25,'UPDATE','2025-03-04 12:38:25',NULL,'10120247205','{\"item_id\": \"10120247205\", \"add_cols\": \"{\\\"Nature\\\": \\\"Glass\\\", \\\"Brand\\\": \\\"Fisher\\\", \\\"Location\\\": \\\"Shelf E\\\", \\\"Status\\\": \\\"New\\\", \\\"L or S\\\": null, \\\"Capacity\\\": \\\"1000 mL\\\", \\\"Dimension\\\": \\\"12 cm x 25 cm\\\"}\", \"max_uses\": null, \"alert_qty\": 0, \"item_name\": \"Volumetric Flask\", \"qty_limit\": null, \"expiry_type\": null, \"is_disabled\": 0, \"itemType_id\": 2, \"rec_per_inv\": 0, \"allow_borrow\": 0, \"is_consumable\": 0, \"laboratory_id\": \"1\", \"lead_time_prep\": 0, \"rec_expiration\": 0, \"maintenance_interval\": null}','{\"item_id\": \"10120247205\", \"add_cols\": \"{\\\"Nature\\\": \\\"Glass\\\", \\\"Brand\\\": \\\"Fisher\\\", \\\"Location\\\": \\\"Shelf E\\\", \\\"Status\\\": \\\"New\\\", \\\"L or S\\\": null, \\\"Capacity\\\": \\\"1000 mL\\\", \\\"Dimension\\\": \\\"12 cm x 25 cm\\\"}\", \"max_uses\": null, \"alert_qty\": 0, \"item_name\": \"Volumetric Flask\", \"qty_limit\": null, \"expiry_type\": null, \"is_disabled\": 0, \"itemType_id\": 2, \"rec_per_inv\": 0, \"allow_borrow\": 0, \"is_consumable\": 0, \"laboratory_id\": \"1\", \"lead_time_prep\": 0, \"rec_expiration\": 0, \"maintenance_interval\": null}'),(26,'UPDATE','2025-03-04 12:38:25',NULL,'10120247264','{\"item_id\": \"10120247264\", \"add_cols\": \"{\\\"Grade (A, B, C)\\\": \\\"B\\\"}\", \"max_uses\": null, \"alert_qty\": 0, \"item_name\": \"Hot Plate\", \"qty_limit\": null, \"expiry_type\": null, \"is_disabled\": 0, \"itemType_id\": 3, \"rec_per_inv\": 1, \"allow_borrow\": 0, \"is_consumable\": 0, \"laboratory_id\": \"1\", \"lead_time_prep\": 0, \"rec_expiration\": 0, \"maintenance_interval\": null}','{\"item_id\": \"10120247264\", \"add_cols\": \"{\\\"Grade (A, B, C)\\\": \\\"B\\\"}\", \"max_uses\": null, \"alert_qty\": 0, \"item_name\": \"Hot Plate\", \"qty_limit\": null, \"expiry_type\": null, \"is_disabled\": 0, \"itemType_id\": 3, \"rec_per_inv\": 1, \"allow_borrow\": 0, \"is_consumable\": 0, \"laboratory_id\": \"1\", \"lead_time_prep\": 0, \"rec_expiration\": 0, \"maintenance_interval\": null}'),(27,'UPDATE','2025-03-04 12:38:25',NULL,'10120247432','{\"item_id\": \"10120247432\", \"add_cols\": \"{\\\"Brand\\\": \\\"Bosch\\\"}\", \"max_uses\": null, \"alert_qty\": 0, \"item_name\": \"Multimeter\", \"qty_limit\": null, \"expiry_type\": null, \"is_disabled\": 1, \"itemType_id\": 12, \"rec_per_inv\": 1, \"allow_borrow\": 0, \"is_consumable\": 0, \"laboratory_id\": \"90120243485\", \"lead_time_prep\": 0, \"rec_expiration\": 0, \"maintenance_interval\": null}','{\"item_id\": \"10120247432\", \"add_cols\": \"{\\\"Brand\\\": \\\"Bosch\\\"}\", \"max_uses\": null, \"alert_qty\": 0, \"item_name\": \"Multimeter\", \"qty_limit\": null, \"expiry_type\": null, \"is_disabled\": 1, \"itemType_id\": 12, \"rec_per_inv\": 1, \"allow_borrow\": 0, \"is_consumable\": 0, \"laboratory_id\": \"90120243485\", \"lead_time_prep\": 0, \"rec_expiration\": 0, \"maintenance_interval\": null}'),(28,'UPDATE','2025-03-04 12:38:25',NULL,'10120247714','{\"item_id\": \"10120247714\", \"add_cols\": \"{\\\"Grade (A, B, C)\\\": \\\"B\\\"}\", \"max_uses\": null, \"alert_qty\": 5, \"item_name\": \"pH Meter\", \"qty_limit\": null, \"expiry_type\": \"Date\", \"is_disabled\": 0, \"itemType_id\": 3, \"rec_per_inv\": 0, \"allow_borrow\": 0, \"is_consumable\": 0, \"laboratory_id\": \"1\", \"lead_time_prep\": 0, \"rec_expiration\": 1, \"maintenance_interval\": null}','{\"item_id\": \"10120247714\", \"add_cols\": \"{\\\"Grade (A, B, C)\\\": \\\"B\\\"}\", \"max_uses\": null, \"alert_qty\": 5, \"item_name\": \"pH Meter\", \"qty_limit\": null, \"expiry_type\": \"Date\", \"is_disabled\": 0, \"itemType_id\": 3, \"rec_per_inv\": 0, \"allow_borrow\": 0, \"is_consumable\": 0, \"laboratory_id\": \"1\", \"lead_time_prep\": 0, \"rec_expiration\": 1, \"maintenance_interval\": null}'),(29,'UPDATE','2025-03-04 12:38:25',NULL,'10120247791','{\"item_id\": \"10120247791\", \"add_cols\": \"{\\\"Grade (A, B, C)\\\": \\\"C\\\"}\", \"max_uses\": null, \"alert_qty\": 0, \"item_name\": \"Bunsen Burner\", \"qty_limit\": null, \"expiry_type\": null, \"is_disabled\": 1, \"itemType_id\": 3, \"rec_per_inv\": 1, \"allow_borrow\": 0, \"is_consumable\": 0, \"laboratory_id\": \"1\", \"lead_time_prep\": 0, \"rec_expiration\": 0, \"maintenance_interval\": null}','{\"item_id\": \"10120247791\", \"add_cols\": \"{\\\"Grade (A, B, C)\\\": \\\"C\\\"}\", \"max_uses\": null, \"alert_qty\": 0, \"item_name\": \"Bunsen Burner\", \"qty_limit\": null, \"expiry_type\": null, \"is_disabled\": 1, \"itemType_id\": 3, \"rec_per_inv\": 1, \"allow_borrow\": 0, \"is_consumable\": 0, \"laboratory_id\": \"1\", \"lead_time_prep\": 0, \"rec_expiration\": 0, \"maintenance_interval\": null}'),(30,'UPDATE','2025-03-04 12:38:25',NULL,'10120247977','{\"item_id\": \"10120247977\", \"add_cols\": \"{\\\"Brand\\\": \\\"Tektronix TBS1052B\\\"}\", \"max_uses\": null, \"alert_qty\": 0, \"item_name\": \"Oscilloscope\", \"qty_limit\": null, \"expiry_type\": null, \"is_disabled\": 0, \"itemType_id\": 4, \"rec_per_inv\": 0, \"allow_borrow\": 0, \"is_consumable\": 0, \"laboratory_id\": \"2\", \"lead_time_prep\": 0, \"rec_expiration\": 0, \"maintenance_interval\": null}','{\"item_id\": \"10120247977\", \"add_cols\": \"{\\\"Brand\\\": \\\"Tektronix TBS1052B\\\"}\", \"max_uses\": null, \"alert_qty\": 0, \"item_name\": \"Oscilloscope\", \"qty_limit\": null, \"expiry_type\": null, \"is_disabled\": 0, \"itemType_id\": 4, \"rec_per_inv\": 0, \"allow_borrow\": 0, \"is_consumable\": 0, \"laboratory_id\": \"2\", \"lead_time_prep\": 0, \"rec_expiration\": 0, \"maintenance_interval\": null}'),(31,'UPDATE','2025-03-04 12:38:25',NULL,'10120248037','{\"item_id\": \"10120248037\", \"add_cols\": \"{\\\"Nature\\\": \\\"Glass\\\", \\\"Brand\\\": \\\"Kimble\\\", \\\"Location\\\": \\\"Shelf B\\\", \\\"Status\\\": \\\"Used\\\", \\\"L or S\\\": null, \\\"Capacity\\\": \\\"250 mL\\\", \\\"Dimension\\\": \\\"8 cm x 14 cm\\\"}\", \"max_uses\": null, \"alert_qty\": 15, \"item_name\": \"Erlenmeyer Flask\", \"qty_limit\": null, \"expiry_type\": null, \"is_disabled\": 0, \"itemType_id\": 2, \"rec_per_inv\": 0, \"allow_borrow\": 0, \"is_consumable\": 0, \"laboratory_id\": \"1\", \"lead_time_prep\": 0, \"rec_expiration\": 0, \"maintenance_interval\": null}','{\"item_id\": \"10120248037\", \"add_cols\": \"{\\\"Nature\\\": \\\"Glass\\\", \\\"Brand\\\": \\\"Kimble\\\", \\\"Location\\\": \\\"Shelf B\\\", \\\"Status\\\": \\\"Used\\\", \\\"L or S\\\": null, \\\"Capacity\\\": \\\"250 mL\\\", \\\"Dimension\\\": \\\"8 cm x 14 cm\\\"}\", \"max_uses\": null, \"alert_qty\": 15, \"item_name\": \"Erlenmeyer Flask\", \"qty_limit\": null, \"expiry_type\": null, \"is_disabled\": 0, \"itemType_id\": 2, \"rec_per_inv\": 0, \"allow_borrow\": 0, \"is_consumable\": 0, \"laboratory_id\": \"1\", \"lead_time_prep\": 0, \"rec_expiration\": 0, \"maintenance_interval\": null}'),(32,'UPDATE','2025-03-04 12:38:25',NULL,'10120248163','{\"item_id\": \"10120248163\", \"add_cols\": \"{\\\"Grade (A, B, C)\\\": \\\"A\\\"}\", \"max_uses\": null, \"alert_qty\": 0, \"item_name\": \"Centrifuge\", \"qty_limit\": null, \"expiry_type\": \"Maintenance\", \"is_disabled\": 0, \"itemType_id\": 3, \"rec_per_inv\": 1, \"allow_borrow\": 0, \"is_consumable\": 0, \"laboratory_id\": \"1\", \"lead_time_prep\": 0, \"rec_expiration\": 0, \"maintenance_interval\": 2}','{\"item_id\": \"10120248163\", \"add_cols\": \"{\\\"Grade (A, B, C)\\\": \\\"A\\\"}\", \"max_uses\": null, \"alert_qty\": 0, \"item_name\": \"Centrifuge\", \"qty_limit\": null, \"expiry_type\": \"Maintenance\", \"is_disabled\": 0, \"itemType_id\": 3, \"rec_per_inv\": 1, \"allow_borrow\": 0, \"is_consumable\": 0, \"laboratory_id\": \"1\", \"lead_time_prep\": 0, \"rec_expiration\": 0, \"maintenance_interval\": 2}'),(33,'UPDATE','2025-03-04 12:38:25',NULL,'10120248885','{\"item_id\": \"10120248885\", \"add_cols\": \"{\\\"Grade (A, B, C)\\\": \\\"A\\\"}\", \"max_uses\": null, \"alert_qty\": 0, \"item_name\": \"Multimeter\", \"qty_limit\": null, \"expiry_type\": null, \"is_disabled\": 0, \"itemType_id\": 3, \"rec_per_inv\": 1, \"allow_borrow\": 0, \"is_consumable\": 0, \"laboratory_id\": \"1\", \"lead_time_prep\": 0, \"rec_expiration\": 0, \"maintenance_interval\": null}','{\"item_id\": \"10120248885\", \"add_cols\": \"{\\\"Grade (A, B, C)\\\": \\\"A\\\"}\", \"max_uses\": null, \"alert_qty\": 0, \"item_name\": \"Multimeter\", \"qty_limit\": null, \"expiry_type\": null, \"is_disabled\": 0, \"itemType_id\": 3, \"rec_per_inv\": 1, \"allow_borrow\": 0, \"is_consumable\": 0, \"laboratory_id\": \"1\", \"lead_time_prep\": 0, \"rec_expiration\": 0, \"maintenance_interval\": null}'),(34,'UPDATE','2025-03-04 12:38:25',NULL,'10120249352','{\"item_id\": \"10120249352\", \"add_cols\": \"{\\\"Nature\\\": \\\"Glass\\\", \\\"Brand\\\": \\\"Corning\\\", \\\"Location\\\": \\\"Shelf C\\\", \\\"Status\\\": \\\"New\\\", \\\"L or S\\\": null, \\\"Capacity\\\": \\\"100 mL\\\", \\\"Dimension\\\": \\\"3 cm x 30 cm\\\"}\", \"max_uses\": null, \"alert_qty\": 0, \"item_name\": \"Graduated Cylinder\", \"qty_limit\": null, \"expiry_type\": null, \"is_disabled\": 0, \"itemType_id\": 2, \"rec_per_inv\": 0, \"allow_borrow\": 0, \"is_consumable\": 0, \"laboratory_id\": \"1\", \"lead_time_prep\": 0, \"rec_expiration\": 0, \"maintenance_interval\": null}','{\"item_id\": \"10120249352\", \"add_cols\": \"{\\\"Nature\\\": \\\"Glass\\\", \\\"Brand\\\": \\\"Corning\\\", \\\"Location\\\": \\\"Shelf C\\\", \\\"Status\\\": \\\"New\\\", \\\"L or S\\\": null, \\\"Capacity\\\": \\\"100 mL\\\", \\\"Dimension\\\": \\\"3 cm x 30 cm\\\"}\", \"max_uses\": null, \"alert_qty\": 0, \"item_name\": \"Graduated Cylinder\", \"qty_limit\": null, \"expiry_type\": null, \"is_disabled\": 0, \"itemType_id\": 2, \"rec_per_inv\": 0, \"allow_borrow\": 0, \"is_consumable\": 0, \"laboratory_id\": \"1\", \"lead_time_prep\": 0, \"rec_expiration\": 0, \"maintenance_interval\": null}'),(35,'UPDATE','2025-03-04 12:38:25',NULL,'10120249488','{\"item_id\": \"10120249488\", \"add_cols\": \"{\\\"Nature\\\": \\\"Liquid\\\", \\\"Grade\\\": \\\"Glacial\\\", \\\"chemical formula\\\": null, \\\"synonyms\\\": \\\"Ethanoic acid\\\"}\", \"max_uses\": null, \"alert_qty\": 0, \"item_name\": \"Acetic Acid\", \"qty_limit\": null, \"expiry_type\": \"Date\", \"is_disabled\": 1, \"itemType_id\": 1, \"rec_per_inv\": 0, \"allow_borrow\": 1, \"is_consumable\": 1, \"laboratory_id\": \"1\", \"lead_time_prep\": 0, \"rec_expiration\": 1, \"maintenance_interval\": null}','{\"item_id\": \"10120249488\", \"add_cols\": \"{\\\"Nature\\\": \\\"Liquid\\\", \\\"Grade\\\": \\\"Glacial\\\", \\\"chemical formula\\\": null, \\\"synonyms\\\": \\\"Ethanoic acid\\\"}\", \"max_uses\": null, \"alert_qty\": 0, \"item_name\": \"Acetic Acid\", \"qty_limit\": null, \"expiry_type\": \"Date\", \"is_disabled\": 1, \"itemType_id\": 1, \"rec_per_inv\": 0, \"allow_borrow\": 1, \"is_consumable\": 1, \"laboratory_id\": \"1\", \"lead_time_prep\": 0, \"rec_expiration\": 1, \"maintenance_interval\": null}'),(36,'UPDATE','2025-03-04 12:38:25',NULL,'10120250304','{\"item_id\": \"10120250304\", \"add_cols\": \"{\\\"Grade\\\": \\\"A\\\", \\\"Nature\\\": \\\"liquid\\\", \\\"Quantity per Unit\\\": \\\"10\\\", \\\"Unit\\\": \\\"L\\\"}\", \"max_uses\": null, \"alert_qty\": 3, \"item_name\": \"Alcohol\", \"qty_limit\": null, \"expiry_type\": \"\", \"is_disabled\": 0, \"itemType_id\": 13, \"rec_per_inv\": 0, \"allow_borrow\": 0, \"is_consumable\": 0, \"laboratory_id\": \"90120245954\", \"lead_time_prep\": 0, \"rec_expiration\": 0, \"maintenance_interval\": null}','{\"item_id\": \"10120250304\", \"add_cols\": \"{\\\"Grade\\\": \\\"A\\\", \\\"Nature\\\": \\\"liquid\\\", \\\"Quantity per Unit\\\": \\\"10\\\", \\\"Unit\\\": \\\"L\\\"}\", \"max_uses\": null, \"alert_qty\": 3, \"item_name\": \"Alcohol\", \"qty_limit\": null, \"expiry_type\": \"\", \"is_disabled\": 0, \"itemType_id\": 13, \"rec_per_inv\": 0, \"allow_borrow\": 0, \"is_consumable\": 0, \"laboratory_id\": \"90120245954\", \"lead_time_prep\": 0, \"rec_expiration\": 0, \"maintenance_interval\": null}'),(37,'UPDATE','2025-03-04 12:38:25',NULL,'10120250497','{\"item_id\": \"10120250497\", \"add_cols\": \"{\\\"Category\\\": \\\"Safety\\\", \\\"Notes\\\": \\\"COu2082 type\\\"}\", \"max_uses\": null, \"alert_qty\": 0, \"item_name\": \"Fire Extinguisher\", \"qty_limit\": null, \"expiry_type\": \"\", \"is_disabled\": 0, \"itemType_id\": 22, \"rec_per_inv\": 0, \"allow_borrow\": 0, \"is_consumable\": 0, \"laboratory_id\": \"90120257523\", \"lead_time_prep\": 0, \"rec_expiration\": 0, \"maintenance_interval\": null}','{\"item_id\": \"10120250497\", \"add_cols\": \"{\\\"Category\\\": \\\"Safety\\\", \\\"Notes\\\": \\\"COu2082 type\\\"}\", \"max_uses\": null, \"alert_qty\": 0, \"item_name\": \"Fire Extinguisher\", \"qty_limit\": null, \"expiry_type\": \"\", \"is_disabled\": 0, \"itemType_id\": 22, \"rec_per_inv\": 0, \"allow_borrow\": 0, \"is_consumable\": 0, \"laboratory_id\": \"90120257523\", \"lead_time_prep\": 0, \"rec_expiration\": 0, \"maintenance_interval\": null}'),(38,'UPDATE','2025-03-04 12:38:25',NULL,'10120250500','{\"item_id\": \"10120250500\", \"add_cols\": \"{\\\"Capacity\\\": null}\", \"max_uses\": null, \"alert_qty\": 0, \"item_name\": \" Beaker\", \"qty_limit\": null, \"expiry_type\": \"\", \"is_disabled\": 0, \"itemType_id\": 14, \"rec_per_inv\": 0, \"allow_borrow\": 0, \"is_consumable\": 0, \"laboratory_id\": \"90120245954\", \"lead_time_prep\": 0, \"rec_expiration\": 0, \"maintenance_interval\": null}','{\"item_id\": \"10120250500\", \"add_cols\": \"{\\\"Capacity\\\": null}\", \"max_uses\": null, \"alert_qty\": 0, \"item_name\": \" Beaker\", \"qty_limit\": null, \"expiry_type\": \"\", \"is_disabled\": 0, \"itemType_id\": 14, \"rec_per_inv\": 0, \"allow_borrow\": 0, \"is_consumable\": 0, \"laboratory_id\": \"90120245954\", \"lead_time_prep\": 0, \"rec_expiration\": 0, \"maintenance_interval\": null}'),(39,'UPDATE','2025-03-04 12:38:25',NULL,'10120250612','{\"item_id\": \"10120250612\", \"add_cols\": \"{\\\"Type\\\": \\\"Measurement Tool\\\", \\\"Condition\\\": \\\"Used\\\", \\\"Specifications / Notes\\\": \\\"0-25mm range, 0.01mm accuracy\\\"}\", \"max_uses\": null, \"alert_qty\": 0, \"item_name\": \"Micrometer Screw Gauge\", \"qty_limit\": null, \"expiry_type\": \"\", \"is_disabled\": 0, \"itemType_id\": 19, \"rec_per_inv\": 0, \"allow_borrow\": 0, \"is_consumable\": 0, \"laboratory_id\": \"90120257523\", \"lead_time_prep\": 0, \"rec_expiration\": 0, \"maintenance_interval\": null}','{\"item_id\": \"10120250612\", \"add_cols\": \"{\\\"Type\\\": \\\"Measurement Tool\\\", \\\"Condition\\\": \\\"Used\\\", \\\"Specifications / Notes\\\": \\\"0-25mm range, 0.01mm accuracy\\\"}\", \"max_uses\": null, \"alert_qty\": 0, \"item_name\": \"Micrometer Screw Gauge\", \"qty_limit\": null, \"expiry_type\": \"\", \"is_disabled\": 0, \"itemType_id\": 19, \"rec_per_inv\": 0, \"allow_borrow\": 0, \"is_consumable\": 0, \"laboratory_id\": \"90120257523\", \"lead_time_prep\": 0, \"rec_expiration\": 0, \"maintenance_interval\": null}'),(40,'UPDATE','2025-03-04 12:38:25',NULL,'10120250673','{\"item_id\": \"10120250673\", \"add_cols\": \"{\\\"Category\\\": \\\"Laptop\\\", \\\"Condition\\\": \\\"Good\\\"}\", \"max_uses\": null, \"alert_qty\": 0, \"item_name\": \"HP EliteBook 840 G8\", \"qty_limit\": null, \"expiry_type\": \"\", \"is_disabled\": 0, \"itemType_id\": 16, \"rec_per_inv\": 0, \"allow_borrow\": 0, \"is_consumable\": 0, \"laboratory_id\": \"90120242184\", \"lead_time_prep\": 0, \"rec_expiration\": 0, \"maintenance_interval\": null}','{\"item_id\": \"10120250673\", \"add_cols\": \"{\\\"Category\\\": \\\"Laptop\\\", \\\"Condition\\\": \\\"Good\\\"}\", \"max_uses\": null, \"alert_qty\": 0, \"item_name\": \"HP EliteBook 840 G8\", \"qty_limit\": null, \"expiry_type\": \"\", \"is_disabled\": 0, \"itemType_id\": 16, \"rec_per_inv\": 0, \"allow_borrow\": 0, \"is_consumable\": 0, \"laboratory_id\": \"90120242184\", \"lead_time_prep\": 0, \"rec_expiration\": 0, \"maintenance_interval\": null}'),(41,'UPDATE','2025-03-04 12:38:25',NULL,'10120250846','{\"item_id\": \"10120250846\", \"add_cols\": \"{\\\"Nature\\\": \\\"acid\\\", \\\"Grade\\\": \\\"normal\\\", \\\"chemical formula\\\": NaN, \\\"synonyms\\\": NaN}\", \"max_uses\": null, \"alert_qty\": 0, \"item_name\": \"Sulphuric Acid\", \"qty_limit\": null, \"expiry_type\": null, \"is_disabled\": 0, \"itemType_id\": 1, \"rec_per_inv\": 0, \"allow_borrow\": 0, \"is_consumable\": 0, \"laboratory_id\": \"1\", \"lead_time_prep\": 0, \"rec_expiration\": 0, \"maintenance_interval\": null}','{\"item_id\": \"10120250846\", \"add_cols\": \"{\\\"Nature\\\": \\\"acid\\\", \\\"Grade\\\": \\\"normal\\\", \\\"chemical formula\\\": NaN, \\\"synonyms\\\": NaN}\", \"max_uses\": null, \"alert_qty\": 0, \"item_name\": \"Sulphuric Acid\", \"qty_limit\": null, \"expiry_type\": null, \"is_disabled\": 0, \"itemType_id\": 1, \"rec_per_inv\": 0, \"allow_borrow\": 0, \"is_consumable\": 0, \"laboratory_id\": \"1\", \"lead_time_prep\": 0, \"rec_expiration\": 0, \"maintenance_interval\": null}'),(42,'UPDATE','2025-03-04 12:38:25',NULL,'10120251419','{\"item_id\": \"10120251419\", \"add_cols\": \"{\\\"Nature\\\": \\\"inorganic\\\", \\\"Grade\\\": \\\"acid\\\", \\\"chemical formula\\\": \\\"NHO3\\\", \\\"synonyms\\\": \\\"nitrogen oxoacid\\\"}\", \"max_uses\": null, \"alert_qty\": 0, \"item_name\": \"Nitric Acid\", \"qty_limit\": null, \"expiry_type\": \"\", \"is_disabled\": 0, \"itemType_id\": 1, \"rec_per_inv\": 0, \"allow_borrow\": 0, \"is_consumable\": 0, \"laboratory_id\": \"1\", \"lead_time_prep\": 0, \"rec_expiration\": 0, \"maintenance_interval\": null}','{\"item_id\": \"10120251419\", \"add_cols\": \"{\\\"Nature\\\": \\\"inorganic\\\", \\\"Grade\\\": \\\"acid\\\", \\\"chemical formula\\\": \\\"NHO3\\\", \\\"synonyms\\\": \\\"nitrogen oxoacid\\\"}\", \"max_uses\": null, \"alert_qty\": 0, \"item_name\": \"Nitric Acid\", \"qty_limit\": null, \"expiry_type\": \"\", \"is_disabled\": 0, \"itemType_id\": 1, \"rec_per_inv\": 0, \"allow_borrow\": 0, \"is_consumable\": 0, \"laboratory_id\": \"1\", \"lead_time_prep\": 0, \"rec_expiration\": 0, \"maintenance_interval\": null}'),(43,'UPDATE','2025-03-04 12:38:25',NULL,'10120251621','{\"item_id\": \"10120251621\", \"add_cols\": \"{\\\"Capacity\\\": null}\", \"max_uses\": null, \"alert_qty\": 0, \"item_name\": \"Test Tube\", \"qty_limit\": null, \"expiry_type\": \"\", \"is_disabled\": 0, \"itemType_id\": 14, \"rec_per_inv\": 0, \"allow_borrow\": 0, \"is_consumable\": 0, \"laboratory_id\": \"90120245954\", \"lead_time_prep\": 0, \"rec_expiration\": 0, \"maintenance_interval\": null}','{\"item_id\": \"10120251621\", \"add_cols\": \"{\\\"Capacity\\\": null}\", \"max_uses\": null, \"alert_qty\": 0, \"item_name\": \"Test Tube\", \"qty_limit\": null, \"expiry_type\": \"\", \"is_disabled\": 0, \"itemType_id\": 14, \"rec_per_inv\": 0, \"allow_borrow\": 0, \"is_consumable\": 0, \"laboratory_id\": \"90120245954\", \"lead_time_prep\": 0, \"rec_expiration\": 0, \"maintenance_interval\": null}'),(44,'UPDATE','2025-03-04 12:38:25',NULL,'10120251702','{\"item_id\": \"10120251702\", \"add_cols\": \"{\\\"Type\\\": \\\"Mechanics Apparatus\\\", \\\"Condition\\\": \\\"Slightly Good\\\", \\\"Specifications / Notes\\\": \\\"0-500g, u00b10.01g accuracy\\\"}\", \"max_uses\": null, \"alert_qty\": 0, \"item_name\": \"Air Track\", \"qty_limit\": null, \"expiry_type\": \"\", \"is_disabled\": 0, \"itemType_id\": 19, \"rec_per_inv\": 0, \"allow_borrow\": 0, \"is_consumable\": 0, \"laboratory_id\": \"90120257523\", \"lead_time_prep\": 0, \"rec_expiration\": 0, \"maintenance_interval\": null}','{\"item_id\": \"10120251702\", \"add_cols\": \"{\\\"Type\\\": \\\"Mechanics Apparatus\\\", \\\"Condition\\\": \\\"Slightly Good\\\", \\\"Specifications / Notes\\\": \\\"0-500g, u00b10.01g accuracy\\\"}\", \"max_uses\": null, \"alert_qty\": 0, \"item_name\": \"Air Track\", \"qty_limit\": null, \"expiry_type\": \"\", \"is_disabled\": 0, \"itemType_id\": 19, \"rec_per_inv\": 0, \"allow_borrow\": 0, \"is_consumable\": 0, \"laboratory_id\": \"90120257523\", \"lead_time_prep\": 0, \"rec_expiration\": 0, \"maintenance_interval\": null}'),(45,'UPDATE','2025-03-04 12:38:25',NULL,'10120251827','{\"item_id\": \"10120251827\", \"add_cols\": \"{\\\"Category\\\": \\\"Monitor\\\", \\\"Condition\\\": \\\"Good\\\"}\", \"max_uses\": null, \"alert_qty\": 0, \"item_name\": \"Acer Nitro VG240Y\", \"qty_limit\": null, \"expiry_type\": \"\", \"is_disabled\": 0, \"itemType_id\": 16, \"rec_per_inv\": 0, \"allow_borrow\": 0, \"is_consumable\": 0, \"laboratory_id\": \"90120242184\", \"lead_time_prep\": 0, \"rec_expiration\": 0, \"maintenance_interval\": null}','{\"item_id\": \"10120251827\", \"add_cols\": \"{\\\"Category\\\": \\\"Monitor\\\", \\\"Condition\\\": \\\"Good\\\"}\", \"max_uses\": null, \"alert_qty\": 0, \"item_name\": \"Acer Nitro VG240Y\", \"qty_limit\": null, \"expiry_type\": \"\", \"is_disabled\": 0, \"itemType_id\": 16, \"rec_per_inv\": 0, \"allow_borrow\": 0, \"is_consumable\": 0, \"laboratory_id\": \"90120242184\", \"lead_time_prep\": 0, \"rec_expiration\": 0, \"maintenance_interval\": null}'),(46,'UPDATE','2025-03-04 12:38:25',NULL,'10120251921','{\"item_id\": \"10120251921\", \"add_cols\": \"{\\\"Capacity\\\": null}\", \"max_uses\": null, \"alert_qty\": 0, \"item_name\": \"Magnetic stirrer\", \"qty_limit\": null, \"expiry_type\": \"\", \"is_disabled\": 0, \"itemType_id\": 14, \"rec_per_inv\": 0, \"allow_borrow\": 0, \"is_consumable\": 0, \"laboratory_id\": \"90120245954\", \"lead_time_prep\": 0, \"rec_expiration\": 0, \"maintenance_interval\": null}','{\"item_id\": \"10120251921\", \"add_cols\": \"{\\\"Capacity\\\": null}\", \"max_uses\": null, \"alert_qty\": 0, \"item_name\": \"Magnetic stirrer\", \"qty_limit\": null, \"expiry_type\": \"\", \"is_disabled\": 0, \"itemType_id\": 14, \"rec_per_inv\": 0, \"allow_borrow\": 0, \"is_consumable\": 0, \"laboratory_id\": \"90120245954\", \"lead_time_prep\": 0, \"rec_expiration\": 0, \"maintenance_interval\": null}'),(47,'UPDATE','2025-03-04 12:38:25',NULL,'10120252258','{\"item_id\": \"10120252258\", \"add_cols\": \"{\\\"Nature\\\": \\\"Solid\\\", \\\"Grade\\\": \\\"Reagent\\\", \\\"chemical formula\\\": NaN, \\\"synonyms\\\": \\\"Epsom salt\\\"}\", \"max_uses\": null, \"alert_qty\": 0, \"item_name\": \"Magnesium Sulfate\", \"qty_limit\": null, \"expiry_type\": null, \"is_disabled\": 0, \"itemType_id\": 1, \"rec_per_inv\": 0, \"allow_borrow\": 0, \"is_consumable\": 0, \"laboratory_id\": \"1\", \"lead_time_prep\": 0, \"rec_expiration\": 0, \"maintenance_interval\": null}','{\"item_id\": \"10120252258\", \"add_cols\": \"{\\\"Nature\\\": \\\"Solid\\\", \\\"Grade\\\": \\\"Reagent\\\", \\\"chemical formula\\\": NaN, \\\"synonyms\\\": \\\"Epsom salt\\\"}\", \"max_uses\": null, \"alert_qty\": 0, \"item_name\": \"Magnesium Sulfate\", \"qty_limit\": null, \"expiry_type\": null, \"is_disabled\": 0, \"itemType_id\": 1, \"rec_per_inv\": 0, \"allow_borrow\": 0, \"is_consumable\": 0, \"laboratory_id\": \"1\", \"lead_time_prep\": 0, \"rec_expiration\": 0, \"maintenance_interval\": null}'),(48,'UPDATE','2025-03-04 12:38:25',NULL,'10120252482','{\"item_id\": \"10120252482\", \"add_cols\": \"{\\\"Nature\\\": \\\"organic\\\", \\\"Grade\\\": \\\"normal\\\", \\\"chemical formula\\\": NaN, \\\"synonyms\\\": NaN}\", \"max_uses\": null, \"alert_qty\": 0, \"item_name\": \"Hydrogen\", \"qty_limit\": null, \"expiry_type\": null, \"is_disabled\": 0, \"itemType_id\": 1, \"rec_per_inv\": 0, \"allow_borrow\": 0, \"is_consumable\": 0, \"laboratory_id\": \"1\", \"lead_time_prep\": 0, \"rec_expiration\": 0, \"maintenance_interval\": null}','{\"item_id\": \"10120252482\", \"add_cols\": \"{\\\"Nature\\\": \\\"organic\\\", \\\"Grade\\\": \\\"normal\\\", \\\"chemical formula\\\": NaN, \\\"synonyms\\\": NaN}\", \"max_uses\": null, \"alert_qty\": 0, \"item_name\": \"Hydrogen\", \"qty_limit\": null, \"expiry_type\": null, \"is_disabled\": 0, \"itemType_id\": 1, \"rec_per_inv\": 0, \"allow_borrow\": 0, \"is_consumable\": 0, \"laboratory_id\": \"1\", \"lead_time_prep\": 0, \"rec_expiration\": 0, \"maintenance_interval\": null}'),(49,'UPDATE','2025-03-04 12:38:25',NULL,'10120252653','{\"item_id\": \"10120252653\", \"add_cols\": \"{\\\"Nature\\\": \\\"Solid\\\", \\\"Grade\\\": \\\"N\\\", \\\"chemical formula\\\": \\\"h2o2\\\", \\\"synonyms\\\": \\\"agua oxinada, something\\\"}\", \"max_uses\": null, \"alert_qty\": 0, \"item_name\": \"Hydrogen Peroxide\", \"qty_limit\": null, \"expiry_type\": null, \"is_disabled\": 0, \"itemType_id\": 1, \"rec_per_inv\": 0, \"allow_borrow\": 0, \"is_consumable\": 0, \"laboratory_id\": \"1\", \"lead_time_prep\": 0, \"rec_expiration\": 0, \"maintenance_interval\": null}','{\"item_id\": \"10120252653\", \"add_cols\": \"{\\\"Nature\\\": \\\"Solid\\\", \\\"Grade\\\": \\\"N\\\", \\\"chemical formula\\\": \\\"h2o2\\\", \\\"synonyms\\\": \\\"agua oxinada, something\\\"}\", \"max_uses\": null, \"alert_qty\": 0, \"item_name\": \"Hydrogen Peroxide\", \"qty_limit\": null, \"expiry_type\": null, \"is_disabled\": 0, \"itemType_id\": 1, \"rec_per_inv\": 0, \"allow_borrow\": 0, \"is_consumable\": 0, \"laboratory_id\": \"1\", \"lead_time_prep\": 0, \"rec_expiration\": 0, \"maintenance_interval\": null}'),(50,'UPDATE','2025-03-04 12:38:25',NULL,'10120252698','{\"item_id\": \"10120252698\", \"add_cols\": \"{\\\"Category\\\": \\\"Keyboard\\\", \\\"Condition\\\": \\\"Used\\\"}\", \"max_uses\": null, \"alert_qty\": 0, \"item_name\": \"Logitech K120\", \"qty_limit\": null, \"expiry_type\": \"\", \"is_disabled\": 0, \"itemType_id\": 16, \"rec_per_inv\": 0, \"allow_borrow\": 0, \"is_consumable\": 0, \"laboratory_id\": \"90120242184\", \"lead_time_prep\": 0, \"rec_expiration\": 0, \"maintenance_interval\": null}','{\"item_id\": \"10120252698\", \"add_cols\": \"{\\\"Category\\\": \\\"Keyboard\\\", \\\"Condition\\\": \\\"Used\\\"}\", \"max_uses\": null, \"alert_qty\": 0, \"item_name\": \"Logitech K120\", \"qty_limit\": null, \"expiry_type\": \"\", \"is_disabled\": 0, \"itemType_id\": 16, \"rec_per_inv\": 0, \"allow_borrow\": 0, \"is_consumable\": 0, \"laboratory_id\": \"90120242184\", \"lead_time_prep\": 0, \"rec_expiration\": 0, \"maintenance_interval\": null}'),(51,'UPDATE','2025-03-04 12:38:25',NULL,'10120252939','{\"item_id\": \"10120252939\", \"add_cols\": \"{\\\"Nature\\\": \\\"Solid\\\", \\\"Grade\\\": \\\"Reagent\\\", \\\"chemical formula\\\": NaN, \\\"synonyms\\\": \\\"Saltpeter\\\"}\", \"max_uses\": null, \"alert_qty\": 0, \"item_name\": \"Potassium Nitrate\", \"qty_limit\": null, \"expiry_type\": null, \"is_disabled\": 0, \"itemType_id\": 1, \"rec_per_inv\": 0, \"allow_borrow\": 0, \"is_consumable\": 0, \"laboratory_id\": \"1\", \"lead_time_prep\": 0, \"rec_expiration\": 0, \"maintenance_interval\": null}','{\"item_id\": \"10120252939\", \"add_cols\": \"{\\\"Nature\\\": \\\"Solid\\\", \\\"Grade\\\": \\\"Reagent\\\", \\\"chemical formula\\\": NaN, \\\"synonyms\\\": \\\"Saltpeter\\\"}\", \"max_uses\": null, \"alert_qty\": 0, \"item_name\": \"Potassium Nitrate\", \"qty_limit\": null, \"expiry_type\": null, \"is_disabled\": 0, \"itemType_id\": 1, \"rec_per_inv\": 0, \"allow_borrow\": 0, \"is_consumable\": 0, \"laboratory_id\": \"1\", \"lead_time_prep\": 0, \"rec_expiration\": 0, \"maintenance_interval\": null}'),(52,'UPDATE','2025-03-04 12:38:25',NULL,'10120253000','{\"item_id\": \"10120253000\", \"add_cols\": \"{\\\"Nature\\\": \\\"organic\\\", \\\"Grade\\\": \\\"normal\\\", \\\"chemical formula\\\": NaN, \\\"synonyms\\\": NaN}\", \"max_uses\": null, \"alert_qty\": 0, \"item_name\": \"Iodine\", \"qty_limit\": null, \"expiry_type\": null, \"is_disabled\": 0, \"itemType_id\": 1, \"rec_per_inv\": 0, \"allow_borrow\": 0, \"is_consumable\": 0, \"laboratory_id\": \"1\", \"lead_time_prep\": 0, \"rec_expiration\": 0, \"maintenance_interval\": null}','{\"item_id\": \"10120253000\", \"add_cols\": \"{\\\"Nature\\\": \\\"organic\\\", \\\"Grade\\\": \\\"normal\\\", \\\"chemical formula\\\": NaN, \\\"synonyms\\\": NaN}\", \"max_uses\": null, \"alert_qty\": 0, \"item_name\": \"Iodine\", \"qty_limit\": null, \"expiry_type\": null, \"is_disabled\": 0, \"itemType_id\": 1, \"rec_per_inv\": 0, \"allow_borrow\": 0, \"is_consumable\": 0, \"laboratory_id\": \"1\", \"lead_time_prep\": 0, \"rec_expiration\": 0, \"maintenance_interval\": null}'),(53,'UPDATE','2025-03-04 12:38:25',NULL,'10120253224','{\"item_id\": \"10120253224\", \"add_cols\": \"{\\\"License Type\\\": \\\"Subscription\\\", \\\"Included Features\\\": \\\"Photoshop, Premiere Pro\\\"}\", \"max_uses\": null, \"alert_qty\": 0, \"item_name\": \"Adobe Creative Cloud\", \"qty_limit\": null, \"expiry_type\": \"Date\", \"is_disabled\": 0, \"itemType_id\": 17, \"rec_per_inv\": 0, \"allow_borrow\": 0, \"is_consumable\": 0, \"laboratory_id\": \"90120242184\", \"lead_time_prep\": 0, \"rec_expiration\": 0, \"maintenance_interval\": null}','{\"item_id\": \"10120253224\", \"add_cols\": \"{\\\"License Type\\\": \\\"Subscription\\\", \\\"Included Features\\\": \\\"Photoshop, Premiere Pro\\\"}\", \"max_uses\": null, \"alert_qty\": 0, \"item_name\": \"Adobe Creative Cloud\", \"qty_limit\": null, \"expiry_type\": \"Date\", \"is_disabled\": 0, \"itemType_id\": 17, \"rec_per_inv\": 0, \"allow_borrow\": 0, \"is_consumable\": 0, \"laboratory_id\": \"90120242184\", \"lead_time_prep\": 0, \"rec_expiration\": 0, \"maintenance_interval\": null}'),(54,'UPDATE','2025-03-04 12:38:25',NULL,'10120253420','{\"item_id\": \"10120253420\", \"add_cols\": \"{\\\"Category\\\": \\\"Personal Safety\\\", \\\"Notes\\\": \\\"Impact-resistant\\\"}\", \"max_uses\": null, \"alert_qty\": 0, \"item_name\": \"Safety Goggles\", \"qty_limit\": null, \"expiry_type\": \"\", \"is_disabled\": 0, \"itemType_id\": 22, \"rec_per_inv\": 0, \"allow_borrow\": 0, \"is_consumable\": 0, \"laboratory_id\": \"90120257523\", \"lead_time_prep\": 0, \"rec_expiration\": 0, \"maintenance_interval\": null}','{\"item_id\": \"10120253420\", \"add_cols\": \"{\\\"Category\\\": \\\"Personal Safety\\\", \\\"Notes\\\": \\\"Impact-resistant\\\"}\", \"max_uses\": null, \"alert_qty\": 0, \"item_name\": \"Safety Goggles\", \"qty_limit\": null, \"expiry_type\": \"\", \"is_disabled\": 0, \"itemType_id\": 22, \"rec_per_inv\": 0, \"allow_borrow\": 0, \"is_consumable\": 0, \"laboratory_id\": \"90120257523\", \"lead_time_prep\": 0, \"rec_expiration\": 0, \"maintenance_interval\": null}'),(55,'UPDATE','2025-03-04 12:38:25',NULL,'10120253532','{\"item_id\": \"10120253532\", \"add_cols\": \"{\\\"Category\\\": \\\"Safety Equipment\\\", \\\"Notes\\\": \\\"Various sizes available\\\"}\", \"max_uses\": null, \"alert_qty\": 0, \"item_name\": \"Lab Coats\", \"qty_limit\": null, \"expiry_type\": \"\", \"is_disabled\": 0, \"itemType_id\": 22, \"rec_per_inv\": 0, \"allow_borrow\": 0, \"is_consumable\": 0, \"laboratory_id\": \"90120257523\", \"lead_time_prep\": 0, \"rec_expiration\": 0, \"maintenance_interval\": null}','{\"item_id\": \"10120253532\", \"add_cols\": \"{\\\"Category\\\": \\\"Safety Equipment\\\", \\\"Notes\\\": \\\"Various sizes available\\\"}\", \"max_uses\": null, \"alert_qty\": 0, \"item_name\": \"Lab Coats\", \"qty_limit\": null, \"expiry_type\": \"\", \"is_disabled\": 0, \"itemType_id\": 22, \"rec_per_inv\": 0, \"allow_borrow\": 0, \"is_consumable\": 0, \"laboratory_id\": \"90120257523\", \"lead_time_prep\": 0, \"rec_expiration\": 0, \"maintenance_interval\": null}'),(56,'UPDATE','2025-03-04 12:38:25',NULL,'10120253853','{\"item_id\": \"10120253853\", \"add_cols\": \"{\\\"Nature\\\": \\\"Solid\\\", \\\"Grade\\\": \\\"Analytical\\\", \\\"chemical formula\\\": NaN, \\\"synonyms\\\": \\\"Limestone\\\"}\", \"max_uses\": null, \"alert_qty\": 0, \"item_name\": \"Calcium Carbonate\", \"qty_limit\": null, \"expiry_type\": null, \"is_disabled\": 0, \"itemType_id\": 1, \"rec_per_inv\": 0, \"allow_borrow\": 0, \"is_consumable\": 0, \"laboratory_id\": \"1\", \"lead_time_prep\": 0, \"rec_expiration\": 0, \"maintenance_interval\": null}','{\"item_id\": \"10120253853\", \"add_cols\": \"{\\\"Nature\\\": \\\"Solid\\\", \\\"Grade\\\": \\\"Analytical\\\", \\\"chemical formula\\\": NaN, \\\"synonyms\\\": \\\"Limestone\\\"}\", \"max_uses\": null, \"alert_qty\": 0, \"item_name\": \"Calcium Carbonate\", \"qty_limit\": null, \"expiry_type\": null, \"is_disabled\": 0, \"itemType_id\": 1, \"rec_per_inv\": 0, \"allow_borrow\": 0, \"is_consumable\": 0, \"laboratory_id\": \"1\", \"lead_time_prep\": 0, \"rec_expiration\": 0, \"maintenance_interval\": null}'),(57,'UPDATE','2025-03-04 12:38:25',NULL,'10120254167','{\"item_id\": \"10120254167\", \"add_cols\": \"{\\\"Nature\\\": \\\"solid\\\", \\\"Grade\\\": \\\"good\\\", \\\"chemical formula\\\": \\\"Cu2082Hu2086O\\\", \\\"synonyms\\\": \\\"Alcohol\\\"}\", \"max_uses\": null, \"alert_qty\": 0, \"item_name\": \"Ethanol\", \"qty_limit\": null, \"expiry_type\": null, \"is_disabled\": 0, \"itemType_id\": 1, \"rec_per_inv\": 0, \"allow_borrow\": 0, \"is_consumable\": 0, \"laboratory_id\": \"1\", \"lead_time_prep\": 0, \"rec_expiration\": 0, \"maintenance_interval\": null}','{\"item_id\": \"10120254167\", \"add_cols\": \"{\\\"Nature\\\": \\\"solid\\\", \\\"Grade\\\": \\\"good\\\", \\\"chemical formula\\\": \\\"Cu2082Hu2086O\\\", \\\"synonyms\\\": \\\"Alcohol\\\"}\", \"max_uses\": null, \"alert_qty\": 0, \"item_name\": \"Ethanol\", \"qty_limit\": null, \"expiry_type\": null, \"is_disabled\": 0, \"itemType_id\": 1, \"rec_per_inv\": 0, \"allow_borrow\": 0, \"is_consumable\": 0, \"laboratory_id\": \"1\", \"lead_time_prep\": 0, \"rec_expiration\": 0, \"maintenance_interval\": null}'),(58,'UPDATE','2025-03-04 12:38:25',NULL,'10120254368','{\"item_id\": \"10120254368\", \"add_cols\": \"{\\\"Category\\\": \\\"Desktop PC\\\", \\\"Condition\\\": \\\"Good\\\"}\", \"max_uses\": null, \"alert_qty\": 0, \"item_name\": \"Dell OptiPlex 7090\", \"qty_limit\": null, \"expiry_type\": \"\", \"is_disabled\": 0, \"itemType_id\": 16, \"rec_per_inv\": 0, \"allow_borrow\": 0, \"is_consumable\": 0, \"laboratory_id\": \"90120242184\", \"lead_time_prep\": 0, \"rec_expiration\": 0, \"maintenance_interval\": null}','{\"item_id\": \"10120254368\", \"add_cols\": \"{\\\"Category\\\": \\\"Desktop PC\\\", \\\"Condition\\\": \\\"Good\\\"}\", \"max_uses\": null, \"alert_qty\": 0, \"item_name\": \"Dell OptiPlex 7090\", \"qty_limit\": null, \"expiry_type\": \"\", \"is_disabled\": 0, \"itemType_id\": 16, \"rec_per_inv\": 0, \"allow_borrow\": 0, \"is_consumable\": 0, \"laboratory_id\": \"90120242184\", \"lead_time_prep\": 0, \"rec_expiration\": 0, \"maintenance_interval\": null}'),(59,'UPDATE','2025-03-04 12:38:25',NULL,'10120254446','{\"item_id\": \"10120254446\", \"add_cols\": \"{\\\"Type\\\": \\\"Optics Equipment\\\", \\\"Condition\\\": \\\"Good\\\", \\\"Specifications / Notes\\\": \\\"1.5m length, with accessories\\\"}\", \"max_uses\": null, \"alert_qty\": 0, \"item_name\": \"Optical Bench\", \"qty_limit\": null, \"expiry_type\": \"\", \"is_disabled\": 0, \"itemType_id\": 19, \"rec_per_inv\": 0, \"allow_borrow\": 0, \"is_consumable\": 0, \"laboratory_id\": \"90120257523\", \"lead_time_prep\": 0, \"rec_expiration\": 0, \"maintenance_interval\": null}','{\"item_id\": \"10120254446\", \"add_cols\": \"{\\\"Type\\\": \\\"Optics Equipment\\\", \\\"Condition\\\": \\\"Good\\\", \\\"Specifications / Notes\\\": \\\"1.5m length, with accessories\\\"}\", \"max_uses\": null, \"alert_qty\": 0, \"item_name\": \"Optical Bench\", \"qty_limit\": null, \"expiry_type\": \"\", \"is_disabled\": 0, \"itemType_id\": 19, \"rec_per_inv\": 0, \"allow_borrow\": 0, \"is_consumable\": 0, \"laboratory_id\": \"90120257523\", \"lead_time_prep\": 0, \"rec_expiration\": 0, \"maintenance_interval\": null}'),(60,'UPDATE','2025-03-04 12:38:25',NULL,'10120254571','{\"item_id\": \"10120254571\", \"add_cols\": \"{\\\"Purpose\\\": \\\"Classroom Use\\\", \\\"Remarks\\\": \\\"6ft x 4ft\\\"}\", \"max_uses\": null, \"alert_qty\": 0, \"item_name\": \"Whiteboard\", \"qty_limit\": null, \"expiry_type\": \"\", \"is_disabled\": 0, \"itemType_id\": 18, \"rec_per_inv\": 0, \"allow_borrow\": 0, \"is_consumable\": 0, \"laboratory_id\": \"90120242184\", \"lead_time_prep\": 0, \"rec_expiration\": 0, \"maintenance_interval\": null}','{\"item_id\": \"10120254571\", \"add_cols\": \"{\\\"Purpose\\\": \\\"Classroom Use\\\", \\\"Remarks\\\": \\\"6ft x 4ft\\\"}\", \"max_uses\": null, \"alert_qty\": 0, \"item_name\": \"Whiteboard\", \"qty_limit\": null, \"expiry_type\": \"\", \"is_disabled\": 0, \"itemType_id\": 18, \"rec_per_inv\": 0, \"allow_borrow\": 0, \"is_consumable\": 0, \"laboratory_id\": \"90120242184\", \"lead_time_prep\": 0, \"rec_expiration\": 0, \"maintenance_interval\": null}'),(61,'UPDATE','2025-03-04 12:38:25',NULL,'10120254667','{\"item_id\": \"10120254667\", \"add_cols\": \"{}\", \"max_uses\": null, \"alert_qty\": 0, \"item_name\": \"Centrifuge\", \"qty_limit\": null, \"expiry_type\": \"\", \"is_disabled\": 0, \"itemType_id\": 15, \"rec_per_inv\": 0, \"allow_borrow\": 0, \"is_consumable\": 0, \"laboratory_id\": \"90120245954\", \"lead_time_prep\": 0, \"rec_expiration\": 0, \"maintenance_interval\": null}','{\"item_id\": \"10120254667\", \"add_cols\": \"{}\", \"max_uses\": null, \"alert_qty\": 0, \"item_name\": \"Centrifuge\", \"qty_limit\": null, \"expiry_type\": \"\", \"is_disabled\": 0, \"itemType_id\": 15, \"rec_per_inv\": 0, \"allow_borrow\": 0, \"is_consumable\": 0, \"laboratory_id\": \"90120245954\", \"lead_time_prep\": 0, \"rec_expiration\": 0, \"maintenance_interval\": null}'),(62,'UPDATE','2025-03-04 12:38:25',NULL,'10120254670','{\"item_id\": \"10120254670\", \"add_cols\": \"{}\", \"max_uses\": null, \"alert_qty\": 0, \"item_name\": \"Bunsen Burner\", \"qty_limit\": null, \"expiry_type\": \"\", \"is_disabled\": 0, \"itemType_id\": 15, \"rec_per_inv\": 0, \"allow_borrow\": 0, \"is_consumable\": 0, \"laboratory_id\": \"90120245954\", \"lead_time_prep\": 0, \"rec_expiration\": 0, \"maintenance_interval\": null}','{\"item_id\": \"10120254670\", \"add_cols\": \"{}\", \"max_uses\": null, \"alert_qty\": 0, \"item_name\": \"Bunsen Burner\", \"qty_limit\": null, \"expiry_type\": \"\", \"is_disabled\": 0, \"itemType_id\": 15, \"rec_per_inv\": 0, \"allow_borrow\": 0, \"is_consumable\": 0, \"laboratory_id\": \"90120245954\", \"lead_time_prep\": 0, \"rec_expiration\": 0, \"maintenance_interval\": null}'),(63,'UPDATE','2025-03-04 12:38:25',NULL,'10120254729','{\"item_id\": \"10120254729\", \"add_cols\": \"{\\\"Model / Type\\\": \\\"Digital Auto-Range\\\", \\\"Status\\\": \\\"Good\\\", \\\"Additional Info\\\": \\\"Measures voltage, current, resistance\\\"}\", \"max_uses\": null, \"alert_qty\": 0, \"item_name\": \"Multimeter\", \"qty_limit\": null, \"expiry_type\": \"\", \"is_disabled\": 0, \"itemType_id\": 20, \"rec_per_inv\": 0, \"allow_borrow\": 0, \"is_consumable\": 0, \"laboratory_id\": \"90120257523\", \"lead_time_prep\": 0, \"rec_expiration\": 0, \"maintenance_interval\": null}','{\"item_id\": \"10120254729\", \"add_cols\": \"{\\\"Model / Type\\\": \\\"Digital Auto-Range\\\", \\\"Status\\\": \\\"Good\\\", \\\"Additional Info\\\": \\\"Measures voltage, current, resistance\\\"}\", \"max_uses\": null, \"alert_qty\": 0, \"item_name\": \"Multimeter\", \"qty_limit\": null, \"expiry_type\": \"\", \"is_disabled\": 0, \"itemType_id\": 20, \"rec_per_inv\": 0, \"allow_borrow\": 0, \"is_consumable\": 0, \"laboratory_id\": \"90120257523\", \"lead_time_prep\": 0, \"rec_expiration\": 0, \"maintenance_interval\": null}'),(64,'UPDATE','2025-03-04 12:38:25',NULL,'10120254749','{\"item_id\": \"10120254749\", \"add_cols\": \"{\\\"Nature\\\": \\\"solid\\\", \\\"Grade\\\": \\\"good\\\", \\\"chemical formula\\\": \\\"ace\\\", \\\"synonyms\\\": \\\"acetyl\\\"}\", \"max_uses\": null, \"alert_qty\": 0, \"item_name\": \"Acetylene\", \"qty_limit\": null, \"expiry_type\": null, \"is_disabled\": 0, \"itemType_id\": 1, \"rec_per_inv\": 0, \"allow_borrow\": 0, \"is_consumable\": 0, \"laboratory_id\": \"1\", \"lead_time_prep\": 0, \"rec_expiration\": 0, \"maintenance_interval\": null}','{\"item_id\": \"10120254749\", \"add_cols\": \"{\\\"Nature\\\": \\\"solid\\\", \\\"Grade\\\": \\\"good\\\", \\\"chemical formula\\\": \\\"ace\\\", \\\"synonyms\\\": \\\"acetyl\\\"}\", \"max_uses\": null, \"alert_qty\": 0, \"item_name\": \"Acetylene\", \"qty_limit\": null, \"expiry_type\": null, \"is_disabled\": 0, \"itemType_id\": 1, \"rec_per_inv\": 0, \"allow_borrow\": 0, \"is_consumable\": 0, \"laboratory_id\": \"1\", \"lead_time_prep\": 0, \"rec_expiration\": 0, \"maintenance_interval\": null}'),(65,'UPDATE','2025-03-04 12:38:25',NULL,'10120254899','{\"item_id\": \"10120254899\", \"add_cols\": \"{\\\"Category\\\": \\\"Mouse\\\", \\\"Condition\\\": \\\"Used\\\"}\", \"max_uses\": null, \"alert_qty\": 0, \"item_name\": \"Logitech M185\", \"qty_limit\": null, \"expiry_type\": \"\", \"is_disabled\": 0, \"itemType_id\": 16, \"rec_per_inv\": 0, \"allow_borrow\": 0, \"is_consumable\": 0, \"laboratory_id\": \"90120242184\", \"lead_time_prep\": 0, \"rec_expiration\": 0, \"maintenance_interval\": null}','{\"item_id\": \"10120254899\", \"add_cols\": \"{\\\"Category\\\": \\\"Mouse\\\", \\\"Condition\\\": \\\"Used\\\"}\", \"max_uses\": null, \"alert_qty\": 0, \"item_name\": \"Logitech M185\", \"qty_limit\": null, \"expiry_type\": \"\", \"is_disabled\": 0, \"itemType_id\": 16, \"rec_per_inv\": 0, \"allow_borrow\": 0, \"is_consumable\": 0, \"laboratory_id\": \"90120242184\", \"lead_time_prep\": 0, \"rec_expiration\": 0, \"maintenance_interval\": null}'),(66,'UPDATE','2025-03-04 12:38:25',NULL,'10120254902','{\"item_id\": \"10120254902\", \"add_cols\": \"{\\\"Model / Type\\\": \\\"1Hz-1MHz Output\\\", \\\"Status\\\": \\\"Used\\\", \\\"Additional Info\\\": \\\"Sine, square, triangle waves\\\"}\", \"max_uses\": null, \"alert_qty\": 0, \"item_name\": \"Function Generator\", \"qty_limit\": null, \"expiry_type\": \"\", \"is_disabled\": 0, \"itemType_id\": 20, \"rec_per_inv\": 0, \"allow_borrow\": 0, \"is_consumable\": 0, \"laboratory_id\": \"90120257523\", \"lead_time_prep\": 0, \"rec_expiration\": 0, \"maintenance_interval\": null}','{\"item_id\": \"10120254902\", \"add_cols\": \"{\\\"Model / Type\\\": \\\"1Hz-1MHz Output\\\", \\\"Status\\\": \\\"Used\\\", \\\"Additional Info\\\": \\\"Sine, square, triangle waves\\\"}\", \"max_uses\": null, \"alert_qty\": 0, \"item_name\": \"Function Generator\", \"qty_limit\": null, \"expiry_type\": \"\", \"is_disabled\": 0, \"itemType_id\": 20, \"rec_per_inv\": 0, \"allow_borrow\": 0, \"is_consumable\": 0, \"laboratory_id\": \"90120257523\", \"lead_time_prep\": 0, \"rec_expiration\": 0, \"maintenance_interval\": null}'),(67,'UPDATE','2025-03-04 12:38:25',NULL,'10120254943','{\"item_id\": \"10120254943\", \"add_cols\": \"{\\\"Model / Type\\\": \\\"DC Variable 0-30V\\\", \\\"Status\\\": \\\"Good\\\", \\\"Additional Info\\\": \\\"Adjustable voltage & current\\\"}\", \"max_uses\": null, \"alert_qty\": 0, \"item_name\": \"Power Supply Unit\", \"qty_limit\": null, \"expiry_type\": \"\", \"is_disabled\": 0, \"itemType_id\": 20, \"rec_per_inv\": 0, \"allow_borrow\": 0, \"is_consumable\": 0, \"laboratory_id\": \"90120257523\", \"lead_time_prep\": 0, \"rec_expiration\": 0, \"maintenance_interval\": null}','{\"item_id\": \"10120254943\", \"add_cols\": \"{\\\"Model / Type\\\": \\\"DC Variable 0-30V\\\", \\\"Status\\\": \\\"Good\\\", \\\"Additional Info\\\": \\\"Adjustable voltage & current\\\"}\", \"max_uses\": null, \"alert_qty\": 0, \"item_name\": \"Power Supply Unit\", \"qty_limit\": null, \"expiry_type\": \"\", \"is_disabled\": 0, \"itemType_id\": 20, \"rec_per_inv\": 0, \"allow_borrow\": 0, \"is_consumable\": 0, \"laboratory_id\": \"90120257523\", \"lead_time_prep\": 0, \"rec_expiration\": 0, \"maintenance_interval\": null}'),(68,'UPDATE','2025-03-04 12:38:25',NULL,'10120255250','{\"item_id\": \"10120255250\", \"add_cols\": \"{\\\"Grade\\\": null, \\\"Nature\\\": null, \\\"Quantity per Unit\\\": null, \\\"Unit\\\": \\\"mL\\\"}\", \"max_uses\": null, \"alert_qty\": 1, \"item_name\": \"Distilled water\", \"qty_limit\": null, \"expiry_type\": \"\", \"is_disabled\": 0, \"itemType_id\": 13, \"rec_per_inv\": 0, \"allow_borrow\": 0, \"is_consumable\": 0, \"laboratory_id\": \"90120245954\", \"lead_time_prep\": 0, \"rec_expiration\": 0, \"maintenance_interval\": null}','{\"item_id\": \"10120255250\", \"add_cols\": \"{\\\"Grade\\\": null, \\\"Nature\\\": null, \\\"Quantity per Unit\\\": null, \\\"Unit\\\": \\\"mL\\\"}\", \"max_uses\": null, \"alert_qty\": 1, \"item_name\": \"Distilled water\", \"qty_limit\": null, \"expiry_type\": \"\", \"is_disabled\": 0, \"itemType_id\": 13, \"rec_per_inv\": 0, \"allow_borrow\": 0, \"is_consumable\": 0, \"laboratory_id\": \"90120245954\", \"lead_time_prep\": 0, \"rec_expiration\": 0, \"maintenance_interval\": null}'),(69,'UPDATE','2025-03-04 12:38:25',NULL,'10120255325','{\"item_id\": \"10120255325\", \"add_cols\": \"{\\\"Amount\\\": \\\"200\\\", \\\"Brand\\\": \\\"Tylex\\\", \\\"Unit (Pcs, Box, Batch)\\\": null}\", \"max_uses\": null, \"alert_qty\": 0, \"item_name\": \"Alcohol\", \"qty_limit\": null, \"expiry_type\": \"\", \"is_disabled\": 0, \"itemType_id\": 23, \"rec_per_inv\": 0, \"allow_borrow\": 0, \"is_consumable\": 0, \"laboratory_id\": \"1\", \"lead_time_prep\": null, \"rec_expiration\": 0, \"maintenance_interval\": null}','{\"item_id\": \"10120255325\", \"add_cols\": \"{\\\"Amount\\\": \\\"200\\\", \\\"Brand\\\": \\\"Tylex\\\", \\\"Unit (Pcs, Box, Batch)\\\": null}\", \"max_uses\": null, \"alert_qty\": 0, \"item_name\": \"Alcohol\", \"qty_limit\": null, \"expiry_type\": \"\", \"is_disabled\": 0, \"itemType_id\": 23, \"rec_per_inv\": 0, \"allow_borrow\": 0, \"is_consumable\": 0, \"laboratory_id\": \"1\", \"lead_time_prep\": null, \"rec_expiration\": 0, \"maintenance_interval\": null}'),(70,'UPDATE','2025-03-04 12:38:25',NULL,'10120255363','{\"item_id\": \"10120255363\", \"add_cols\": \"{}\", \"max_uses\": null, \"alert_qty\": 0, \"item_name\": \"Thermometer\", \"qty_limit\": null, \"expiry_type\": \"\", \"is_disabled\": 0, \"itemType_id\": 15, \"rec_per_inv\": 0, \"allow_borrow\": 0, \"is_consumable\": 0, \"laboratory_id\": \"90120245954\", \"lead_time_prep\": 0, \"rec_expiration\": 0, \"maintenance_interval\": null}','{\"item_id\": \"10120255363\", \"add_cols\": \"{}\", \"max_uses\": null, \"alert_qty\": 0, \"item_name\": \"Thermometer\", \"qty_limit\": null, \"expiry_type\": \"\", \"is_disabled\": 0, \"itemType_id\": 15, \"rec_per_inv\": 0, \"allow_borrow\": 0, \"is_consumable\": 0, \"laboratory_id\": \"90120245954\", \"lead_time_prep\": 0, \"rec_expiration\": 0, \"maintenance_interval\": null}'),(71,'UPDATE','2025-03-04 12:38:25',NULL,'10120255592','{\"item_id\": \"10120255592\", \"add_cols\": \"{\\\"Type\\\": \\\"Analytical Balance\\\", \\\"Condition\\\": \\\"Good\\\", \\\"Specifications / Notes\\\": \\\"good\\\"}\", \"max_uses\": null, \"alert_qty\": 3, \"item_name\": \"Radwag Analytical Balance\", \"qty_limit\": null, \"expiry_type\": \"\", \"is_disabled\": 0, \"itemType_id\": 19, \"rec_per_inv\": 0, \"allow_borrow\": 0, \"is_consumable\": 0, \"laboratory_id\": \"90120257523\", \"lead_time_prep\": 0, \"rec_expiration\": 0, \"maintenance_interval\": null}','{\"item_id\": \"10120255592\", \"add_cols\": \"{\\\"Type\\\": \\\"Analytical Balance\\\", \\\"Condition\\\": \\\"Good\\\", \\\"Specifications / Notes\\\": \\\"good\\\"}\", \"max_uses\": null, \"alert_qty\": 3, \"item_name\": \"Radwag Analytical Balance\", \"qty_limit\": null, \"expiry_type\": \"\", \"is_disabled\": 0, \"itemType_id\": 19, \"rec_per_inv\": 0, \"allow_borrow\": 0, \"is_consumable\": 0, \"laboratory_id\": \"90120257523\", \"lead_time_prep\": 0, \"rec_expiration\": 0, \"maintenance_interval\": null}'),(72,'UPDATE','2025-03-04 12:38:25',NULL,'10120255753','{\"item_id\": \"10120255753\", \"add_cols\": \"{\\\"Nature\\\": \\\"Liquid\\\", \\\"Grade\\\": \\\"G\\\", \\\"chemical formula\\\": \\\"Hg\\\", \\\"synonyms\\\": \\\"hydrargyrum \\\"}\", \"max_uses\": null, \"alert_qty\": 0, \"item_name\": \"Mercury\", \"qty_limit\": null, \"expiry_type\": null, \"is_disabled\": 0, \"itemType_id\": 1, \"rec_per_inv\": 0, \"allow_borrow\": 0, \"is_consumable\": 0, \"laboratory_id\": \"1\", \"lead_time_prep\": 0, \"rec_expiration\": 0, \"maintenance_interval\": null}','{\"item_id\": \"10120255753\", \"add_cols\": \"{\\\"Nature\\\": \\\"Liquid\\\", \\\"Grade\\\": \\\"G\\\", \\\"chemical formula\\\": \\\"Hg\\\", \\\"synonyms\\\": \\\"hydrargyrum \\\"}\", \"max_uses\": null, \"alert_qty\": 0, \"item_name\": \"Mercury\", \"qty_limit\": null, \"expiry_type\": null, \"is_disabled\": 0, \"itemType_id\": 1, \"rec_per_inv\": 0, \"allow_borrow\": 0, \"is_consumable\": 0, \"laboratory_id\": \"1\", \"lead_time_prep\": 0, \"rec_expiration\": 0, \"maintenance_interval\": null}'),(73,'UPDATE','2025-03-04 12:38:25',NULL,'10120255773','{\"item_id\": \"10120255773\", \"add_cols\": \"{\\\"Nature\\\": \\\"inorganic\\\", \\\"Grade\\\": \\\"A\\\", \\\"chemical formula\\\": \\\"CuSO4\\\", \\\"synonyms\\\": \\\"nitrogen oxoacid\\\"}\", \"max_uses\": null, \"alert_qty\": 0, \"item_name\": \"isopropyl alcohol\", \"qty_limit\": null, \"expiry_type\": \"\", \"is_disabled\": 0, \"itemType_id\": 1, \"rec_per_inv\": 0, \"allow_borrow\": 0, \"is_consumable\": 0, \"laboratory_id\": \"1\", \"lead_time_prep\": 0, \"rec_expiration\": 0, \"maintenance_interval\": null}','{\"item_id\": \"10120255773\", \"add_cols\": \"{\\\"Nature\\\": \\\"inorganic\\\", \\\"Grade\\\": \\\"A\\\", \\\"chemical formula\\\": \\\"CuSO4\\\", \\\"synonyms\\\": \\\"nitrogen oxoacid\\\"}\", \"max_uses\": null, \"alert_qty\": 0, \"item_name\": \"isopropyl alcohol\", \"qty_limit\": null, \"expiry_type\": \"\", \"is_disabled\": 0, \"itemType_id\": 1, \"rec_per_inv\": 0, \"allow_borrow\": 0, \"is_consumable\": 0, \"laboratory_id\": \"1\", \"lead_time_prep\": 0, \"rec_expiration\": 0, \"maintenance_interval\": null}'),(74,'UPDATE','2025-03-04 12:38:25',NULL,'10120256495','{\"item_id\": \"10120256495\", \"add_cols\": \"{\\\"Amount\\\": \\\"5\\\", \\\"Brand\\\": \\\"pyrex\\\", \\\"Unit (Pcs, Box, Batch)\\\": null}\", \"max_uses\": null, \"alert_qty\": 0, \"item_name\": \"pH paper\", \"qty_limit\": null, \"expiry_type\": \"Date\", \"is_disabled\": 0, \"itemType_id\": 23, \"rec_per_inv\": 0, \"allow_borrow\": 0, \"is_consumable\": 0, \"laboratory_id\": \"1\", \"lead_time_prep\": 0, \"rec_expiration\": 0, \"maintenance_interval\": null}','{\"item_id\": \"10120256495\", \"add_cols\": \"{\\\"Amount\\\": \\\"5\\\", \\\"Brand\\\": \\\"pyrex\\\", \\\"Unit (Pcs, Box, Batch)\\\": null}\", \"max_uses\": null, \"alert_qty\": 0, \"item_name\": \"pH paper\", \"qty_limit\": null, \"expiry_type\": \"Date\", \"is_disabled\": 0, \"itemType_id\": 23, \"rec_per_inv\": 0, \"allow_borrow\": 0, \"is_consumable\": 0, \"laboratory_id\": \"1\", \"lead_time_prep\": 0, \"rec_expiration\": 0, \"maintenance_interval\": null}'),(75,'UPDATE','2025-03-04 12:38:25',NULL,'10120256496','{\"item_id\": \"10120256496\", \"add_cols\": \"{\\\"Type\\\": \\\"Optics Equipment\\\", \\\"Condition\\\": \\\"Good\\\", \\\"Specifications / Notes\\\": \\\"With diffraction grating\\\"}\", \"max_uses\": null, \"alert_qty\": 0, \"item_name\": \"Spectrometer\", \"qty_limit\": null, \"expiry_type\": \"\", \"is_disabled\": 0, \"itemType_id\": 19, \"rec_per_inv\": 0, \"allow_borrow\": 0, \"is_consumable\": 0, \"laboratory_id\": \"90120257523\", \"lead_time_prep\": 0, \"rec_expiration\": 0, \"maintenance_interval\": null}','{\"item_id\": \"10120256496\", \"add_cols\": \"{\\\"Type\\\": \\\"Optics Equipment\\\", \\\"Condition\\\": \\\"Good\\\", \\\"Specifications / Notes\\\": \\\"With diffraction grating\\\"}\", \"max_uses\": null, \"alert_qty\": 0, \"item_name\": \"Spectrometer\", \"qty_limit\": null, \"expiry_type\": \"\", \"is_disabled\": 0, \"itemType_id\": 19, \"rec_per_inv\": 0, \"allow_borrow\": 0, \"is_consumable\": 0, \"laboratory_id\": \"90120257523\", \"lead_time_prep\": 0, \"rec_expiration\": 0, \"maintenance_interval\": null}'),(76,'UPDATE','2025-03-04 12:38:25',NULL,'10120256875','{\"item_id\": \"10120256875\", \"add_cols\": \"{\\\"Nature\\\": \\\"Solid\\\", \\\"Grade\\\": \\\"Laboratory\\\", \\\"chemical formula\\\": NaN, \\\"synonyms\\\": \\\"Diammonium sulfate\\\"}\", \"max_uses\": null, \"alert_qty\": 0, \"item_name\": \"Ammonium Sulfate\", \"qty_limit\": null, \"expiry_type\": null, \"is_disabled\": 0, \"itemType_id\": 1, \"rec_per_inv\": 0, \"allow_borrow\": 0, \"is_consumable\": 0, \"laboratory_id\": \"1\", \"lead_time_prep\": 0, \"rec_expiration\": 0, \"maintenance_interval\": null}','{\"item_id\": \"10120256875\", \"add_cols\": \"{\\\"Nature\\\": \\\"Solid\\\", \\\"Grade\\\": \\\"Laboratory\\\", \\\"chemical formula\\\": NaN, \\\"synonyms\\\": \\\"Diammonium sulfate\\\"}\", \"max_uses\": null, \"alert_qty\": 0, \"item_name\": \"Ammonium Sulfate\", \"qty_limit\": null, \"expiry_type\": null, \"is_disabled\": 0, \"itemType_id\": 1, \"rec_per_inv\": 0, \"allow_borrow\": 0, \"is_consumable\": 0, \"laboratory_id\": \"1\", \"lead_time_prep\": 0, \"rec_expiration\": 0, \"maintenance_interval\": null}'),(77,'UPDATE','2025-03-04 12:38:25',NULL,'10120256939','{\"item_id\": \"10120256939\", \"add_cols\": \"{\\\"Nature\\\": \\\"Non-Organic\\\", \\\"Grade\\\": \\\"A+ss\\\", \\\"chemical formula\\\": \\\"AcA\\\", \\\"synonyms\\\": \\\"HAHA\\\"}\", \"max_uses\": null, \"alert_qty\": 0, \"item_name\": \"Acetic Acid\", \"qty_limit\": null, \"expiry_type\": null, \"is_disabled\": 0, \"itemType_id\": 1, \"rec_per_inv\": 0, \"allow_borrow\": 0, \"is_consumable\": 0, \"laboratory_id\": \"1\", \"lead_time_prep\": 0, \"rec_expiration\": 0, \"maintenance_interval\": null}','{\"item_id\": \"10120256939\", \"add_cols\": \"{\\\"Nature\\\": \\\"Non-Organic\\\", \\\"Grade\\\": \\\"A+ss\\\", \\\"chemical formula\\\": \\\"AcA\\\", \\\"synonyms\\\": \\\"HAHA\\\"}\", \"max_uses\": null, \"alert_qty\": 0, \"item_name\": \"Acetic Acid\", \"qty_limit\": null, \"expiry_type\": null, \"is_disabled\": 0, \"itemType_id\": 1, \"rec_per_inv\": 0, \"allow_borrow\": 0, \"is_consumable\": 0, \"laboratory_id\": \"1\", \"lead_time_prep\": 0, \"rec_expiration\": 0, \"maintenance_interval\": null}'),(78,'UPDATE','2025-03-04 12:38:25',NULL,'10120257075','{\"item_id\": \"10120257075\", \"add_cols\": \"{\\\"Nature\\\": \\\"solid\\\", \\\"Grade\\\": \\\"A\\\", \\\"chemical formula\\\": \\\"CuSO4\\\", \\\"synonyms\\\": null}\", \"max_uses\": null, \"alert_qty\": 0, \"item_name\": \"Copper(II) Sulfate\", \"qty_limit\": null, \"expiry_type\": \"Date\", \"is_disabled\": 0, \"itemType_id\": 1, \"rec_per_inv\": 0, \"allow_borrow\": 0, \"is_consumable\": 0, \"laboratory_id\": \"1\", \"lead_time_prep\": 0, \"rec_expiration\": 0, \"maintenance_interval\": null}','{\"item_id\": \"10120257075\", \"add_cols\": \"{\\\"Nature\\\": \\\"solid\\\", \\\"Grade\\\": \\\"A\\\", \\\"chemical formula\\\": \\\"CuSO4\\\", \\\"synonyms\\\": null}\", \"max_uses\": null, \"alert_qty\": 0, \"item_name\": \"Copper(II) Sulfate\", \"qty_limit\": null, \"expiry_type\": \"Date\", \"is_disabled\": 0, \"itemType_id\": 1, \"rec_per_inv\": 0, \"allow_borrow\": 0, \"is_consumable\": 0, \"laboratory_id\": \"1\", \"lead_time_prep\": 0, \"rec_expiration\": 0, \"maintenance_interval\": null}'),(79,'UPDATE','2025-03-04 12:38:25',NULL,'10120257116','{\"item_id\": \"10120257116\", \"add_cols\": \"{\\\"ITEM SPECIFICATION\\\": \\\"Acer Veriton X6640G, 8GB DDR4, 1TB HDD\\\", \\\"Property Code\\\": \\\"092-101218\\\", \\\"Monitor\\\": \\\"0148148\\\", \\\"Keyboard\\\": \\\"121512532\\\", \\\"Mouse\\\": \\\"12512523\\\"}\", \"max_uses\": null, \"alert_qty\": 5, \"item_name\": \"Desktop\", \"qty_limit\": null, \"expiry_type\": \"\", \"is_disabled\": 0, \"itemType_id\": 16, \"rec_per_inv\": 0, \"allow_borrow\": 0, \"is_consumable\": 0, \"laboratory_id\": \"90120242184\", \"lead_time_prep\": 0, \"rec_expiration\": 0, \"maintenance_interval\": null}','{\"item_id\": \"10120257116\", \"add_cols\": \"{\\\"ITEM SPECIFICATION\\\": \\\"Acer Veriton X6640G, 8GB DDR4, 1TB HDD\\\", \\\"Property Code\\\": \\\"092-101218\\\", \\\"Monitor\\\": \\\"0148148\\\", \\\"Keyboard\\\": \\\"121512532\\\", \\\"Mouse\\\": \\\"12512523\\\"}\", \"max_uses\": null, \"alert_qty\": 5, \"item_name\": \"Desktop\", \"qty_limit\": null, \"expiry_type\": \"\", \"is_disabled\": 0, \"itemType_id\": 16, \"rec_per_inv\": 0, \"allow_borrow\": 0, \"is_consumable\": 0, \"laboratory_id\": \"90120242184\", \"lead_time_prep\": 0, \"rec_expiration\": 0, \"maintenance_interval\": null}'),(80,'UPDATE','2025-03-04 12:38:25',NULL,'10120257410','{\"item_id\": \"10120257410\", \"add_cols\": \"{\\\"Grade\\\": null, \\\"Nature\\\": null, \\\"Quantity per Unit\\\": null, \\\"Unit\\\": \\\"mL\\\"}\", \"max_uses\": null, \"alert_qty\": 0, \"item_name\": \"Ethanol\", \"qty_limit\": null, \"expiry_type\": \"\", \"is_disabled\": 0, \"itemType_id\": 13, \"rec_per_inv\": 0, \"allow_borrow\": 0, \"is_consumable\": 0, \"laboratory_id\": \"90120245954\", \"lead_time_prep\": 0, \"rec_expiration\": 0, \"maintenance_interval\": null}','{\"item_id\": \"10120257410\", \"add_cols\": \"{\\\"Grade\\\": null, \\\"Nature\\\": null, \\\"Quantity per Unit\\\": null, \\\"Unit\\\": \\\"mL\\\"}\", \"max_uses\": null, \"alert_qty\": 0, \"item_name\": \"Ethanol\", \"qty_limit\": null, \"expiry_type\": \"\", \"is_disabled\": 0, \"itemType_id\": 13, \"rec_per_inv\": 0, \"allow_borrow\": 0, \"is_consumable\": 0, \"laboratory_id\": \"90120245954\", \"lead_time_prep\": 0, \"rec_expiration\": 0, \"maintenance_interval\": null}'),(81,'UPDATE','2025-03-04 12:38:25',NULL,'10120257488','{\"item_id\": \"10120257488\", \"add_cols\": \"{\\\"Grade (A, B, C)\\\": null}\", \"max_uses\": null, \"alert_qty\": 0, \"item_name\": \"Weighing scale\", \"qty_limit\": null, \"expiry_type\": \"\", \"is_disabled\": 0, \"itemType_id\": 3, \"rec_per_inv\": 0, \"allow_borrow\": 0, \"is_consumable\": 0, \"laboratory_id\": \"1\", \"lead_time_prep\": null, \"rec_expiration\": 0, \"maintenance_interval\": null}','{\"item_id\": \"10120257488\", \"add_cols\": \"{\\\"Grade (A, B, C)\\\": null}\", \"max_uses\": null, \"alert_qty\": 0, \"item_name\": \"Weighing scale\", \"qty_limit\": null, \"expiry_type\": \"\", \"is_disabled\": 0, \"itemType_id\": 3, \"rec_per_inv\": 0, \"allow_borrow\": 0, \"is_consumable\": 0, \"laboratory_id\": \"1\", \"lead_time_prep\": null, \"rec_expiration\": 0, \"maintenance_interval\": null}'),(82,'UPDATE','2025-03-04 12:38:25',NULL,'10120257835','{\"item_id\": \"10120257835\", \"add_cols\": \"{\\\"Grade (A, B, C)\\\": \\\"B\\\"}\", \"max_uses\": 10, \"alert_qty\": 0, \"item_name\": \"Lab Gowns\", \"qty_limit\": null, \"expiry_type\": \"Usage\", \"is_disabled\": 0, \"itemType_id\": 3, \"rec_per_inv\": 0, \"allow_borrow\": 0, \"is_consumable\": 0, \"laboratory_id\": \"1\", \"lead_time_prep\": 0, \"rec_expiration\": 0, \"maintenance_interval\": null}','{\"item_id\": \"10120257835\", \"add_cols\": \"{\\\"Grade (A, B, C)\\\": \\\"B\\\"}\", \"max_uses\": 10, \"alert_qty\": 0, \"item_name\": \"Lab Gowns\", \"qty_limit\": null, \"expiry_type\": \"Usage\", \"is_disabled\": 0, \"itemType_id\": 3, \"rec_per_inv\": 0, \"allow_borrow\": 0, \"is_consumable\": 0, \"laboratory_id\": \"1\", \"lead_time_prep\": 0, \"rec_expiration\": 0, \"maintenance_interval\": null}'),(83,'UPDATE','2025-03-04 12:38:25',NULL,'10120257874','{\"item_id\": \"10120257874\", \"add_cols\": \"{\\\"Nature\\\": \\\"organic\\\", \\\"Grade\\\": \\\"normal\\\", \\\"chemical formula\\\": NaN, \\\"synonyms\\\": NaN}\", \"max_uses\": null, \"alert_qty\": 0, \"item_name\": \"Sodium Chloride\", \"qty_limit\": null, \"expiry_type\": null, \"is_disabled\": 0, \"itemType_id\": 1, \"rec_per_inv\": 0, \"allow_borrow\": 0, \"is_consumable\": 0, \"laboratory_id\": \"1\", \"lead_time_prep\": 0, \"rec_expiration\": 0, \"maintenance_interval\": null}','{\"item_id\": \"10120257874\", \"add_cols\": \"{\\\"Nature\\\": \\\"organic\\\", \\\"Grade\\\": \\\"normal\\\", \\\"chemical formula\\\": NaN, \\\"synonyms\\\": NaN}\", \"max_uses\": null, \"alert_qty\": 0, \"item_name\": \"Sodium Chloride\", \"qty_limit\": null, \"expiry_type\": null, \"is_disabled\": 0, \"itemType_id\": 1, \"rec_per_inv\": 0, \"allow_borrow\": 0, \"is_consumable\": 0, \"laboratory_id\": \"1\", \"lead_time_prep\": 0, \"rec_expiration\": 0, \"maintenance_interval\": null}'),(84,'UPDATE','2025-03-04 12:38:25',NULL,'10120258015','{\"item_id\": \"10120258015\", \"add_cols\": \"{\\\"Purpose\\\": \\\"Display Setup\\\", \\\"Remarks\\\": \\\"2m length\\\"}\", \"max_uses\": null, \"alert_qty\": 0, \"item_name\": \"HDMI Cable\", \"qty_limit\": null, \"expiry_type\": \"\", \"is_disabled\": 0, \"itemType_id\": 18, \"rec_per_inv\": 0, \"allow_borrow\": 0, \"is_consumable\": 0, \"laboratory_id\": \"90120242184\", \"lead_time_prep\": 0, \"rec_expiration\": 0, \"maintenance_interval\": null}','{\"item_id\": \"10120258015\", \"add_cols\": \"{\\\"Purpose\\\": \\\"Display Setup\\\", \\\"Remarks\\\": \\\"2m length\\\"}\", \"max_uses\": null, \"alert_qty\": 0, \"item_name\": \"HDMI Cable\", \"qty_limit\": null, \"expiry_type\": \"\", \"is_disabled\": 0, \"itemType_id\": 18, \"rec_per_inv\": 0, \"allow_borrow\": 0, \"is_consumable\": 0, \"laboratory_id\": \"90120242184\", \"lead_time_prep\": 0, \"rec_expiration\": 0, \"maintenance_interval\": null}'),(85,'UPDATE','2025-03-04 12:38:25',NULL,'10120258208','{\"item_id\": \"10120258208\", \"add_cols\": \"{\\\"Nature\\\": \\\"Liquid\\\", \\\"Grade\\\": \\\"G\\\", \\\"chemical formula\\\": \\\"Hg\\\", \\\"synonyms\\\": \\\"hydrargyrum\\\"}\", \"max_uses\": null, \"alert_qty\": 0, \"item_name\": \"Mercury\", \"qty_limit\": null, \"expiry_type\": null, \"is_disabled\": 0, \"itemType_id\": 1, \"rec_per_inv\": 0, \"allow_borrow\": 0, \"is_consumable\": 0, \"laboratory_id\": \"1\", \"lead_time_prep\": 0, \"rec_expiration\": 0, \"maintenance_interval\": null}','{\"item_id\": \"10120258208\", \"add_cols\": \"{\\\"Nature\\\": \\\"Liquid\\\", \\\"Grade\\\": \\\"G\\\", \\\"chemical formula\\\": \\\"Hg\\\", \\\"synonyms\\\": \\\"hydrargyrum\\\"}\", \"max_uses\": null, \"alert_qty\": 0, \"item_name\": \"Mercury\", \"qty_limit\": null, \"expiry_type\": null, \"is_disabled\": 0, \"itemType_id\": 1, \"rec_per_inv\": 0, \"allow_borrow\": 0, \"is_consumable\": 0, \"laboratory_id\": \"1\", \"lead_time_prep\": 0, \"rec_expiration\": 0, \"maintenance_interval\": null}'),(86,'UPDATE','2025-03-04 12:38:25',NULL,'10120258278','{\"item_id\": \"10120258278\", \"add_cols\": \"{\\\"Type\\\": \\\"Measurement Tool\\\", \\\"Condition\\\": \\\"Good\\\", \\\"Specifications / Notes\\\": \\\"0-150mm range, 0.02mm accuracy\\\"}\", \"max_uses\": null, \"alert_qty\": 0, \"item_name\": \"Vernier Caliper\", \"qty_limit\": null, \"expiry_type\": \"\", \"is_disabled\": 0, \"itemType_id\": 19, \"rec_per_inv\": 0, \"allow_borrow\": 0, \"is_consumable\": 0, \"laboratory_id\": \"90120257523\", \"lead_time_prep\": 0, \"rec_expiration\": 0, \"maintenance_interval\": null}','{\"item_id\": \"10120258278\", \"add_cols\": \"{\\\"Type\\\": \\\"Measurement Tool\\\", \\\"Condition\\\": \\\"Good\\\", \\\"Specifications / Notes\\\": \\\"0-150mm range, 0.02mm accuracy\\\"}\", \"max_uses\": null, \"alert_qty\": 0, \"item_name\": \"Vernier Caliper\", \"qty_limit\": null, \"expiry_type\": \"\", \"is_disabled\": 0, \"itemType_id\": 19, \"rec_per_inv\": 0, \"allow_borrow\": 0, \"is_consumable\": 0, \"laboratory_id\": \"90120257523\", \"lead_time_prep\": 0, \"rec_expiration\": 0, \"maintenance_interval\": null}'),(87,'UPDATE','2025-03-04 12:38:25',NULL,'10120258651','{\"item_id\": \"10120258651\", \"add_cols\": \"{\\\"Grade\\\": \\\"A\\\", \\\"Nature\\\": \\\"liquid\\\", \\\"Quantity per Unit\\\": \\\"10\\\", \\\"Unit\\\": \\\"L\\\"}\", \"max_uses\": null, \"alert_qty\": 3, \"item_name\": \"Alcohol\", \"qty_limit\": null, \"expiry_type\": \"\", \"is_disabled\": 0, \"itemType_id\": 13, \"rec_per_inv\": 0, \"allow_borrow\": 0, \"is_consumable\": 0, \"laboratory_id\": \"90120245954\", \"lead_time_prep\": 0, \"rec_expiration\": 0, \"maintenance_interval\": null}','{\"item_id\": \"10120258651\", \"add_cols\": \"{\\\"Grade\\\": \\\"A\\\", \\\"Nature\\\": \\\"liquid\\\", \\\"Quantity per Unit\\\": \\\"10\\\", \\\"Unit\\\": \\\"L\\\"}\", \"max_uses\": null, \"alert_qty\": 3, \"item_name\": \"Alcohol\", \"qty_limit\": null, \"expiry_type\": \"\", \"is_disabled\": 0, \"itemType_id\": 13, \"rec_per_inv\": 0, \"allow_borrow\": 0, \"is_consumable\": 0, \"laboratory_id\": \"90120245954\", \"lead_time_prep\": 0, \"rec_expiration\": 0, \"maintenance_interval\": null}'),(88,'UPDATE','2025-03-04 12:38:25',NULL,'10120258702','{\"item_id\": \"10120258702\", \"add_cols\": \"{\\\"License Type\\\": \\\"Subscription\\\", \\\"Included Features\\\": \\\"Word, Excel, PowerPoint\\\"}\", \"max_uses\": null, \"alert_qty\": 0, \"item_name\": \"Microsoft Office 365\", \"qty_limit\": null, \"expiry_type\": \"Date\", \"is_disabled\": 0, \"itemType_id\": 17, \"rec_per_inv\": 0, \"allow_borrow\": 0, \"is_consumable\": 0, \"laboratory_id\": \"90120242184\", \"lead_time_prep\": 0, \"rec_expiration\": 0, \"maintenance_interval\": null}','{\"item_id\": \"10120258702\", \"add_cols\": \"{\\\"License Type\\\": \\\"Subscription\\\", \\\"Included Features\\\": \\\"Word, Excel, PowerPoint\\\"}\", \"max_uses\": null, \"alert_qty\": 0, \"item_name\": \"Microsoft Office 365\", \"qty_limit\": null, \"expiry_type\": \"Date\", \"is_disabled\": 0, \"itemType_id\": 17, \"rec_per_inv\": 0, \"allow_borrow\": 0, \"is_consumable\": 0, \"laboratory_id\": \"90120242184\", \"lead_time_prep\": 0, \"rec_expiration\": 0, \"maintenance_interval\": null}'),(89,'UPDATE','2025-03-04 12:38:25',NULL,'10120258824','{\"item_id\": \"10120258824\", \"add_cols\": \"{\\\"Grade (A, B, C)\\\": null}\", \"max_uses\": null, \"alert_qty\": 0, \"item_name\": \"Thermometer\", \"qty_limit\": null, \"expiry_type\": null, \"is_disabled\": 0, \"itemType_id\": 3, \"rec_per_inv\": 0, \"allow_borrow\": 0, \"is_consumable\": 0, \"laboratory_id\": \"1\", \"lead_time_prep\": 0, \"rec_expiration\": 0, \"maintenance_interval\": null}','{\"item_id\": \"10120258824\", \"add_cols\": \"{\\\"Grade (A, B, C)\\\": null}\", \"max_uses\": null, \"alert_qty\": 0, \"item_name\": \"Thermometer\", \"qty_limit\": null, \"expiry_type\": null, \"is_disabled\": 0, \"itemType_id\": 3, \"rec_per_inv\": 0, \"allow_borrow\": 0, \"is_consumable\": 0, \"laboratory_id\": \"1\", \"lead_time_prep\": 0, \"rec_expiration\": 0, \"maintenance_interval\": null}'),(90,'UPDATE','2025-03-04 12:38:25',NULL,'10120259173','{\"item_id\": \"10120259173\", \"add_cols\": \"{\\\"Model / Type\\\": \\\"20MHz Digital\\\", \\\"Status\\\": \\\"Good\\\", \\\"Additional Info\\\": \\\"Dual-channel, LCD display\\\"}\", \"max_uses\": null, \"alert_qty\": 0, \"item_name\": \"Oscilloscope\", \"qty_limit\": null, \"expiry_type\": \"\", \"is_disabled\": 0, \"itemType_id\": 20, \"rec_per_inv\": 0, \"allow_borrow\": 0, \"is_consumable\": 0, \"laboratory_id\": \"90120257523\", \"lead_time_prep\": 0, \"rec_expiration\": 0, \"maintenance_interval\": null}','{\"item_id\": \"10120259173\", \"add_cols\": \"{\\\"Model / Type\\\": \\\"20MHz Digital\\\", \\\"Status\\\": \\\"Good\\\", \\\"Additional Info\\\": \\\"Dual-channel, LCD display\\\"}\", \"max_uses\": null, \"alert_qty\": 0, \"item_name\": \"Oscilloscope\", \"qty_limit\": null, \"expiry_type\": \"\", \"is_disabled\": 0, \"itemType_id\": 20, \"rec_per_inv\": 0, \"allow_borrow\": 0, \"is_consumable\": 0, \"laboratory_id\": \"90120257523\", \"lead_time_prep\": 0, \"rec_expiration\": 0, \"maintenance_interval\": null}'),(91,'UPDATE','2025-03-04 12:38:25',NULL,'10120259246','{\"item_id\": \"10120259246\", \"add_cols\": \"{}\", \"max_uses\": null, \"alert_qty\": 0, \"item_name\": \"Microscope\", \"qty_limit\": null, \"expiry_type\": \"\", \"is_disabled\": 0, \"itemType_id\": 15, \"rec_per_inv\": 0, \"allow_borrow\": 0, \"is_consumable\": 0, \"laboratory_id\": \"90120245954\", \"lead_time_prep\": 0, \"rec_expiration\": 0, \"maintenance_interval\": null}','{\"item_id\": \"10120259246\", \"add_cols\": \"{}\", \"max_uses\": null, \"alert_qty\": 0, \"item_name\": \"Microscope\", \"qty_limit\": null, \"expiry_type\": \"\", \"is_disabled\": 0, \"itemType_id\": 15, \"rec_per_inv\": 0, \"allow_borrow\": 0, \"is_consumable\": 0, \"laboratory_id\": \"90120245954\", \"lead_time_prep\": 0, \"rec_expiration\": 0, \"maintenance_interval\": null}'),(92,'UPDATE','2025-03-04 12:38:25',NULL,'10120259519','{\"item_id\": \"10120259519\", \"add_cols\": \"{\\\"License Type\\\": \\\"Volume License\\\", \\\"Included Features\\\": \\\"64-bit OS\\\"}\", \"max_uses\": null, \"alert_qty\": 0, \"item_name\": \"Windows 11 Pro\", \"qty_limit\": null, \"expiry_type\": \"Date\", \"is_disabled\": 0, \"itemType_id\": 17, \"rec_per_inv\": 0, \"allow_borrow\": 0, \"is_consumable\": 0, \"laboratory_id\": \"90120242184\", \"lead_time_prep\": 0, \"rec_expiration\": 0, \"maintenance_interval\": null}','{\"item_id\": \"10120259519\", \"add_cols\": \"{\\\"License Type\\\": \\\"Volume License\\\", \\\"Included Features\\\": \\\"64-bit OS\\\"}\", \"max_uses\": null, \"alert_qty\": 0, \"item_name\": \"Windows 11 Pro\", \"qty_limit\": null, \"expiry_type\": \"Date\", \"is_disabled\": 0, \"itemType_id\": 17, \"rec_per_inv\": 0, \"allow_borrow\": 0, \"is_consumable\": 0, \"laboratory_id\": \"90120242184\", \"lead_time_prep\": 0, \"rec_expiration\": 0, \"maintenance_interval\": null}'),(93,'UPDATE','2025-03-04 12:38:25',NULL,'11','{\"item_id\": \"11\", \"add_cols\": \"{\\\"Nature\\\": \\\"Solid\\\", \\\"Grade\\\": \\\"N\\\", \\\"chemical formula\\\": \\\"h2o2\\\", \\\"synonyms\\\": \\\"agua oxinada, something\\\"}\", \"max_uses\": null, \"alert_qty\": 0, \"item_name\": \"Hydrogen Peroxide\", \"qty_limit\": null, \"expiry_type\": null, \"is_disabled\": 0, \"itemType_id\": 1, \"rec_per_inv\": 0, \"allow_borrow\": 0, \"is_consumable\": 0, \"laboratory_id\": \"1\", \"lead_time_prep\": 0, \"rec_expiration\": 0, \"maintenance_interval\": null}','{\"item_id\": \"11\", \"add_cols\": \"{\\\"Nature\\\": \\\"Solid\\\", \\\"Grade\\\": \\\"N\\\", \\\"chemical formula\\\": \\\"h2o2\\\", \\\"synonyms\\\": \\\"agua oxinada, something\\\"}\", \"max_uses\": null, \"alert_qty\": 0, \"item_name\": \"Hydrogen Peroxide\", \"qty_limit\": null, \"expiry_type\": null, \"is_disabled\": 0, \"itemType_id\": 1, \"rec_per_inv\": 0, \"allow_borrow\": 0, \"is_consumable\": 0, \"laboratory_id\": \"1\", \"lead_time_prep\": 0, \"rec_expiration\": 0, \"maintenance_interval\": null}'),(94,'UPDATE','2025-03-04 12:38:25',NULL,'12','{\"item_id\": \"12\", \"add_cols\": \"{\\\"Nature\\\": \\\"acid\\\", \\\"Grade\\\": \\\"normal\\\", \\\"Location\\\": \\\"gk204\\\", \\\"Kind\\\": \\\"liquid\\\"}\", \"max_uses\": null, \"alert_qty\": 10, \"item_name\": \"Sulphuric Acid \", \"qty_limit\": null, \"expiry_type\": \"Date\", \"is_disabled\": 1, \"itemType_id\": 1, \"rec_per_inv\": 0, \"allow_borrow\": 1, \"is_consumable\": 1, \"laboratory_id\": \"1\", \"lead_time_prep\": 0, \"rec_expiration\": 1, \"maintenance_interval\": null}','{\"item_id\": \"12\", \"add_cols\": \"{\\\"Nature\\\": \\\"acid\\\", \\\"Grade\\\": \\\"normal\\\", \\\"Location\\\": \\\"gk204\\\", \\\"Kind\\\": \\\"liquid\\\"}\", \"max_uses\": null, \"alert_qty\": 10, \"item_name\": \"Sulphuric Acid \", \"qty_limit\": null, \"expiry_type\": \"Date\", \"is_disabled\": 1, \"itemType_id\": 1, \"rec_per_inv\": 0, \"allow_borrow\": 1, \"is_consumable\": 1, \"laboratory_id\": \"1\", \"lead_time_prep\": 0, \"rec_expiration\": 1, \"maintenance_interval\": null}'),(95,'UPDATE','2025-03-04 12:38:25',NULL,'13','{\"item_id\": \"13\", \"add_cols\": \"{\\\"Nature\\\": \\\"acid\\\", \\\"Grade\\\": \\\"normal\\\", \\\"Location\\\": \\\"gk204\\\", \\\"Kind\\\": \\\"liquid\\\"}\", \"max_uses\": null, \"alert_qty\": 10, \"item_name\": \"Sulphuric Acid \", \"qty_limit\": null, \"expiry_type\": \"Date\", \"is_disabled\": 1, \"itemType_id\": 1, \"rec_per_inv\": 0, \"allow_borrow\": 1, \"is_consumable\": 1, \"laboratory_id\": \"1\", \"lead_time_prep\": 0, \"rec_expiration\": 1, \"maintenance_interval\": null}','{\"item_id\": \"13\", \"add_cols\": \"{\\\"Nature\\\": \\\"acid\\\", \\\"Grade\\\": \\\"normal\\\", \\\"Location\\\": \\\"gk204\\\", \\\"Kind\\\": \\\"liquid\\\"}\", \"max_uses\": null, \"alert_qty\": 10, \"item_name\": \"Sulphuric Acid \", \"qty_limit\": null, \"expiry_type\": \"Date\", \"is_disabled\": 1, \"itemType_id\": 1, \"rec_per_inv\": 0, \"allow_borrow\": 1, \"is_consumable\": 1, \"laboratory_id\": \"1\", \"lead_time_prep\": 0, \"rec_expiration\": 1, \"maintenance_interval\": null}'),(96,'UPDATE','2025-03-04 12:38:25',NULL,'14','{\"item_id\": \"14\", \"add_cols\": \"{\\\"Nature\\\": \\\"acid\\\", \\\"Grade\\\": \\\"normal\\\", \\\"Location\\\": \\\"gk204\\\", \\\"Kind\\\": \\\"liquid\\\"}\", \"max_uses\": null, \"alert_qty\": 10, \"item_name\": \"Sulphuric Acid \", \"qty_limit\": 3, \"expiry_type\": \"Date\", \"is_disabled\": 0, \"itemType_id\": 1, \"rec_per_inv\": 0, \"allow_borrow\": 0, \"is_consumable\": 0, \"laboratory_id\": \"1\", \"lead_time_prep\": 0, \"rec_expiration\": 1, \"maintenance_interval\": null}','{\"item_id\": \"14\", \"add_cols\": \"{\\\"Nature\\\": \\\"acid\\\", \\\"Grade\\\": \\\"normal\\\", \\\"Location\\\": \\\"gk204\\\", \\\"Kind\\\": \\\"liquid\\\"}\", \"max_uses\": null, \"alert_qty\": 10, \"item_name\": \"Sulphuric Acid \", \"qty_limit\": 3, \"expiry_type\": \"Date\", \"is_disabled\": 0, \"itemType_id\": 1, \"rec_per_inv\": 0, \"allow_borrow\": 0, \"is_consumable\": 0, \"laboratory_id\": \"1\", \"lead_time_prep\": 0, \"rec_expiration\": 1, \"maintenance_interval\": null}'),(97,'UPDATE','2025-03-04 12:38:25',NULL,'15','{\"item_id\": \"15\", \"add_cols\": \"{\\\"Brand (Apple, Windows)\\\": null, \\\"Grade (A, B, C)\\\": null}\", \"max_uses\": null, \"alert_qty\": 0, \"item_name\": \"Laptop\", \"qty_limit\": null, \"expiry_type\": null, \"is_disabled\": 1, \"itemType_id\": 3, \"rec_per_inv\": 0, \"allow_borrow\": 0, \"is_consumable\": 0, \"laboratory_id\": \"1\", \"lead_time_prep\": 0, \"rec_expiration\": 0, \"maintenance_interval\": null}','{\"item_id\": \"15\", \"add_cols\": \"{\\\"Brand (Apple, Windows)\\\": null, \\\"Grade (A, B, C)\\\": null}\", \"max_uses\": null, \"alert_qty\": 0, \"item_name\": \"Laptop\", \"qty_limit\": null, \"expiry_type\": null, \"is_disabled\": 1, \"itemType_id\": 3, \"rec_per_inv\": 0, \"allow_borrow\": 0, \"is_consumable\": 0, \"laboratory_id\": \"1\", \"lead_time_prep\": 0, \"rec_expiration\": 0, \"maintenance_interval\": null}'),(98,'UPDATE','2025-03-04 12:38:25',NULL,'16','{\"item_id\": \"16\", \"add_cols\": \"{\\\"Nature\\\": \\\"organic\\\", \\\"Brand\\\": null, \\\"Location\\\": \\\"gk204\\\", \\\"Status\\\": null, \\\"L or S\\\": null, \\\"Capacity\\\": 200, \\\"Dimension\\\": \\\"mL\\\"}\", \"max_uses\": null, \"alert_qty\": 0, \"item_name\": \"Beaker\", \"qty_limit\": null, \"expiry_type\": null, \"is_disabled\": 0, \"itemType_id\": 2, \"rec_per_inv\": 1, \"allow_borrow\": 0, \"is_consumable\": 0, \"laboratory_id\": \"1\", \"lead_time_prep\": 0, \"rec_expiration\": 0, \"maintenance_interval\": null}','{\"item_id\": \"16\", \"add_cols\": \"{\\\"Nature\\\": \\\"organic\\\", \\\"Brand\\\": null, \\\"Location\\\": \\\"gk204\\\", \\\"Status\\\": null, \\\"L or S\\\": null, \\\"Capacity\\\": 200, \\\"Dimension\\\": \\\"mL\\\"}\", \"max_uses\": null, \"alert_qty\": 0, \"item_name\": \"Beaker\", \"qty_limit\": null, \"expiry_type\": null, \"is_disabled\": 0, \"itemType_id\": 2, \"rec_per_inv\": 1, \"allow_borrow\": 0, \"is_consumable\": 0, \"laboratory_id\": \"1\", \"lead_time_prep\": 0, \"rec_expiration\": 0, \"maintenance_interval\": null}'),(99,'UPDATE','2025-03-04 12:38:25',NULL,'17','{\"item_id\": \"17\", \"add_cols\": \"{\\\"Nature\\\": \\\"\\\", \\\"Grade\\\": \\\"\\\", \\\"Location\\\": \\\"\\\", \\\"Kind\\\": \\\"\\\", \\\"chemical formula\\\": \\\"\\\", \\\"synonyms\\\": \\\"\\\"}\", \"max_uses\": null, \"alert_qty\": 0, \"item_name\": \"Cobalt CHloride\", \"qty_limit\": null, \"expiry_type\": null, \"is_disabled\": 1, \"itemType_id\": 1, \"rec_per_inv\": 0, \"allow_borrow\": 1, \"is_consumable\": 1, \"laboratory_id\": \"1\", \"lead_time_prep\": 0, \"rec_expiration\": 0, \"maintenance_interval\": null}','{\"item_id\": \"17\", \"add_cols\": \"{\\\"Nature\\\": \\\"\\\", \\\"Grade\\\": \\\"\\\", \\\"Location\\\": \\\"\\\", \\\"Kind\\\": \\\"\\\", \\\"chemical formula\\\": \\\"\\\", \\\"synonyms\\\": \\\"\\\"}\", \"max_uses\": null, \"alert_qty\": 0, \"item_name\": \"Cobalt CHloride\", \"qty_limit\": null, \"expiry_type\": null, \"is_disabled\": 1, \"itemType_id\": 1, \"rec_per_inv\": 0, \"allow_borrow\": 1, \"is_consumable\": 1, \"laboratory_id\": \"1\", \"lead_time_prep\": 0, \"rec_expiration\": 0, \"maintenance_interval\": null}'),(100,'UPDATE','2025-03-04 12:38:25',NULL,'18','{\"item_id\": \"18\", \"add_cols\": \"{\\\"Capacity (1L, 2L, 3L)\\\": \\\"None\\\", \\\"Brand\\\": \\\"pyrex\\\"}\", \"max_uses\": null, \"alert_qty\": 10, \"item_name\": \"pH meters\", \"qty_limit\": null, \"expiry_type\": null, \"is_disabled\": 1, \"itemType_id\": null, \"rec_per_inv\": 0, \"allow_borrow\": 0, \"is_consumable\": 0, \"laboratory_id\": \"1\", \"lead_time_prep\": 0, \"rec_expiration\": 0, \"maintenance_interval\": null}','{\"item_id\": \"18\", \"add_cols\": \"{\\\"Capacity (1L, 2L, 3L)\\\": \\\"None\\\", \\\"Brand\\\": \\\"pyrex\\\"}\", \"max_uses\": null, \"alert_qty\": 10, \"item_name\": \"pH meters\", \"qty_limit\": null, \"expiry_type\": null, \"is_disabled\": 1, \"itemType_id\": null, \"rec_per_inv\": 0, \"allow_borrow\": 0, \"is_consumable\": 0, \"laboratory_id\": \"1\", \"lead_time_prep\": 0, \"rec_expiration\": 0, \"maintenance_interval\": null}'),(101,'UPDATE','2025-03-04 12:38:25',NULL,'19','{\"item_id\": \"19\", \"add_cols\": \"{\\\"Nature\\\": \\\"organic\\\", \\\"Grade\\\": \\\"normal\\\", \\\"Location\\\": \\\"gk204\\\", \\\"Kind\\\": \\\"solid\\\", \\\"Amount\\\": \\\"5\\\", \\\"Dimension\\\": \\\"L\\\"}\", \"max_uses\": null, \"alert_qty\": 0, \"item_name\": \"Ethanol\", \"qty_limit\": null, \"expiry_type\": null, \"is_disabled\": 1, \"itemType_id\": 1, \"rec_per_inv\": 0, \"allow_borrow\": 1, \"is_consumable\": 1, \"laboratory_id\": \"1\", \"lead_time_prep\": 0, \"rec_expiration\": 0, \"maintenance_interval\": null}','{\"item_id\": \"19\", \"add_cols\": \"{\\\"Nature\\\": \\\"organic\\\", \\\"Grade\\\": \\\"normal\\\", \\\"Location\\\": \\\"gk204\\\", \\\"Kind\\\": \\\"solid\\\", \\\"Amount\\\": \\\"5\\\", \\\"Dimension\\\": \\\"L\\\"}\", \"max_uses\": null, \"alert_qty\": 0, \"item_name\": \"Ethanol\", \"qty_limit\": null, \"expiry_type\": null, \"is_disabled\": 1, \"itemType_id\": 1, \"rec_per_inv\": 0, \"allow_borrow\": 1, \"is_consumable\": 1, \"laboratory_id\": \"1\", \"lead_time_prep\": 0, \"rec_expiration\": 0, \"maintenance_interval\": null}'),(102,'UPDATE','2025-03-04 12:38:25',NULL,'2','{\"item_id\": \"2\", \"add_cols\": \"{\\\"Nature\\\": \\\"solid\\\", \\\"Grade\\\": \\\"good\\\", \\\"chemical formula\\\": \\\"Cu2082Hu2086O\\\", \\\"synonyms\\\": \\\"Alcohol\\\"}\", \"max_uses\": null, \"alert_qty\": 30, \"item_name\": \"Ethanol\", \"qty_limit\": 4, \"expiry_type\": \"Date\", \"is_disabled\": 0, \"itemType_id\": 1, \"rec_per_inv\": 0, \"allow_borrow\": 0, \"is_consumable\": 0, \"laboratory_id\": \"1\", \"lead_time_prep\": 0, \"rec_expiration\": 1, \"maintenance_interval\": null}','{\"item_id\": \"2\", \"add_cols\": \"{\\\"Nature\\\": \\\"solid\\\", \\\"Grade\\\": \\\"good\\\", \\\"chemical formula\\\": \\\"Cu2082Hu2086O\\\", \\\"synonyms\\\": \\\"Alcohol\\\"}\", \"max_uses\": null, \"alert_qty\": 30, \"item_name\": \"Ethanol\", \"qty_limit\": 4, \"expiry_type\": \"Date\", \"is_disabled\": 0, \"itemType_id\": 1, \"rec_per_inv\": 0, \"allow_borrow\": 0, \"is_consumable\": 0, \"laboratory_id\": \"1\", \"lead_time_prep\": 0, \"rec_expiration\": 1, \"maintenance_interval\": null}'),(103,'UPDATE','2025-03-04 12:38:25',NULL,'3','{\"item_id\": \"3\", \"add_cols\": \"{\\\"Nature\\\": \\\"organic\\\", \\\"Grade\\\": \\\"normal\\\", \\\"Location\\\": \\\"gk204\\\", \\\"Kind\\\": \\\"solid\\\"}\", \"max_uses\": null, \"alert_qty\": 10, \"item_name\": \"Sodium Chloride\", \"qty_limit\": 2, \"expiry_type\": \"Date\", \"is_disabled\": 0, \"itemType_id\": 1, \"rec_per_inv\": 0, \"allow_borrow\": 0, \"is_consumable\": 0, \"laboratory_id\": \"1\", \"lead_time_prep\": 0, \"rec_expiration\": 1, \"maintenance_interval\": null}','{\"item_id\": \"3\", \"add_cols\": \"{\\\"Nature\\\": \\\"organic\\\", \\\"Grade\\\": \\\"normal\\\", \\\"Location\\\": \\\"gk204\\\", \\\"Kind\\\": \\\"solid\\\"}\", \"max_uses\": null, \"alert_qty\": 10, \"item_name\": \"Sodium Chloride\", \"qty_limit\": 2, \"expiry_type\": \"Date\", \"is_disabled\": 0, \"itemType_id\": 1, \"rec_per_inv\": 0, \"allow_borrow\": 0, \"is_consumable\": 0, \"laboratory_id\": \"1\", \"lead_time_prep\": 0, \"rec_expiration\": 1, \"maintenance_interval\": null}'),(104,'UPDATE','2025-03-04 12:38:25',NULL,'4','{\"item_id\": \"4\", \"add_cols\": \"{\\\"Nature\\\": \\\"organic\\\", \\\"Brand\\\": \\\"pyrex\\\", \\\"Location\\\": \\\"gk204\\\", \\\"Status\\\": \\\"good\\\", \\\"L or S\\\": \\\"L\\\"}\", \"max_uses\": null, \"alert_qty\": 0, \"item_name\": \"Beaker\", \"qty_limit\": null, \"expiry_type\": null, \"is_disabled\": 1, \"itemType_id\": 2, \"rec_per_inv\": 0, \"allow_borrow\": 1, \"is_consumable\": 1, \"laboratory_id\": \"1\", \"lead_time_prep\": 0, \"rec_expiration\": 0, \"maintenance_interval\": null}','{\"item_id\": \"4\", \"add_cols\": \"{\\\"Nature\\\": \\\"organic\\\", \\\"Brand\\\": \\\"pyrex\\\", \\\"Location\\\": \\\"gk204\\\", \\\"Status\\\": \\\"good\\\", \\\"L or S\\\": \\\"L\\\"}\", \"max_uses\": null, \"alert_qty\": 0, \"item_name\": \"Beaker\", \"qty_limit\": null, \"expiry_type\": null, \"is_disabled\": 1, \"itemType_id\": 2, \"rec_per_inv\": 0, \"allow_borrow\": 1, \"is_consumable\": 1, \"laboratory_id\": \"1\", \"lead_time_prep\": 0, \"rec_expiration\": 0, \"maintenance_interval\": null}'),(105,'UPDATE','2025-03-04 12:38:25',NULL,'5','{\"item_id\": \"5\", \"add_cols\": \"{\\\"Nature\\\": \\\"ffg\\\", \\\"Brand\\\": \\\"pyrex\\\", \\\"Location\\\": \\\"gk204\\\", \\\"Status\\\": \\\"good\\\", \\\"L or S\\\": \\\"L\\\"}\", \"max_uses\": null, \"alert_qty\": 10, \"item_name\": \"Pitot Tube\", \"qty_limit\": null, \"expiry_type\": null, \"is_disabled\": 0, \"itemType_id\": 2, \"rec_per_inv\": 0, \"allow_borrow\": 0, \"is_consumable\": 0, \"laboratory_id\": \"1\", \"lead_time_prep\": 0, \"rec_expiration\": 0, \"maintenance_interval\": null}','{\"item_id\": \"5\", \"add_cols\": \"{\\\"Nature\\\": \\\"ffg\\\", \\\"Brand\\\": \\\"pyrex\\\", \\\"Location\\\": \\\"gk204\\\", \\\"Status\\\": \\\"good\\\", \\\"L or S\\\": \\\"L\\\"}\", \"max_uses\": null, \"alert_qty\": 10, \"item_name\": \"Pitot Tube\", \"qty_limit\": null, \"expiry_type\": null, \"is_disabled\": 0, \"itemType_id\": 2, \"rec_per_inv\": 0, \"allow_borrow\": 0, \"is_consumable\": 0, \"laboratory_id\": \"1\", \"lead_time_prep\": 0, \"rec_expiration\": 0, \"maintenance_interval\": null}'),(106,'UPDATE','2025-03-04 12:38:25',NULL,'6','{\"item_id\": \"6\", \"add_cols\": \"{\\\"Nature\\\": \\\"organic\\\", \\\"Grade\\\": \\\"normal\\\", \\\"Location\\\": \\\"gk204\\\", \\\"Kind\\\": \\\"solid\\\"}\", \"max_uses\": null, \"alert_qty\": 0, \"item_name\": \"Hydrogen\", \"qty_limit\": null, \"expiry_type\": null, \"is_disabled\": 0, \"itemType_id\": 1, \"rec_per_inv\": 0, \"allow_borrow\": 0, \"is_consumable\": 0, \"laboratory_id\": \"1\", \"lead_time_prep\": 0, \"rec_expiration\": 0, \"maintenance_interval\": null}','{\"item_id\": \"6\", \"add_cols\": \"{\\\"Nature\\\": \\\"organic\\\", \\\"Grade\\\": \\\"normal\\\", \\\"Location\\\": \\\"gk204\\\", \\\"Kind\\\": \\\"solid\\\"}\", \"max_uses\": null, \"alert_qty\": 0, \"item_name\": \"Hydrogen\", \"qty_limit\": null, \"expiry_type\": null, \"is_disabled\": 0, \"itemType_id\": 1, \"rec_per_inv\": 0, \"allow_borrow\": 0, \"is_consumable\": 0, \"laboratory_id\": \"1\", \"lead_time_prep\": 0, \"rec_expiration\": 0, \"maintenance_interval\": null}'),(107,'UPDATE','2025-03-04 12:38:25',NULL,'7','{\"item_id\": \"7\", \"add_cols\": \"{\\\"Nature\\\": \\\"organic\\\", \\\"Grade\\\": \\\"normal\\\", \\\"Location\\\": \\\"gk204\\\", \\\"Kind\\\": \\\"liquid\\\"}\", \"max_uses\": null, \"alert_qty\": 0, \"item_name\": \"Iodine\", \"qty_limit\": null, \"expiry_type\": null, \"is_disabled\": 0, \"itemType_id\": 1, \"rec_per_inv\": 0, \"allow_borrow\": 0, \"is_consumable\": 0, \"laboratory_id\": \"1\", \"lead_time_prep\": 0, \"rec_expiration\": 0, \"maintenance_interval\": null}','{\"item_id\": \"7\", \"add_cols\": \"{\\\"Nature\\\": \\\"organic\\\", \\\"Grade\\\": \\\"normal\\\", \\\"Location\\\": \\\"gk204\\\", \\\"Kind\\\": \\\"liquid\\\"}\", \"max_uses\": null, \"alert_qty\": 0, \"item_name\": \"Iodine\", \"qty_limit\": null, \"expiry_type\": null, \"is_disabled\": 0, \"itemType_id\": 1, \"rec_per_inv\": 0, \"allow_borrow\": 0, \"is_consumable\": 0, \"laboratory_id\": \"1\", \"lead_time_prep\": 0, \"rec_expiration\": 0, \"maintenance_interval\": null}'),(108,'UPDATE','2025-03-04 12:38:25',NULL,'8','{\"item_id\": \"8\", \"add_cols\": \"{\\\"Nature\\\": \\\"organic\\\", \\\"Grade\\\": \\\"normal\\\", \\\"Location\\\": \\\"gk204\\\", \\\"Kind\\\": \\\"liquid\\\"}\", \"max_uses\": null, \"alert_qty\": 0, \"item_name\": \"Iodine\", \"qty_limit\": null, \"expiry_type\": null, \"is_disabled\": 1, \"itemType_id\": 1, \"rec_per_inv\": 0, \"allow_borrow\": 1, \"is_consumable\": 1, \"laboratory_id\": \"1\", \"lead_time_prep\": 0, \"rec_expiration\": 0, \"maintenance_interval\": null}','{\"item_id\": \"8\", \"add_cols\": \"{\\\"Nature\\\": \\\"organic\\\", \\\"Grade\\\": \\\"normal\\\", \\\"Location\\\": \\\"gk204\\\", \\\"Kind\\\": \\\"liquid\\\"}\", \"max_uses\": null, \"alert_qty\": 0, \"item_name\": \"Iodine\", \"qty_limit\": null, \"expiry_type\": null, \"is_disabled\": 1, \"itemType_id\": 1, \"rec_per_inv\": 0, \"allow_borrow\": 1, \"is_consumable\": 1, \"laboratory_id\": \"1\", \"lead_time_prep\": 0, \"rec_expiration\": 0, \"maintenance_interval\": null}'),(109,'UPDATE','2025-03-04 12:38:25',NULL,'9','{\"item_id\": \"9\", \"add_cols\": \"{\\\"Nature\\\": \\\"organic\\\", \\\"Grade\\\": \\\"normal\\\", \\\"Location\\\": \\\"gk204\\\", \\\"Kind\\\": \\\"liquid\\\"}\", \"max_uses\": null, \"alert_qty\": 0, \"item_name\": \"Iodine\", \"qty_limit\": null, \"expiry_type\": null, \"is_disabled\": 1, \"itemType_id\": 1, \"rec_per_inv\": 0, \"allow_borrow\": 1, \"is_consumable\": 1, \"laboratory_id\": \"1\", \"lead_time_prep\": 0, \"rec_expiration\": 0, \"maintenance_interval\": null}','{\"item_id\": \"9\", \"add_cols\": \"{\\\"Nature\\\": \\\"organic\\\", \\\"Grade\\\": \\\"normal\\\", \\\"Location\\\": \\\"gk204\\\", \\\"Kind\\\": \\\"liquid\\\"}\", \"max_uses\": null, \"alert_qty\": 0, \"item_name\": \"Iodine\", \"qty_limit\": null, \"expiry_type\": null, \"is_disabled\": 1, \"itemType_id\": 1, \"rec_per_inv\": 0, \"allow_borrow\": 1, \"is_consumable\": 1, \"laboratory_id\": \"1\", \"lead_time_prep\": 0, \"rec_expiration\": 0, \"maintenance_interval\": null}'),(110,'INSERT','2025-03-04 12:48:33','13','10120259093',NULL,'{\"item_id\": \"10120259093\", \"add_cols\": \"{\\\"Grade (A, B, C)\\\": null}\", \"max_uses\": null, \"alert_qty\": 0, \"item_name\": \"Bandage\", \"qty_limit\": null, \"expiry_type\": \"\", \"is_disabled\": 0, \"itemType_id\": 3, \"rec_per_inv\": 0, \"allow_borrow\": 0, \"is_consumable\": 0, \"laboratory_id\": \"1\", \"lead_time_prep\": null, \"rec_expiration\": 0, \"maintenance_interval\": null}'),(111,'INSERT','2025-03-04 15:07:16','13','10120258562',NULL,'{\"item_id\": \"10120258562\", \"add_cols\": \"{\\\"Grade (A, B, C)\\\": null}\", \"max_uses\": null, \"alert_qty\": 0, \"item_name\": \"chair\", \"qty_limit\": null, \"expiry_type\": \"\", \"is_disabled\": 0, \"itemType_id\": 3, \"rec_per_inv\": 0, \"allow_borrow\": 0, \"is_consumable\": 0, \"laboratory_id\": \"1\", \"lead_time_prep\": null, \"rec_expiration\": 0, \"maintenance_interval\": null}'),(112,'INSERT','2025-03-04 17:35:17','13','10120250923',NULL,'{\"item_id\": \"10120250923\", \"add_cols\": \"{\\\"Grade (A, B, C)\\\": null}\", \"max_uses\": null, \"alert_qty\": 0, \"item_name\": \"flashlight\", \"qty_limit\": null, \"expiry_type\": \"\", \"is_disabled\": 0, \"itemType_id\": 3, \"rec_per_inv\": 0, \"allow_borrow\": 0, \"is_consumable\": 0, \"laboratory_id\": \"1\", \"lead_time_prep\": null, \"rec_expiration\": 0, \"maintenance_interval\": null}'),(113,'INSERT','2025-03-06 12:40:41','11','10120253473',NULL,'{\"item_id\": \"10120253473\", \"add_cols\": \"{\\\"Grade (A, B, C)\\\": \\\"A\\\"}\", \"max_uses\": null, \"alert_qty\": 1, \"item_name\": \"Microscope\", \"qty_limit\": null, \"expiry_type\": null, \"is_disabled\": 0, \"itemType_id\": 3, \"rec_per_inv\": 0, \"allow_borrow\": 0, \"is_consumable\": 0, \"laboratory_id\": \"1\", \"lead_time_prep\": null, \"rec_expiration\": 0, \"maintenance_interval\": null}'),(114,'INSERT','2025-03-06 12:40:41','11','10120258712',NULL,'{\"item_id\": \"10120258712\", \"add_cols\": \"{\\\"Grade (A, B, C)\\\": \\\"A\\\"}\", \"max_uses\": null, \"alert_qty\": 2, \"item_name\": \"Thermometer\", \"qty_limit\": null, \"expiry_type\": null, \"is_disabled\": 0, \"itemType_id\": 3, \"rec_per_inv\": 0, \"allow_borrow\": 0, \"is_consumable\": 0, \"laboratory_id\": \"1\", \"lead_time_prep\": null, \"rec_expiration\": 0, \"maintenance_interval\": null}'),(115,'INSERT','2025-03-06 12:40:41','11','10120256486',NULL,'{\"item_id\": \"10120256486\", \"add_cols\": \"{\\\"Grade (A, B, C)\\\": \\\"B\\\"}\", \"max_uses\": null, \"alert_qty\": 3, \"item_name\": \"Gloves\", \"qty_limit\": null, \"expiry_type\": null, \"is_disabled\": 0, \"itemType_id\": 3, \"rec_per_inv\": 0, \"allow_borrow\": 0, \"is_consumable\": 0, \"laboratory_id\": \"1\", \"lead_time_prep\": null, \"rec_expiration\": 0, \"maintenance_interval\": null}'),(116,'UPDATE','2025-03-06 12:51:18','11','10120244169','{\"item_id\": \"10120244169\", \"add_cols\": \"{\\\"Nature\\\": \\\"Non-Organic\\\", \\\"Grade\\\": \\\"A+ss\\\", \\\"chemical formula\\\": \\\"AcA\\\", \\\"synonyms\\\": \\\"HAHA\\\"}\", \"max_uses\": null, \"alert_qty\": 0, \"item_name\": \"Acetic Acid\", \"qty_limit\": null, \"expiry_type\": null, \"is_disabled\": 0, \"itemType_id\": 1, \"rec_per_inv\": 0, \"allow_borrow\": 1, \"is_consumable\": 0, \"laboratory_id\": \"1\", \"lead_time_prep\": null, \"rec_expiration\": 0, \"maintenance_interval\": null}','{\"item_id\": \"10120244169\", \"add_cols\": \"{\\\"Nature\\\": \\\"Non-Organic\\\", \\\"Grade\\\": \\\"A+ss\\\", \\\"chemical formula\\\": \\\"AcA\\\", \\\"synonyms\\\": \\\"HAHA\\\"}\", \"max_uses\": null, \"alert_qty\": 0, \"item_name\": \"Acetic Acid\", \"qty_limit\": null, \"expiry_type\": null, \"is_disabled\": 0, \"itemType_id\": 1, \"rec_per_inv\": 0, \"allow_borrow\": 1, \"is_consumable\": 0, \"laboratory_id\": \"1\", \"lead_time_prep\": null, \"rec_expiration\": 0, \"maintenance_interval\": null}'),(117,'UPDATE','2025-03-06 12:51:18','11','10120244169','{\"item_id\": \"10120244169\", \"add_cols\": \"{\\\"Nature\\\": \\\"Non-Organic\\\", \\\"Grade\\\": \\\"A+ss\\\", \\\"chemical formula\\\": \\\"AcA\\\", \\\"synonyms\\\": \\\"HAHA\\\"}\", \"max_uses\": null, \"alert_qty\": 0, \"item_name\": \"Acetic Acid\", \"qty_limit\": null, \"expiry_type\": null, \"is_disabled\": 0, \"itemType_id\": 1, \"rec_per_inv\": 0, \"allow_borrow\": 1, \"is_consumable\": 0, \"laboratory_id\": \"1\", \"lead_time_prep\": null, \"rec_expiration\": 0, \"maintenance_interval\": null}','{\"item_id\": \"10120244169\", \"add_cols\": \"{\\\"Nature\\\": \\\"Non-Organic\\\", \\\"Grade\\\": \\\"A+ss\\\", \\\"chemical formula\\\": \\\"AcA\\\", \\\"synonyms\\\": \\\"HAHA\\\"}\", \"max_uses\": null, \"alert_qty\": 0, \"item_name\": \"Acetic Acid\", \"qty_limit\": null, \"expiry_type\": \"Date\", \"is_disabled\": 0, \"itemType_id\": 1, \"rec_per_inv\": 0, \"allow_borrow\": 1, \"is_consumable\": 0, \"laboratory_id\": \"1\", \"lead_time_prep\": null, \"rec_expiration\": 0, \"maintenance_interval\": null}'),(118,'UPDATE','2025-03-09 10:22:15','11','10120255325','{\"item_id\": \"10120255325\", \"add_cols\": \"{\\\"Amount\\\": \\\"200\\\", \\\"Brand\\\": \\\"Tylex\\\", \\\"Unit (Pcs, Box, Batch)\\\": null}\", \"max_uses\": null, \"alert_qty\": 0, \"item_name\": \"Alcohol\", \"qty_limit\": null, \"expiry_type\": \"\", \"is_disabled\": 0, \"itemType_id\": 23, \"rec_per_inv\": 0, \"allow_borrow\": 0, \"is_consumable\": 0, \"laboratory_id\": \"1\", \"lead_time_prep\": null, \"rec_expiration\": 0, \"maintenance_interval\": null}','{\"item_id\": \"10120255325\", \"add_cols\": \"{\\\"Amount\\\": \\\"200\\\", \\\"Brand\\\": \\\"Tylex\\\", \\\"Unit (Pcs, Box, Batch)\\\": null}\", \"max_uses\": null, \"alert_qty\": 0, \"item_name\": \"Alcohol\", \"qty_limit\": null, \"expiry_type\": \"\", \"is_disabled\": 0, \"itemType_id\": null, \"rec_per_inv\": 0, \"allow_borrow\": 0, \"is_consumable\": 0, \"laboratory_id\": \"1\", \"lead_time_prep\": null, \"rec_expiration\": 0, \"maintenance_interval\": null}'),(119,'UPDATE','2025-03-09 10:22:15','11','10120256495','{\"item_id\": \"10120256495\", \"add_cols\": \"{\\\"Amount\\\": \\\"5\\\", \\\"Brand\\\": \\\"pyrex\\\", \\\"Unit (Pcs, Box, Batch)\\\": null}\", \"max_uses\": null, \"alert_qty\": 0, \"item_name\": \"pH paper\", \"qty_limit\": null, \"expiry_type\": \"Date\", \"is_disabled\": 0, \"itemType_id\": 23, \"rec_per_inv\": 0, \"allow_borrow\": 0, \"is_consumable\": 0, \"laboratory_id\": \"1\", \"lead_time_prep\": 0, \"rec_expiration\": 0, \"maintenance_interval\": null}','{\"item_id\": \"10120256495\", \"add_cols\": \"{\\\"Amount\\\": \\\"5\\\", \\\"Brand\\\": \\\"pyrex\\\", \\\"Unit (Pcs, Box, Batch)\\\": null}\", \"max_uses\": null, \"alert_qty\": 0, \"item_name\": \"pH paper\", \"qty_limit\": null, \"expiry_type\": \"Date\", \"is_disabled\": 0, \"itemType_id\": null, \"rec_per_inv\": 0, \"allow_borrow\": 0, \"is_consumable\": 0, \"laboratory_id\": \"1\", \"lead_time_prep\": 0, \"rec_expiration\": 0, \"maintenance_interval\": null}'),(120,'INSERT','2025-03-09 10:30:00','11','10120255858',NULL,'{\"item_id\": \"10120255858\", \"add_cols\": \"{\\\"Grade (A, B, C)\\\": null, \\\"Brand\\\": \\\"Smartronic\\\"}\", \"max_uses\": null, \"alert_qty\": 6, \"item_name\": \"Weighing Scale\", \"qty_limit\": null, \"expiry_type\": \"\", \"is_disabled\": 0, \"itemType_id\": 3, \"rec_per_inv\": 1, \"allow_borrow\": 0, \"is_consumable\": 0, \"laboratory_id\": \"1\", \"lead_time_prep\": null, \"rec_expiration\": 0, \"maintenance_interval\": null}'),(121,'UPDATE','2025-03-09 10:30:24','11','10120257488','{\"item_id\": \"10120257488\", \"add_cols\": \"{\\\"Grade (A, B, C)\\\": null}\", \"max_uses\": null, \"alert_qty\": 0, \"item_name\": \"Weighing scale\", \"qty_limit\": null, \"expiry_type\": \"\", \"is_disabled\": 0, \"itemType_id\": 3, \"rec_per_inv\": 0, \"allow_borrow\": 0, \"is_consumable\": 0, \"laboratory_id\": \"1\", \"lead_time_prep\": null, \"rec_expiration\": 0, \"maintenance_interval\": null}','{\"item_id\": \"10120257488\", \"add_cols\": \"{\\\"Grade (A, B, C)\\\": null}\", \"max_uses\": null, \"alert_qty\": 0, \"item_name\": \"Weighing scale\", \"qty_limit\": null, \"expiry_type\": \"\", \"is_disabled\": 1, \"itemType_id\": 3, \"rec_per_inv\": 0, \"allow_borrow\": 0, \"is_consumable\": 0, \"laboratory_id\": \"1\", \"lead_time_prep\": null, \"rec_expiration\": 0, \"maintenance_interval\": null}'),(122,'UPDATE','2025-03-09 11:42:11','11','10120240186','{\"item_id\": \"10120240186\", \"add_cols\": \"{\\\"Nature\\\": \\\"Solid\\\", \\\"Grade\\\": \\\"Reagent\\\", \\\"chemical formula\\\": null, \\\"synonyms\\\": \\\"Saltpeter\\\"}\", \"max_uses\": null, \"alert_qty\": 5, \"item_name\": \"Potassium Nitrate\", \"qty_limit\": null, \"expiry_type\": \"Date\", \"is_disabled\": 0, \"itemType_id\": 1, \"rec_per_inv\": 0, \"allow_borrow\": 1, \"is_consumable\": 0, \"laboratory_id\": \"1\", \"lead_time_prep\": null, \"rec_expiration\": 1, \"maintenance_interval\": null}','{\"item_id\": \"10120240186\", \"add_cols\": \"{\\\"Nature\\\": \\\"Solid\\\", \\\"Grade\\\": \\\"Reagent\\\", \\\"chemical formula\\\": null, \\\"synonyms\\\": \\\"Saltpeter\\\"}\", \"max_uses\": null, \"alert_qty\": 5, \"item_name\": \"Potassium Nitrate\", \"qty_limit\": null, \"expiry_type\": \"Date\", \"is_disabled\": 0, \"itemType_id\": 1, \"rec_per_inv\": 0, \"allow_borrow\": 0, \"is_consumable\": 0, \"laboratory_id\": \"1\", \"lead_time_prep\": null, \"rec_expiration\": 1, \"maintenance_interval\": null}'),(123,'UPDATE','2025-03-09 11:42:11','11','10120241077','{\"item_id\": \"10120241077\", \"add_cols\": \"{\\\"Nature\\\": \\\"solid\\\", \\\"Grade\\\": \\\"good\\\", \\\"chemical formula\\\": \\\"ace\\\", \\\"synonyms\\\": \\\"acetyl\\\"}\", \"max_uses\": null, \"alert_qty\": 0, \"item_name\": \"Acetylene\", \"qty_limit\": null, \"expiry_type\": null, \"is_disabled\": 0, \"itemType_id\": 1, \"rec_per_inv\": 0, \"allow_borrow\": 1, \"is_consumable\": 1, \"laboratory_id\": \"1\", \"lead_time_prep\": null, \"rec_expiration\": 0, \"maintenance_interval\": null}','{\"item_id\": \"10120241077\", \"add_cols\": \"{\\\"Nature\\\": \\\"solid\\\", \\\"Grade\\\": \\\"good\\\", \\\"chemical formula\\\": \\\"ace\\\", \\\"synonyms\\\": \\\"acetyl\\\"}\", \"max_uses\": null, \"alert_qty\": 0, \"item_name\": \"Acetylene\", \"qty_limit\": null, \"expiry_type\": null, \"is_disabled\": 0, \"itemType_id\": 1, \"rec_per_inv\": 0, \"allow_borrow\": 0, \"is_consumable\": 0, \"laboratory_id\": \"1\", \"lead_time_prep\": null, \"rec_expiration\": 0, \"maintenance_interval\": null}'),(124,'UPDATE','2025-03-09 11:42:11','11','10120241939','{\"item_id\": \"10120241939\", \"add_cols\": \"{\\\"Grade (A, B, C)\\\": \\\"A\\\"}\", \"max_uses\": null, \"alert_qty\": 0, \"item_name\": \"Bunsen Burner\", \"qty_limit\": null, \"expiry_type\": null, \"is_disabled\": 0, \"itemType_id\": 3, \"rec_per_inv\": 1, \"allow_borrow\": 1, \"is_consumable\": 0, \"laboratory_id\": \"1\", \"lead_time_prep\": null, \"rec_expiration\": 0, \"maintenance_interval\": null}','{\"item_id\": \"10120241939\", \"add_cols\": \"{\\\"Grade (A, B, C)\\\": \\\"A\\\"}\", \"max_uses\": null, \"alert_qty\": 0, \"item_name\": \"Bunsen Burner\", \"qty_limit\": null, \"expiry_type\": null, \"is_disabled\": 0, \"itemType_id\": 3, \"rec_per_inv\": 1, \"allow_borrow\": 0, \"is_consumable\": 0, \"laboratory_id\": \"1\", \"lead_time_prep\": null, \"rec_expiration\": 0, \"maintenance_interval\": null}'),(125,'UPDATE','2025-03-09 11:42:11','11','10120242377','{\"item_id\": \"10120242377\", \"add_cols\": \"{\\\"Nature\\\": \\\"Solid\\\", \\\"Grade\\\": \\\"Analytical\\\", \\\"chemical formula\\\": null, \\\"synonyms\\\": \\\"Limestone\\\"}\", \"max_uses\": null, \"alert_qty\": 10, \"item_name\": \"Calcium Carbonate\", \"qty_limit\": null, \"expiry_type\": null, \"is_disabled\": 0, \"itemType_id\": 1, \"rec_per_inv\": 0, \"allow_borrow\": 1, \"is_consumable\": 0, \"laboratory_id\": \"1\", \"lead_time_prep\": null, \"rec_expiration\": 0, \"maintenance_interval\": null}','{\"item_id\": \"10120242377\", \"add_cols\": \"{\\\"Nature\\\": \\\"Solid\\\", \\\"Grade\\\": \\\"Analytical\\\", \\\"chemical formula\\\": null, \\\"synonyms\\\": \\\"Limestone\\\"}\", \"max_uses\": null, \"alert_qty\": 10, \"item_name\": \"Calcium Carbonate\", \"qty_limit\": null, \"expiry_type\": null, \"is_disabled\": 0, \"itemType_id\": 1, \"rec_per_inv\": 0, \"allow_borrow\": 0, \"is_consumable\": 0, \"laboratory_id\": \"1\", \"lead_time_prep\": null, \"rec_expiration\": 0, \"maintenance_interval\": null}'),(126,'UPDATE','2025-03-09 11:42:11','11','10120242830','{\"item_id\": \"10120242830\", \"add_cols\": \"{\\\"Grade (A, B, C)\\\": \\\"B\\\"}\", \"max_uses\": null, \"alert_qty\": 0, \"item_name\": \"Microscope\", \"qty_limit\": null, \"expiry_type\": null, \"is_disabled\": 0, \"itemType_id\": 3, \"rec_per_inv\": 1, \"allow_borrow\": 1, \"is_consumable\": 0, \"laboratory_id\": \"1\", \"lead_time_prep\": null, \"rec_expiration\": 0, \"maintenance_interval\": null}','{\"item_id\": \"10120242830\", \"add_cols\": \"{\\\"Grade (A, B, C)\\\": \\\"B\\\"}\", \"max_uses\": null, \"alert_qty\": 0, \"item_name\": \"Microscope\", \"qty_limit\": null, \"expiry_type\": null, \"is_disabled\": 0, \"itemType_id\": 3, \"rec_per_inv\": 1, \"allow_borrow\": 0, \"is_consumable\": 0, \"laboratory_id\": \"1\", \"lead_time_prep\": null, \"rec_expiration\": 0, \"maintenance_interval\": null}'),(127,'UPDATE','2025-03-09 11:42:11','11','10120243607','{\"item_id\": \"10120243607\", \"add_cols\": \"{\\\"Nature\\\": \\\"Solid\\\", \\\"Grade\\\": \\\"Reagent\\\", \\\"chemical formula\\\": null, \\\"synonyms\\\": \\\"Epsom salt\\\"}\", \"max_uses\": null, \"alert_qty\": 7, \"item_name\": \"Magnesium Sulfate\", \"qty_limit\": null, \"expiry_type\": null, \"is_disabled\": 0, \"itemType_id\": 1, \"rec_per_inv\": 1, \"allow_borrow\": 1, \"is_consumable\": 0, \"laboratory_id\": \"1\", \"lead_time_prep\": null, \"rec_expiration\": 0, \"maintenance_interval\": null}','{\"item_id\": \"10120243607\", \"add_cols\": \"{\\\"Nature\\\": \\\"Solid\\\", \\\"Grade\\\": \\\"Reagent\\\", \\\"chemical formula\\\": null, \\\"synonyms\\\": \\\"Epsom salt\\\"}\", \"max_uses\": null, \"alert_qty\": 7, \"item_name\": \"Magnesium Sulfate\", \"qty_limit\": null, \"expiry_type\": null, \"is_disabled\": 0, \"itemType_id\": 1, \"rec_per_inv\": 1, \"allow_borrow\": 0, \"is_consumable\": 0, \"laboratory_id\": \"1\", \"lead_time_prep\": null, \"rec_expiration\": 0, \"maintenance_interval\": null}'),(128,'UPDATE','2025-03-09 11:42:11','11','10120244169','{\"item_id\": \"10120244169\", \"add_cols\": \"{\\\"Nature\\\": \\\"Non-Organic\\\", \\\"Grade\\\": \\\"A+ss\\\", \\\"chemical formula\\\": \\\"AcA\\\", \\\"synonyms\\\": \\\"HAHA\\\"}\", \"max_uses\": null, \"alert_qty\": 0, \"item_name\": \"Acetic Acid\", \"qty_limit\": null, \"expiry_type\": \"Date\", \"is_disabled\": 0, \"itemType_id\": 1, \"rec_per_inv\": 0, \"allow_borrow\": 1, \"is_consumable\": 0, \"laboratory_id\": \"1\", \"lead_time_prep\": null, \"rec_expiration\": 0, \"maintenance_interval\": null}','{\"item_id\": \"10120244169\", \"add_cols\": \"{\\\"Nature\\\": \\\"Non-Organic\\\", \\\"Grade\\\": \\\"A+ss\\\", \\\"chemical formula\\\": \\\"AcA\\\", \\\"synonyms\\\": \\\"HAHA\\\"}\", \"max_uses\": null, \"alert_qty\": 0, \"item_name\": \"Acetic Acid\", \"qty_limit\": null, \"expiry_type\": \"Date\", \"is_disabled\": 0, \"itemType_id\": 1, \"rec_per_inv\": 0, \"allow_borrow\": 0, \"is_consumable\": 0, \"laboratory_id\": \"1\", \"lead_time_prep\": null, \"rec_expiration\": 0, \"maintenance_interval\": null}'),(129,'UPDATE','2025-03-09 11:42:11','11','10120246239','{\"item_id\": \"10120246239\", \"add_cols\": \"{\\\"Nature\\\": \\\"Solid\\\", \\\"Grade\\\": \\\"Laboratory\\\", \\\"chemical formula\\\": null, \\\"synonyms\\\": \\\"Diammonium sulfate\\\"}\", \"max_uses\": null, \"alert_qty\": 8, \"item_name\": \"Ammonium Sulfate\", \"qty_limit\": null, \"expiry_type\": \"Date\", \"is_disabled\": 0, \"itemType_id\": 1, \"rec_per_inv\": 0, \"allow_borrow\": 1, \"is_consumable\": 0, \"laboratory_id\": \"1\", \"lead_time_prep\": null, \"rec_expiration\": 1, \"maintenance_interval\": null}','{\"item_id\": \"10120246239\", \"add_cols\": \"{\\\"Nature\\\": \\\"Solid\\\", \\\"Grade\\\": \\\"Laboratory\\\", \\\"chemical formula\\\": null, \\\"synonyms\\\": \\\"Diammonium sulfate\\\"}\", \"max_uses\": null, \"alert_qty\": 8, \"item_name\": \"Ammonium Sulfate\", \"qty_limit\": null, \"expiry_type\": \"Date\", \"is_disabled\": 0, \"itemType_id\": 1, \"rec_per_inv\": 0, \"allow_borrow\": 0, \"is_consumable\": 0, \"laboratory_id\": \"1\", \"lead_time_prep\": null, \"rec_expiration\": 1, \"maintenance_interval\": null}'),(130,'UPDATE','2025-03-09 11:42:11','11','10120246430','{\"item_id\": \"10120246430\", \"add_cols\": \"{\\\"Grade (A, B, C)\\\": \\\"C\\\"}\", \"max_uses\": null, \"alert_qty\": 0, \"item_name\": \"pH Meter\", \"qty_limit\": null, \"expiry_type\": null, \"is_disabled\": 0, \"itemType_id\": 3, \"rec_per_inv\": 1, \"allow_borrow\": 1, \"is_consumable\": 0, \"laboratory_id\": \"1\", \"lead_time_prep\": null, \"rec_expiration\": 0, \"maintenance_interval\": null}','{\"item_id\": \"10120246430\", \"add_cols\": \"{\\\"Grade (A, B, C)\\\": \\\"C\\\"}\", \"max_uses\": null, \"alert_qty\": 0, \"item_name\": \"pH Meter\", \"qty_limit\": null, \"expiry_type\": null, \"is_disabled\": 0, \"itemType_id\": 3, \"rec_per_inv\": 1, \"allow_borrow\": 0, \"is_consumable\": 0, \"laboratory_id\": \"1\", \"lead_time_prep\": null, \"rec_expiration\": 0, \"maintenance_interval\": null}'),(131,'UPDATE','2025-03-09 11:42:11','11','10120246711','{\"item_id\": \"10120246711\", \"add_cols\": \"{\\\"Nature\\\": \\\"Glass\\\", \\\"Brand\\\": \\\"VWR\\\", \\\"Location\\\": \\\"Shelf D\\\", \\\"Status\\\": \\\"Used\\\", \\\"L or S\\\": null, \\\"Capacity\\\": \\\"10 mL\\\", \\\"Dimension\\\": \\\"1.5 cm x 10 cm\\\"}\", \"max_uses\": null, \"alert_qty\": 0, \"item_name\": \"Test Tube\", \"qty_limit\": null, \"expiry_type\": null, \"is_disabled\": 0, \"itemType_id\": 2, \"rec_per_inv\": 0, \"allow_borrow\": 1, \"is_consumable\": 0, \"laboratory_id\": \"1\", \"lead_time_prep\": null, \"rec_expiration\": 0, \"maintenance_interval\": null}','{\"item_id\": \"10120246711\", \"add_cols\": \"{\\\"Nature\\\": \\\"Glass\\\", \\\"Brand\\\": \\\"VWR\\\", \\\"Location\\\": \\\"Shelf D\\\", \\\"Status\\\": \\\"Used\\\", \\\"L or S\\\": null, \\\"Capacity\\\": \\\"10 mL\\\", \\\"Dimension\\\": \\\"1.5 cm x 10 cm\\\"}\", \"max_uses\": null, \"alert_qty\": 0, \"item_name\": \"Test Tube\", \"qty_limit\": null, \"expiry_type\": null, \"is_disabled\": 0, \"itemType_id\": 2, \"rec_per_inv\": 0, \"allow_borrow\": 0, \"is_consumable\": 0, \"laboratory_id\": \"1\", \"lead_time_prep\": null, \"rec_expiration\": 0, \"maintenance_interval\": null}'),(132,'UPDATE','2025-03-09 11:42:11','11','10120247205','{\"item_id\": \"10120247205\", \"add_cols\": \"{\\\"Nature\\\": \\\"Glass\\\", \\\"Brand\\\": \\\"Fisher\\\", \\\"Location\\\": \\\"Shelf E\\\", \\\"Status\\\": \\\"New\\\", \\\"L or S\\\": null, \\\"Capacity\\\": \\\"1000 mL\\\", \\\"Dimension\\\": \\\"12 cm x 25 cm\\\"}\", \"max_uses\": null, \"alert_qty\": 0, \"item_name\": \"Volumetric Flask\", \"qty_limit\": null, \"expiry_type\": null, \"is_disabled\": 0, \"itemType_id\": 2, \"rec_per_inv\": 0, \"allow_borrow\": 0, \"is_consumable\": 0, \"laboratory_id\": \"1\", \"lead_time_prep\": 0, \"rec_expiration\": 0, \"maintenance_interval\": null}','{\"item_id\": \"10120247205\", \"add_cols\": \"{\\\"Nature\\\": \\\"Glass\\\", \\\"Brand\\\": \\\"Fisher\\\", \\\"Location\\\": \\\"Shelf E\\\", \\\"Status\\\": \\\"New\\\", \\\"L or S\\\": null, \\\"Capacity\\\": \\\"1000 mL\\\", \\\"Dimension\\\": \\\"12 cm x 25 cm\\\"}\", \"max_uses\": null, \"alert_qty\": 0, \"item_name\": \"Volumetric Flask\", \"qty_limit\": null, \"expiry_type\": null, \"is_disabled\": 0, \"itemType_id\": 2, \"rec_per_inv\": 0, \"allow_borrow\": 0, \"is_consumable\": 0, \"laboratory_id\": \"1\", \"lead_time_prep\": 0, \"rec_expiration\": 0, \"maintenance_interval\": null}'),(133,'UPDATE','2025-03-09 11:42:11','11','10120247264','{\"item_id\": \"10120247264\", \"add_cols\": \"{\\\"Grade (A, B, C)\\\": \\\"B\\\"}\", \"max_uses\": null, \"alert_qty\": 0, \"item_name\": \"Hot Plate\", \"qty_limit\": null, \"expiry_type\": null, \"is_disabled\": 0, \"itemType_id\": 3, \"rec_per_inv\": 1, \"allow_borrow\": 0, \"is_consumable\": 0, \"laboratory_id\": \"1\", \"lead_time_prep\": 0, \"rec_expiration\": 0, \"maintenance_interval\": null}','{\"item_id\": \"10120247264\", \"add_cols\": \"{\\\"Grade (A, B, C)\\\": \\\"B\\\"}\", \"max_uses\": null, \"alert_qty\": 0, \"item_name\": \"Hot Plate\", \"qty_limit\": null, \"expiry_type\": null, \"is_disabled\": 0, \"itemType_id\": 3, \"rec_per_inv\": 1, \"allow_borrow\": 0, \"is_consumable\": 0, \"laboratory_id\": \"1\", \"lead_time_prep\": 0, \"rec_expiration\": 0, \"maintenance_interval\": null}'),(134,'UPDATE','2025-03-09 11:42:11','11','10120247714','{\"item_id\": \"10120247714\", \"add_cols\": \"{\\\"Grade (A, B, C)\\\": \\\"B\\\"}\", \"max_uses\": null, \"alert_qty\": 5, \"item_name\": \"pH Meter\", \"qty_limit\": null, \"expiry_type\": \"Date\", \"is_disabled\": 0, \"itemType_id\": 3, \"rec_per_inv\": 0, \"allow_borrow\": 0, \"is_consumable\": 0, \"laboratory_id\": \"1\", \"lead_time_prep\": 0, \"rec_expiration\": 1, \"maintenance_interval\": null}','{\"item_id\": \"10120247714\", \"add_cols\": \"{\\\"Grade (A, B, C)\\\": \\\"B\\\"}\", \"max_uses\": null, \"alert_qty\": 5, \"item_name\": \"pH Meter\", \"qty_limit\": null, \"expiry_type\": \"Date\", \"is_disabled\": 0, \"itemType_id\": 3, \"rec_per_inv\": 0, \"allow_borrow\": 0, \"is_consumable\": 0, \"laboratory_id\": \"1\", \"lead_time_prep\": 0, \"rec_expiration\": 1, \"maintenance_interval\": null}'),(135,'UPDATE','2025-03-09 11:42:11','11','10120248037','{\"item_id\": \"10120248037\", \"add_cols\": \"{\\\"Nature\\\": \\\"Glass\\\", \\\"Brand\\\": \\\"Kimble\\\", \\\"Location\\\": \\\"Shelf B\\\", \\\"Status\\\": \\\"Used\\\", \\\"L or S\\\": null, \\\"Capacity\\\": \\\"250 mL\\\", \\\"Dimension\\\": \\\"8 cm x 14 cm\\\"}\", \"max_uses\": null, \"alert_qty\": 15, \"item_name\": \"Erlenmeyer Flask\", \"qty_limit\": null, \"expiry_type\": null, \"is_disabled\": 0, \"itemType_id\": 2, \"rec_per_inv\": 0, \"allow_borrow\": 0, \"is_consumable\": 0, \"laboratory_id\": \"1\", \"lead_time_prep\": 0, \"rec_expiration\": 0, \"maintenance_interval\": null}','{\"item_id\": \"10120248037\", \"add_cols\": \"{\\\"Nature\\\": \\\"Glass\\\", \\\"Brand\\\": \\\"Kimble\\\", \\\"Location\\\": \\\"Shelf B\\\", \\\"Status\\\": \\\"Used\\\", \\\"L or S\\\": null, \\\"Capacity\\\": \\\"250 mL\\\", \\\"Dimension\\\": \\\"8 cm x 14 cm\\\"}\", \"max_uses\": null, \"alert_qty\": 15, \"item_name\": \"Erlenmeyer Flask\", \"qty_limit\": null, \"expiry_type\": null, \"is_disabled\": 0, \"itemType_id\": 2, \"rec_per_inv\": 0, \"allow_borrow\": 0, \"is_consumable\": 0, \"laboratory_id\": \"1\", \"lead_time_prep\": 0, \"rec_expiration\": 0, \"maintenance_interval\": null}'),(136,'UPDATE','2025-03-09 11:42:11','11','10120248163','{\"item_id\": \"10120248163\", \"add_cols\": \"{\\\"Grade (A, B, C)\\\": \\\"A\\\"}\", \"max_uses\": null, \"alert_qty\": 0, \"item_name\": \"Centrifuge\", \"qty_limit\": null, \"expiry_type\": \"Maintenance\", \"is_disabled\": 0, \"itemType_id\": 3, \"rec_per_inv\": 1, \"allow_borrow\": 0, \"is_consumable\": 0, \"laboratory_id\": \"1\", \"lead_time_prep\": 0, \"rec_expiration\": 0, \"maintenance_interval\": 2}','{\"item_id\": \"10120248163\", \"add_cols\": \"{\\\"Grade (A, B, C)\\\": \\\"A\\\"}\", \"max_uses\": null, \"alert_qty\": 0, \"item_name\": \"Centrifuge\", \"qty_limit\": null, \"expiry_type\": \"Maintenance\", \"is_disabled\": 0, \"itemType_id\": 3, \"rec_per_inv\": 1, \"allow_borrow\": 0, \"is_consumable\": 0, \"laboratory_id\": \"1\", \"lead_time_prep\": 0, \"rec_expiration\": 0, \"maintenance_interval\": 2}'),(137,'UPDATE','2025-03-09 11:42:11','11','10120248885','{\"item_id\": \"10120248885\", \"add_cols\": \"{\\\"Grade (A, B, C)\\\": \\\"A\\\"}\", \"max_uses\": null, \"alert_qty\": 0, \"item_name\": \"Multimeter\", \"qty_limit\": null, \"expiry_type\": null, \"is_disabled\": 0, \"itemType_id\": 3, \"rec_per_inv\": 1, \"allow_borrow\": 0, \"is_consumable\": 0, \"laboratory_id\": \"1\", \"lead_time_prep\": 0, \"rec_expiration\": 0, \"maintenance_interval\": null}','{\"item_id\": \"10120248885\", \"add_cols\": \"{\\\"Grade (A, B, C)\\\": \\\"A\\\"}\", \"max_uses\": null, \"alert_qty\": 0, \"item_name\": \"Multimeter\", \"qty_limit\": null, \"expiry_type\": null, \"is_disabled\": 0, \"itemType_id\": 3, \"rec_per_inv\": 1, \"allow_borrow\": 0, \"is_consumable\": 0, \"laboratory_id\": \"1\", \"lead_time_prep\": 0, \"rec_expiration\": 0, \"maintenance_interval\": null}'),(138,'UPDATE','2025-03-09 11:42:11','11','10120249352','{\"item_id\": \"10120249352\", \"add_cols\": \"{\\\"Nature\\\": \\\"Glass\\\", \\\"Brand\\\": \\\"Corning\\\", \\\"Location\\\": \\\"Shelf C\\\", \\\"Status\\\": \\\"New\\\", \\\"L or S\\\": null, \\\"Capacity\\\": \\\"100 mL\\\", \\\"Dimension\\\": \\\"3 cm x 30 cm\\\"}\", \"max_uses\": null, \"alert_qty\": 0, \"item_name\": \"Graduated Cylinder\", \"qty_limit\": null, \"expiry_type\": null, \"is_disabled\": 0, \"itemType_id\": 2, \"rec_per_inv\": 0, \"allow_borrow\": 0, \"is_consumable\": 0, \"laboratory_id\": \"1\", \"lead_time_prep\": 0, \"rec_expiration\": 0, \"maintenance_interval\": null}','{\"item_id\": \"10120249352\", \"add_cols\": \"{\\\"Nature\\\": \\\"Glass\\\", \\\"Brand\\\": \\\"Corning\\\", \\\"Location\\\": \\\"Shelf C\\\", \\\"Status\\\": \\\"New\\\", \\\"L or S\\\": null, \\\"Capacity\\\": \\\"100 mL\\\", \\\"Dimension\\\": \\\"3 cm x 30 cm\\\"}\", \"max_uses\": null, \"alert_qty\": 0, \"item_name\": \"Graduated Cylinder\", \"qty_limit\": null, \"expiry_type\": null, \"is_disabled\": 0, \"itemType_id\": 2, \"rec_per_inv\": 0, \"allow_borrow\": 0, \"is_consumable\": 0, \"laboratory_id\": \"1\", \"lead_time_prep\": 0, \"rec_expiration\": 0, \"maintenance_interval\": null}'),(139,'UPDATE','2025-03-09 11:42:11','11','10120250846','{\"item_id\": \"10120250846\", \"add_cols\": \"{\\\"Nature\\\": \\\"acid\\\", \\\"Grade\\\": \\\"normal\\\", \\\"chemical formula\\\": NaN, \\\"synonyms\\\": NaN}\", \"max_uses\": null, \"alert_qty\": 0, \"item_name\": \"Sulphuric Acid\", \"qty_limit\": null, \"expiry_type\": null, \"is_disabled\": 0, \"itemType_id\": 1, \"rec_per_inv\": 0, \"allow_borrow\": 0, \"is_consumable\": 0, \"laboratory_id\": \"1\", \"lead_time_prep\": 0, \"rec_expiration\": 0, \"maintenance_interval\": null}','{\"item_id\": \"10120250846\", \"add_cols\": \"{\\\"Nature\\\": \\\"acid\\\", \\\"Grade\\\": \\\"normal\\\", \\\"chemical formula\\\": NaN, \\\"synonyms\\\": NaN}\", \"max_uses\": null, \"alert_qty\": 0, \"item_name\": \"Sulphuric Acid\", \"qty_limit\": null, \"expiry_type\": null, \"is_disabled\": 0, \"itemType_id\": 1, \"rec_per_inv\": 0, \"allow_borrow\": 0, \"is_consumable\": 0, \"laboratory_id\": \"1\", \"lead_time_prep\": 0, \"rec_expiration\": 0, \"maintenance_interval\": null}'),(140,'UPDATE','2025-03-09 11:42:11','11','10120250923','{\"item_id\": \"10120250923\", \"add_cols\": \"{\\\"Grade (A, B, C)\\\": null}\", \"max_uses\": null, \"alert_qty\": 0, \"item_name\": \"flashlight\", \"qty_limit\": null, \"expiry_type\": \"\", \"is_disabled\": 0, \"itemType_id\": 3, \"rec_per_inv\": 0, \"allow_borrow\": 0, \"is_consumable\": 0, \"laboratory_id\": \"1\", \"lead_time_prep\": null, \"rec_expiration\": 0, \"maintenance_interval\": null}','{\"item_id\": \"10120250923\", \"add_cols\": \"{\\\"Grade (A, B, C)\\\": null}\", \"max_uses\": null, \"alert_qty\": 0, \"item_name\": \"flashlight\", \"qty_limit\": null, \"expiry_type\": \"\", \"is_disabled\": 0, \"itemType_id\": 3, \"rec_per_inv\": 0, \"allow_borrow\": 0, \"is_consumable\": 0, \"laboratory_id\": \"1\", \"lead_time_prep\": null, \"rec_expiration\": 0, \"maintenance_interval\": null}'),(141,'UPDATE','2025-03-09 11:42:11','11','10120251419','{\"item_id\": \"10120251419\", \"add_cols\": \"{\\\"Nature\\\": \\\"inorganic\\\", \\\"Grade\\\": \\\"acid\\\", \\\"chemical formula\\\": \\\"NHO3\\\", \\\"synonyms\\\": \\\"nitrogen oxoacid\\\"}\", \"max_uses\": null, \"alert_qty\": 0, \"item_name\": \"Nitric Acid\", \"qty_limit\": null, \"expiry_type\": \"\", \"is_disabled\": 0, \"itemType_id\": 1, \"rec_per_inv\": 0, \"allow_borrow\": 0, \"is_consumable\": 0, \"laboratory_id\": \"1\", \"lead_time_prep\": 0, \"rec_expiration\": 0, \"maintenance_interval\": null}','{\"item_id\": \"10120251419\", \"add_cols\": \"{\\\"Nature\\\": \\\"inorganic\\\", \\\"Grade\\\": \\\"acid\\\", \\\"chemical formula\\\": \\\"NHO3\\\", \\\"synonyms\\\": \\\"nitrogen oxoacid\\\"}\", \"max_uses\": null, \"alert_qty\": 0, \"item_name\": \"Nitric Acid\", \"qty_limit\": null, \"expiry_type\": \"\", \"is_disabled\": 0, \"itemType_id\": 1, \"rec_per_inv\": 0, \"allow_borrow\": 0, \"is_consumable\": 0, \"laboratory_id\": \"1\", \"lead_time_prep\": 0, \"rec_expiration\": 0, \"maintenance_interval\": null}'),(142,'UPDATE','2025-03-09 11:42:11','11','10120252258','{\"item_id\": \"10120252258\", \"add_cols\": \"{\\\"Nature\\\": \\\"Solid\\\", \\\"Grade\\\": \\\"Reagent\\\", \\\"chemical formula\\\": NaN, \\\"synonyms\\\": \\\"Epsom salt\\\"}\", \"max_uses\": null, \"alert_qty\": 0, \"item_name\": \"Magnesium Sulfate\", \"qty_limit\": null, \"expiry_type\": null, \"is_disabled\": 0, \"itemType_id\": 1, \"rec_per_inv\": 0, \"allow_borrow\": 0, \"is_consumable\": 0, \"laboratory_id\": \"1\", \"lead_time_prep\": 0, \"rec_expiration\": 0, \"maintenance_interval\": null}','{\"item_id\": \"10120252258\", \"add_cols\": \"{\\\"Nature\\\": \\\"Solid\\\", \\\"Grade\\\": \\\"Reagent\\\", \\\"chemical formula\\\": NaN, \\\"synonyms\\\": \\\"Epsom salt\\\"}\", \"max_uses\": null, \"alert_qty\": 0, \"item_name\": \"Magnesium Sulfate\", \"qty_limit\": null, \"expiry_type\": null, \"is_disabled\": 0, \"itemType_id\": 1, \"rec_per_inv\": 0, \"allow_borrow\": 0, \"is_consumable\": 0, \"laboratory_id\": \"1\", \"lead_time_prep\": 0, \"rec_expiration\": 0, \"maintenance_interval\": null}'),(143,'UPDATE','2025-03-09 11:42:11','11','10120252482','{\"item_id\": \"10120252482\", \"add_cols\": \"{\\\"Nature\\\": \\\"organic\\\", \\\"Grade\\\": \\\"normal\\\", \\\"chemical formula\\\": NaN, \\\"synonyms\\\": NaN}\", \"max_uses\": null, \"alert_qty\": 0, \"item_name\": \"Hydrogen\", \"qty_limit\": null, \"expiry_type\": null, \"is_disabled\": 0, \"itemType_id\": 1, \"rec_per_inv\": 0, \"allow_borrow\": 0, \"is_consumable\": 0, \"laboratory_id\": \"1\", \"lead_time_prep\": 0, \"rec_expiration\": 0, \"maintenance_interval\": null}','{\"item_id\": \"10120252482\", \"add_cols\": \"{\\\"Nature\\\": \\\"organic\\\", \\\"Grade\\\": \\\"normal\\\", \\\"chemical formula\\\": NaN, \\\"synonyms\\\": NaN}\", \"max_uses\": null, \"alert_qty\": 0, \"item_name\": \"Hydrogen\", \"qty_limit\": null, \"expiry_type\": null, \"is_disabled\": 0, \"itemType_id\": 1, \"rec_per_inv\": 0, \"allow_borrow\": 0, \"is_consumable\": 0, \"laboratory_id\": \"1\", \"lead_time_prep\": 0, \"rec_expiration\": 0, \"maintenance_interval\": null}'),(144,'UPDATE','2025-03-09 11:42:11','11','10120252653','{\"item_id\": \"10120252653\", \"add_cols\": \"{\\\"Nature\\\": \\\"Solid\\\", \\\"Grade\\\": \\\"N\\\", \\\"chemical formula\\\": \\\"h2o2\\\", \\\"synonyms\\\": \\\"agua oxinada, something\\\"}\", \"max_uses\": null, \"alert_qty\": 0, \"item_name\": \"Hydrogen Peroxide\", \"qty_limit\": null, \"expiry_type\": null, \"is_disabled\": 0, \"itemType_id\": 1, \"rec_per_inv\": 0, \"allow_borrow\": 0, \"is_consumable\": 0, \"laboratory_id\": \"1\", \"lead_time_prep\": 0, \"rec_expiration\": 0, \"maintenance_interval\": null}','{\"item_id\": \"10120252653\", \"add_cols\": \"{\\\"Nature\\\": \\\"Solid\\\", \\\"Grade\\\": \\\"N\\\", \\\"chemical formula\\\": \\\"h2o2\\\", \\\"synonyms\\\": \\\"agua oxinada, something\\\"}\", \"max_uses\": null, \"alert_qty\": 0, \"item_name\": \"Hydrogen Peroxide\", \"qty_limit\": null, \"expiry_type\": null, \"is_disabled\": 0, \"itemType_id\": 1, \"rec_per_inv\": 0, \"allow_borrow\": 0, \"is_consumable\": 0, \"laboratory_id\": \"1\", \"lead_time_prep\": 0, \"rec_expiration\": 0, \"maintenance_interval\": null}'),(145,'UPDATE','2025-03-09 11:42:11','11','10120252939','{\"item_id\": \"10120252939\", \"add_cols\": \"{\\\"Nature\\\": \\\"Solid\\\", \\\"Grade\\\": \\\"Reagent\\\", \\\"chemical formula\\\": NaN, \\\"synonyms\\\": \\\"Saltpeter\\\"}\", \"max_uses\": null, \"alert_qty\": 0, \"item_name\": \"Potassium Nitrate\", \"qty_limit\": null, \"expiry_type\": null, \"is_disabled\": 0, \"itemType_id\": 1, \"rec_per_inv\": 0, \"allow_borrow\": 0, \"is_consumable\": 0, \"laboratory_id\": \"1\", \"lead_time_prep\": 0, \"rec_expiration\": 0, \"maintenance_interval\": null}','{\"item_id\": \"10120252939\", \"add_cols\": \"{\\\"Nature\\\": \\\"Solid\\\", \\\"Grade\\\": \\\"Reagent\\\", \\\"chemical formula\\\": NaN, \\\"synonyms\\\": \\\"Saltpeter\\\"}\", \"max_uses\": null, \"alert_qty\": 0, \"item_name\": \"Potassium Nitrate\", \"qty_limit\": null, \"expiry_type\": null, \"is_disabled\": 0, \"itemType_id\": 1, \"rec_per_inv\": 0, \"allow_borrow\": 0, \"is_consumable\": 0, \"laboratory_id\": \"1\", \"lead_time_prep\": 0, \"rec_expiration\": 0, \"maintenance_interval\": null}'),(146,'UPDATE','2025-03-09 11:42:11','11','10120253000','{\"item_id\": \"10120253000\", \"add_cols\": \"{\\\"Nature\\\": \\\"organic\\\", \\\"Grade\\\": \\\"normal\\\", \\\"chemical formula\\\": NaN, \\\"synonyms\\\": NaN}\", \"max_uses\": null, \"alert_qty\": 0, \"item_name\": \"Iodine\", \"qty_limit\": null, \"expiry_type\": null, \"is_disabled\": 0, \"itemType_id\": 1, \"rec_per_inv\": 0, \"allow_borrow\": 0, \"is_consumable\": 0, \"laboratory_id\": \"1\", \"lead_time_prep\": 0, \"rec_expiration\": 0, \"maintenance_interval\": null}','{\"item_id\": \"10120253000\", \"add_cols\": \"{\\\"Nature\\\": \\\"organic\\\", \\\"Grade\\\": \\\"normal\\\", \\\"chemical formula\\\": NaN, \\\"synonyms\\\": NaN}\", \"max_uses\": null, \"alert_qty\": 0, \"item_name\": \"Iodine\", \"qty_limit\": null, \"expiry_type\": null, \"is_disabled\": 0, \"itemType_id\": 1, \"rec_per_inv\": 0, \"allow_borrow\": 0, \"is_consumable\": 0, \"laboratory_id\": \"1\", \"lead_time_prep\": 0, \"rec_expiration\": 0, \"maintenance_interval\": null}'),(147,'UPDATE','2025-03-09 11:42:11','11','10120253473','{\"item_id\": \"10120253473\", \"add_cols\": \"{\\\"Grade (A, B, C)\\\": \\\"A\\\"}\", \"max_uses\": null, \"alert_qty\": 1, \"item_name\": \"Microscope\", \"qty_limit\": null, \"expiry_type\": null, \"is_disabled\": 0, \"itemType_id\": 3, \"rec_per_inv\": 0, \"allow_borrow\": 0, \"is_consumable\": 0, \"laboratory_id\": \"1\", \"lead_time_prep\": null, \"rec_expiration\": 0, \"maintenance_interval\": null}','{\"item_id\": \"10120253473\", \"add_cols\": \"{\\\"Grade (A, B, C)\\\": \\\"A\\\"}\", \"max_uses\": null, \"alert_qty\": 1, \"item_name\": \"Microscope\", \"qty_limit\": null, \"expiry_type\": null, \"is_disabled\": 0, \"itemType_id\": 3, \"rec_per_inv\": 0, \"allow_borrow\": 0, \"is_consumable\": 0, \"laboratory_id\": \"1\", \"lead_time_prep\": null, \"rec_expiration\": 0, \"maintenance_interval\": null}'),(148,'UPDATE','2025-03-09 11:42:11','11','10120253853','{\"item_id\": \"10120253853\", \"add_cols\": \"{\\\"Nature\\\": \\\"Solid\\\", \\\"Grade\\\": \\\"Analytical\\\", \\\"chemical formula\\\": NaN, \\\"synonyms\\\": \\\"Limestone\\\"}\", \"max_uses\": null, \"alert_qty\": 0, \"item_name\": \"Calcium Carbonate\", \"qty_limit\": null, \"expiry_type\": null, \"is_disabled\": 0, \"itemType_id\": 1, \"rec_per_inv\": 0, \"allow_borrow\": 0, \"is_consumable\": 0, \"laboratory_id\": \"1\", \"lead_time_prep\": 0, \"rec_expiration\": 0, \"maintenance_interval\": null}','{\"item_id\": \"10120253853\", \"add_cols\": \"{\\\"Nature\\\": \\\"Solid\\\", \\\"Grade\\\": \\\"Analytical\\\", \\\"chemical formula\\\": NaN, \\\"synonyms\\\": \\\"Limestone\\\"}\", \"max_uses\": null, \"alert_qty\": 0, \"item_name\": \"Calcium Carbonate\", \"qty_limit\": null, \"expiry_type\": null, \"is_disabled\": 0, \"itemType_id\": 1, \"rec_per_inv\": 0, \"allow_borrow\": 0, \"is_consumable\": 0, \"laboratory_id\": \"1\", \"lead_time_prep\": 0, \"rec_expiration\": 0, \"maintenance_interval\": null}'),(149,'UPDATE','2025-03-09 11:42:11','11','10120254167','{\"item_id\": \"10120254167\", \"add_cols\": \"{\\\"Nature\\\": \\\"solid\\\", \\\"Grade\\\": \\\"good\\\", \\\"chemical formula\\\": \\\"Cu2082Hu2086O\\\", \\\"synonyms\\\": \\\"Alcohol\\\"}\", \"max_uses\": null, \"alert_qty\": 0, \"item_name\": \"Ethanol\", \"qty_limit\": null, \"expiry_type\": null, \"is_disabled\": 0, \"itemType_id\": 1, \"rec_per_inv\": 0, \"allow_borrow\": 0, \"is_consumable\": 0, \"laboratory_id\": \"1\", \"lead_time_prep\": 0, \"rec_expiration\": 0, \"maintenance_interval\": null}','{\"item_id\": \"10120254167\", \"add_cols\": \"{\\\"Nature\\\": \\\"solid\\\", \\\"Grade\\\": \\\"good\\\", \\\"chemical formula\\\": \\\"Cu2082Hu2086O\\\", \\\"synonyms\\\": \\\"Alcohol\\\"}\", \"max_uses\": null, \"alert_qty\": 0, \"item_name\": \"Ethanol\", \"qty_limit\": null, \"expiry_type\": null, \"is_disabled\": 0, \"itemType_id\": 1, \"rec_per_inv\": 0, \"allow_borrow\": 0, \"is_consumable\": 0, \"laboratory_id\": \"1\", \"lead_time_prep\": 0, \"rec_expiration\": 0, \"maintenance_interval\": null}'),(150,'UPDATE','2025-03-09 11:42:11','11','10120254749','{\"item_id\": \"10120254749\", \"add_cols\": \"{\\\"Nature\\\": \\\"solid\\\", \\\"Grade\\\": \\\"good\\\", \\\"chemical formula\\\": \\\"ace\\\", \\\"synonyms\\\": \\\"acetyl\\\"}\", \"max_uses\": null, \"alert_qty\": 0, \"item_name\": \"Acetylene\", \"qty_limit\": null, \"expiry_type\": null, \"is_disabled\": 0, \"itemType_id\": 1, \"rec_per_inv\": 0, \"allow_borrow\": 0, \"is_consumable\": 0, \"laboratory_id\": \"1\", \"lead_time_prep\": 0, \"rec_expiration\": 0, \"maintenance_interval\": null}','{\"item_id\": \"10120254749\", \"add_cols\": \"{\\\"Nature\\\": \\\"solid\\\", \\\"Grade\\\": \\\"good\\\", \\\"chemical formula\\\": \\\"ace\\\", \\\"synonyms\\\": \\\"acetyl\\\"}\", \"max_uses\": null, \"alert_qty\": 0, \"item_name\": \"Acetylene\", \"qty_limit\": null, \"expiry_type\": null, \"is_disabled\": 0, \"itemType_id\": 1, \"rec_per_inv\": 0, \"allow_borrow\": 0, \"is_consumable\": 0, \"laboratory_id\": \"1\", \"lead_time_prep\": 0, \"rec_expiration\": 0, \"maintenance_interval\": null}'),(151,'UPDATE','2025-03-09 11:42:11','11','10120255325','{\"item_id\": \"10120255325\", \"add_cols\": \"{\\\"Amount\\\": \\\"200\\\", \\\"Brand\\\": \\\"Tylex\\\", \\\"Unit (Pcs, Box, Batch)\\\": null}\", \"max_uses\": null, \"alert_qty\": 0, \"item_name\": \"Alcohol\", \"qty_limit\": null, \"expiry_type\": \"\", \"is_disabled\": 0, \"itemType_id\": null, \"rec_per_inv\": 0, \"allow_borrow\": 0, \"is_consumable\": 0, \"laboratory_id\": \"1\", \"lead_time_prep\": null, \"rec_expiration\": 0, \"maintenance_interval\": null}','{\"item_id\": \"10120255325\", \"add_cols\": \"{\\\"Amount\\\": \\\"200\\\", \\\"Brand\\\": \\\"Tylex\\\", \\\"Unit (Pcs, Box, Batch)\\\": null}\", \"max_uses\": null, \"alert_qty\": 0, \"item_name\": \"Alcohol\", \"qty_limit\": null, \"expiry_type\": \"\", \"is_disabled\": 0, \"itemType_id\": null, \"rec_per_inv\": 0, \"allow_borrow\": 0, \"is_consumable\": 0, \"laboratory_id\": \"1\", \"lead_time_prep\": null, \"rec_expiration\": 0, \"maintenance_interval\": null}'),(152,'UPDATE','2025-03-09 11:42:11','11','10120255753','{\"item_id\": \"10120255753\", \"add_cols\": \"{\\\"Nature\\\": \\\"Liquid\\\", \\\"Grade\\\": \\\"G\\\", \\\"chemical formula\\\": \\\"Hg\\\", \\\"synonyms\\\": \\\"hydrargyrum \\\"}\", \"max_uses\": null, \"alert_qty\": 0, \"item_name\": \"Mercury\", \"qty_limit\": null, \"expiry_type\": null, \"is_disabled\": 0, \"itemType_id\": 1, \"rec_per_inv\": 0, \"allow_borrow\": 0, \"is_consumable\": 0, \"laboratory_id\": \"1\", \"lead_time_prep\": 0, \"rec_expiration\": 0, \"maintenance_interval\": null}','{\"item_id\": \"10120255753\", \"add_cols\": \"{\\\"Nature\\\": \\\"Liquid\\\", \\\"Grade\\\": \\\"G\\\", \\\"chemical formula\\\": \\\"Hg\\\", \\\"synonyms\\\": \\\"hydrargyrum \\\"}\", \"max_uses\": null, \"alert_qty\": 0, \"item_name\": \"Mercury\", \"qty_limit\": null, \"expiry_type\": null, \"is_disabled\": 0, \"itemType_id\": 1, \"rec_per_inv\": 0, \"allow_borrow\": 0, \"is_consumable\": 0, \"laboratory_id\": \"1\", \"lead_time_prep\": 0, \"rec_expiration\": 0, \"maintenance_interval\": null}'),(153,'UPDATE','2025-03-09 11:42:11','11','10120255773','{\"item_id\": \"10120255773\", \"add_cols\": \"{\\\"Nature\\\": \\\"inorganic\\\", \\\"Grade\\\": \\\"A\\\", \\\"chemical formula\\\": \\\"CuSO4\\\", \\\"synonyms\\\": \\\"nitrogen oxoacid\\\"}\", \"max_uses\": null, \"alert_qty\": 0, \"item_name\": \"isopropyl alcohol\", \"qty_limit\": null, \"expiry_type\": \"\", \"is_disabled\": 0, \"itemType_id\": 1, \"rec_per_inv\": 0, \"allow_borrow\": 0, \"is_consumable\": 0, \"laboratory_id\": \"1\", \"lead_time_prep\": 0, \"rec_expiration\": 0, \"maintenance_interval\": null}','{\"item_id\": \"10120255773\", \"add_cols\": \"{\\\"Nature\\\": \\\"inorganic\\\", \\\"Grade\\\": \\\"A\\\", \\\"chemical formula\\\": \\\"CuSO4\\\", \\\"synonyms\\\": \\\"nitrogen oxoacid\\\"}\", \"max_uses\": null, \"alert_qty\": 0, \"item_name\": \"isopropyl alcohol\", \"qty_limit\": null, \"expiry_type\": \"\", \"is_disabled\": 0, \"itemType_id\": 1, \"rec_per_inv\": 0, \"allow_borrow\": 0, \"is_consumable\": 0, \"laboratory_id\": \"1\", \"lead_time_prep\": 0, \"rec_expiration\": 0, \"maintenance_interval\": null}'),(154,'UPDATE','2025-03-09 11:42:11','11','10120255858','{\"item_id\": \"10120255858\", \"add_cols\": \"{\\\"Grade (A, B, C)\\\": null, \\\"Brand\\\": \\\"Smartronic\\\"}\", \"max_uses\": null, \"alert_qty\": 6, \"item_name\": \"Weighing Scale\", \"qty_limit\": null, \"expiry_type\": \"\", \"is_disabled\": 0, \"itemType_id\": 3, \"rec_per_inv\": 1, \"allow_borrow\": 0, \"is_consumable\": 0, \"laboratory_id\": \"1\", \"lead_time_prep\": null, \"rec_expiration\": 0, \"maintenance_interval\": null}','{\"item_id\": \"10120255858\", \"add_cols\": \"{\\\"Grade (A, B, C)\\\": null, \\\"Brand\\\": \\\"Smartronic\\\"}\", \"max_uses\": null, \"alert_qty\": 6, \"item_name\": \"Weighing Scale\", \"qty_limit\": null, \"expiry_type\": \"\", \"is_disabled\": 0, \"itemType_id\": 3, \"rec_per_inv\": 1, \"allow_borrow\": 0, \"is_consumable\": 0, \"laboratory_id\": \"1\", \"lead_time_prep\": null, \"rec_expiration\": 0, \"maintenance_interval\": null}'),(155,'UPDATE','2025-03-09 11:42:11','11','10120256486','{\"item_id\": \"10120256486\", \"add_cols\": \"{\\\"Grade (A, B, C)\\\": \\\"B\\\"}\", \"max_uses\": null, \"alert_qty\": 3, \"item_name\": \"Gloves\", \"qty_limit\": null, \"expiry_type\": null, \"is_disabled\": 0, \"itemType_id\": 3, \"rec_per_inv\": 0, \"allow_borrow\": 0, \"is_consumable\": 0, \"laboratory_id\": \"1\", \"lead_time_prep\": null, \"rec_expiration\": 0, \"maintenance_interval\": null}','{\"item_id\": \"10120256486\", \"add_cols\": \"{\\\"Grade (A, B, C)\\\": \\\"B\\\"}\", \"max_uses\": null, \"alert_qty\": 3, \"item_name\": \"Gloves\", \"qty_limit\": null, \"expiry_type\": null, \"is_disabled\": 0, \"itemType_id\": 3, \"rec_per_inv\": 0, \"allow_borrow\": 0, \"is_consumable\": 0, \"laboratory_id\": \"1\", \"lead_time_prep\": null, \"rec_expiration\": 0, \"maintenance_interval\": null}'),(156,'UPDATE','2025-03-09 11:42:11','11','10120256495','{\"item_id\": \"10120256495\", \"add_cols\": \"{\\\"Amount\\\": \\\"5\\\", \\\"Brand\\\": \\\"pyrex\\\", \\\"Unit (Pcs, Box, Batch)\\\": null}\", \"max_uses\": null, \"alert_qty\": 0, \"item_name\": \"pH paper\", \"qty_limit\": null, \"expiry_type\": \"Date\", \"is_disabled\": 0, \"itemType_id\": null, \"rec_per_inv\": 0, \"allow_borrow\": 0, \"is_consumable\": 0, \"laboratory_id\": \"1\", \"lead_time_prep\": 0, \"rec_expiration\": 0, \"maintenance_interval\": null}','{\"item_id\": \"10120256495\", \"add_cols\": \"{\\\"Amount\\\": \\\"5\\\", \\\"Brand\\\": \\\"pyrex\\\", \\\"Unit (Pcs, Box, Batch)\\\": null}\", \"max_uses\": null, \"alert_qty\": 0, \"item_name\": \"pH paper\", \"qty_limit\": null, \"expiry_type\": \"Date\", \"is_disabled\": 0, \"itemType_id\": null, \"rec_per_inv\": 0, \"allow_borrow\": 0, \"is_consumable\": 0, \"laboratory_id\": \"1\", \"lead_time_prep\": 0, \"rec_expiration\": 0, \"maintenance_interval\": null}'),(157,'UPDATE','2025-03-09 11:42:11','11','10120256875','{\"item_id\": \"10120256875\", \"add_cols\": \"{\\\"Nature\\\": \\\"Solid\\\", \\\"Grade\\\": \\\"Laboratory\\\", \\\"chemical formula\\\": NaN, \\\"synonyms\\\": \\\"Diammonium sulfate\\\"}\", \"max_uses\": null, \"alert_qty\": 0, \"item_name\": \"Ammonium Sulfate\", \"qty_limit\": null, \"expiry_type\": null, \"is_disabled\": 0, \"itemType_id\": 1, \"rec_per_inv\": 0, \"allow_borrow\": 0, \"is_consumable\": 0, \"laboratory_id\": \"1\", \"lead_time_prep\": 0, \"rec_expiration\": 0, \"maintenance_interval\": null}','{\"item_id\": \"10120256875\", \"add_cols\": \"{\\\"Nature\\\": \\\"Solid\\\", \\\"Grade\\\": \\\"Laboratory\\\", \\\"chemical formula\\\": NaN, \\\"synonyms\\\": \\\"Diammonium sulfate\\\"}\", \"max_uses\": null, \"alert_qty\": 0, \"item_name\": \"Ammonium Sulfate\", \"qty_limit\": null, \"expiry_type\": null, \"is_disabled\": 0, \"itemType_id\": 1, \"rec_per_inv\": 0, \"allow_borrow\": 0, \"is_consumable\": 0, \"laboratory_id\": \"1\", \"lead_time_prep\": 0, \"rec_expiration\": 0, \"maintenance_interval\": null}'),(158,'UPDATE','2025-03-09 11:42:11','11','10120256939','{\"item_id\": \"10120256939\", \"add_cols\": \"{\\\"Nature\\\": \\\"Non-Organic\\\", \\\"Grade\\\": \\\"A+ss\\\", \\\"chemical formula\\\": \\\"AcA\\\", \\\"synonyms\\\": \\\"HAHA\\\"}\", \"max_uses\": null, \"alert_qty\": 0, \"item_name\": \"Acetic Acid\", \"qty_limit\": null, \"expiry_type\": null, \"is_disabled\": 0, \"itemType_id\": 1, \"rec_per_inv\": 0, \"allow_borrow\": 0, \"is_consumable\": 0, \"laboratory_id\": \"1\", \"lead_time_prep\": 0, \"rec_expiration\": 0, \"maintenance_interval\": null}','{\"item_id\": \"10120256939\", \"add_cols\": \"{\\\"Nature\\\": \\\"Non-Organic\\\", \\\"Grade\\\": \\\"A+ss\\\", \\\"chemical formula\\\": \\\"AcA\\\", \\\"synonyms\\\": \\\"HAHA\\\"}\", \"max_uses\": null, \"alert_qty\": 0, \"item_name\": \"Acetic Acid\", \"qty_limit\": null, \"expiry_type\": null, \"is_disabled\": 0, \"itemType_id\": 1, \"rec_per_inv\": 0, \"allow_borrow\": 0, \"is_consumable\": 0, \"laboratory_id\": \"1\", \"lead_time_prep\": 0, \"rec_expiration\": 0, \"maintenance_interval\": null}'),(159,'UPDATE','2025-03-09 11:42:11','11','10120257075','{\"item_id\": \"10120257075\", \"add_cols\": \"{\\\"Nature\\\": \\\"solid\\\", \\\"Grade\\\": \\\"A\\\", \\\"chemical formula\\\": \\\"CuSO4\\\", \\\"synonyms\\\": null}\", \"max_uses\": null, \"alert_qty\": 0, \"item_name\": \"Copper(II) Sulfate\", \"qty_limit\": null, \"expiry_type\": \"Date\", \"is_disabled\": 0, \"itemType_id\": 1, \"rec_per_inv\": 0, \"allow_borrow\": 0, \"is_consumable\": 0, \"laboratory_id\": \"1\", \"lead_time_prep\": 0, \"rec_expiration\": 0, \"maintenance_interval\": null}','{\"item_id\": \"10120257075\", \"add_cols\": \"{\\\"Nature\\\": \\\"solid\\\", \\\"Grade\\\": \\\"A\\\", \\\"chemical formula\\\": \\\"CuSO4\\\", \\\"synonyms\\\": null}\", \"max_uses\": null, \"alert_qty\": 0, \"item_name\": \"Copper(II) Sulfate\", \"qty_limit\": null, \"expiry_type\": \"Date\", \"is_disabled\": 0, \"itemType_id\": 1, \"rec_per_inv\": 0, \"allow_borrow\": 0, \"is_consumable\": 0, \"laboratory_id\": \"1\", \"lead_time_prep\": 0, \"rec_expiration\": 0, \"maintenance_interval\": null}'),(160,'UPDATE','2025-03-09 11:42:11','11','10120257835','{\"item_id\": \"10120257835\", \"add_cols\": \"{\\\"Grade (A, B, C)\\\": \\\"B\\\"}\", \"max_uses\": 10, \"alert_qty\": 0, \"item_name\": \"Lab Gowns\", \"qty_limit\": null, \"expiry_type\": \"Usage\", \"is_disabled\": 0, \"itemType_id\": 3, \"rec_per_inv\": 0, \"allow_borrow\": 0, \"is_consumable\": 0, \"laboratory_id\": \"1\", \"lead_time_prep\": 0, \"rec_expiration\": 0, \"maintenance_interval\": null}','{\"item_id\": \"10120257835\", \"add_cols\": \"{\\\"Grade (A, B, C)\\\": \\\"B\\\"}\", \"max_uses\": 10, \"alert_qty\": 0, \"item_name\": \"Lab Gowns\", \"qty_limit\": null, \"expiry_type\": \"Usage\", \"is_disabled\": 0, \"itemType_id\": 3, \"rec_per_inv\": 0, \"allow_borrow\": 0, \"is_consumable\": 0, \"laboratory_id\": \"1\", \"lead_time_prep\": 0, \"rec_expiration\": 0, \"maintenance_interval\": null}'),(161,'UPDATE','2025-03-09 11:42:11','11','10120257874','{\"item_id\": \"10120257874\", \"add_cols\": \"{\\\"Nature\\\": \\\"organic\\\", \\\"Grade\\\": \\\"normal\\\", \\\"chemical formula\\\": NaN, \\\"synonyms\\\": NaN}\", \"max_uses\": null, \"alert_qty\": 0, \"item_name\": \"Sodium Chloride\", \"qty_limit\": null, \"expiry_type\": null, \"is_disabled\": 0, \"itemType_id\": 1, \"rec_per_inv\": 0, \"allow_borrow\": 0, \"is_consumable\": 0, \"laboratory_id\": \"1\", \"lead_time_prep\": 0, \"rec_expiration\": 0, \"maintenance_interval\": null}','{\"item_id\": \"10120257874\", \"add_cols\": \"{\\\"Nature\\\": \\\"organic\\\", \\\"Grade\\\": \\\"normal\\\", \\\"chemical formula\\\": NaN, \\\"synonyms\\\": NaN}\", \"max_uses\": null, \"alert_qty\": 0, \"item_name\": \"Sodium Chloride\", \"qty_limit\": null, \"expiry_type\": null, \"is_disabled\": 0, \"itemType_id\": 1, \"rec_per_inv\": 0, \"allow_borrow\": 0, \"is_consumable\": 0, \"laboratory_id\": \"1\", \"lead_time_prep\": 0, \"rec_expiration\": 0, \"maintenance_interval\": null}'),(162,'UPDATE','2025-03-09 11:42:11','11','10120258208','{\"item_id\": \"10120258208\", \"add_cols\": \"{\\\"Nature\\\": \\\"Liquid\\\", \\\"Grade\\\": \\\"G\\\", \\\"chemical formula\\\": \\\"Hg\\\", \\\"synonyms\\\": \\\"hydrargyrum\\\"}\", \"max_uses\": null, \"alert_qty\": 0, \"item_name\": \"Mercury\", \"qty_limit\": null, \"expiry_type\": null, \"is_disabled\": 0, \"itemType_id\": 1, \"rec_per_inv\": 0, \"allow_borrow\": 0, \"is_consumable\": 0, \"laboratory_id\": \"1\", \"lead_time_prep\": 0, \"rec_expiration\": 0, \"maintenance_interval\": null}','{\"item_id\": \"10120258208\", \"add_cols\": \"{\\\"Nature\\\": \\\"Liquid\\\", \\\"Grade\\\": \\\"G\\\", \\\"chemical formula\\\": \\\"Hg\\\", \\\"synonyms\\\": \\\"hydrargyrum\\\"}\", \"max_uses\": null, \"alert_qty\": 0, \"item_name\": \"Mercury\", \"qty_limit\": null, \"expiry_type\": null, \"is_disabled\": 0, \"itemType_id\": 1, \"rec_per_inv\": 0, \"allow_borrow\": 0, \"is_consumable\": 0, \"laboratory_id\": \"1\", \"lead_time_prep\": 0, \"rec_expiration\": 0, \"maintenance_interval\": null}'),(163,'UPDATE','2025-03-09 11:42:11','11','10120258562','{\"item_id\": \"10120258562\", \"add_cols\": \"{\\\"Grade (A, B, C)\\\": null}\", \"max_uses\": null, \"alert_qty\": 0, \"item_name\": \"chair\", \"qty_limit\": null, \"expiry_type\": \"\", \"is_disabled\": 0, \"itemType_id\": 3, \"rec_per_inv\": 0, \"allow_borrow\": 0, \"is_consumable\": 0, \"laboratory_id\": \"1\", \"lead_time_prep\": null, \"rec_expiration\": 0, \"maintenance_interval\": null}','{\"item_id\": \"10120258562\", \"add_cols\": \"{\\\"Grade (A, B, C)\\\": null}\", \"max_uses\": null, \"alert_qty\": 0, \"item_name\": \"chair\", \"qty_limit\": null, \"expiry_type\": \"\", \"is_disabled\": 0, \"itemType_id\": 3, \"rec_per_inv\": 0, \"allow_borrow\": 0, \"is_consumable\": 0, \"laboratory_id\": \"1\", \"lead_time_prep\": null, \"rec_expiration\": 0, \"maintenance_interval\": null}'),(164,'UPDATE','2025-03-09 11:42:11','11','10120258712','{\"item_id\": \"10120258712\", \"add_cols\": \"{\\\"Grade (A, B, C)\\\": \\\"A\\\"}\", \"max_uses\": null, \"alert_qty\": 2, \"item_name\": \"Thermometer\", \"qty_limit\": null, \"expiry_type\": null, \"is_disabled\": 0, \"itemType_id\": 3, \"rec_per_inv\": 0, \"allow_borrow\": 0, \"is_consumable\": 0, \"laboratory_id\": \"1\", \"lead_time_prep\": null, \"rec_expiration\": 0, \"maintenance_interval\": null}','{\"item_id\": \"10120258712\", \"add_cols\": \"{\\\"Grade (A, B, C)\\\": \\\"A\\\"}\", \"max_uses\": null, \"alert_qty\": 2, \"item_name\": \"Thermometer\", \"qty_limit\": null, \"expiry_type\": null, \"is_disabled\": 0, \"itemType_id\": 3, \"rec_per_inv\": 0, \"allow_borrow\": 0, \"is_consumable\": 0, \"laboratory_id\": \"1\", \"lead_time_prep\": null, \"rec_expiration\": 0, \"maintenance_interval\": null}'),(165,'UPDATE','2025-03-09 11:42:11','11','10120258824','{\"item_id\": \"10120258824\", \"add_cols\": \"{\\\"Grade (A, B, C)\\\": null}\", \"max_uses\": null, \"alert_qty\": 0, \"item_name\": \"Thermometer\", \"qty_limit\": null, \"expiry_type\": null, \"is_disabled\": 0, \"itemType_id\": 3, \"rec_per_inv\": 0, \"allow_borrow\": 0, \"is_consumable\": 0, \"laboratory_id\": \"1\", \"lead_time_prep\": 0, \"rec_expiration\": 0, \"maintenance_interval\": null}','{\"item_id\": \"10120258824\", \"add_cols\": \"{\\\"Grade (A, B, C)\\\": null}\", \"max_uses\": null, \"alert_qty\": 0, \"item_name\": \"Thermometer\", \"qty_limit\": null, \"expiry_type\": null, \"is_disabled\": 0, \"itemType_id\": 3, \"rec_per_inv\": 0, \"allow_borrow\": 0, \"is_consumable\": 0, \"laboratory_id\": \"1\", \"lead_time_prep\": 0, \"rec_expiration\": 0, \"maintenance_interval\": null}'),(166,'UPDATE','2025-03-09 11:42:11','11','10120259093','{\"item_id\": \"10120259093\", \"add_cols\": \"{\\\"Grade (A, B, C)\\\": null}\", \"max_uses\": null, \"alert_qty\": 0, \"item_name\": \"Bandage\", \"qty_limit\": null, \"expiry_type\": \"\", \"is_disabled\": 0, \"itemType_id\": 3, \"rec_per_inv\": 0, \"allow_borrow\": 0, \"is_consumable\": 0, \"laboratory_id\": \"1\", \"lead_time_prep\": null, \"rec_expiration\": 0, \"maintenance_interval\": null}','{\"item_id\": \"10120259093\", \"add_cols\": \"{\\\"Grade (A, B, C)\\\": null}\", \"max_uses\": null, \"alert_qty\": 0, \"item_name\": \"Bandage\", \"qty_limit\": null, \"expiry_type\": \"\", \"is_disabled\": 0, \"itemType_id\": 3, \"rec_per_inv\": 0, \"allow_borrow\": 0, \"is_consumable\": 0, \"laboratory_id\": \"1\", \"lead_time_prep\": null, \"rec_expiration\": 0, \"maintenance_interval\": null}'),(167,'UPDATE','2025-03-09 11:42:11','11','11','{\"item_id\": \"11\", \"add_cols\": \"{\\\"Nature\\\": \\\"Solid\\\", \\\"Grade\\\": \\\"N\\\", \\\"chemical formula\\\": \\\"h2o2\\\", \\\"synonyms\\\": \\\"agua oxinada, something\\\"}\", \"max_uses\": null, \"alert_qty\": 0, \"item_name\": \"Hydrogen Peroxide\", \"qty_limit\": null, \"expiry_type\": null, \"is_disabled\": 0, \"itemType_id\": 1, \"rec_per_inv\": 0, \"allow_borrow\": 0, \"is_consumable\": 0, \"laboratory_id\": \"1\", \"lead_time_prep\": 0, \"rec_expiration\": 0, \"maintenance_interval\": null}','{\"item_id\": \"11\", \"add_cols\": \"{\\\"Nature\\\": \\\"Solid\\\", \\\"Grade\\\": \\\"N\\\", \\\"chemical formula\\\": \\\"h2o2\\\", \\\"synonyms\\\": \\\"agua oxinada, something\\\"}\", \"max_uses\": null, \"alert_qty\": 0, \"item_name\": \"Hydrogen Peroxide\", \"qty_limit\": null, \"expiry_type\": null, \"is_disabled\": 0, \"itemType_id\": 1, \"rec_per_inv\": 0, \"allow_borrow\": 0, \"is_consumable\": 0, \"laboratory_id\": \"1\", \"lead_time_prep\": 0, \"rec_expiration\": 0, \"maintenance_interval\": null}'),(168,'UPDATE','2025-03-09 11:42:11','11','14','{\"item_id\": \"14\", \"add_cols\": \"{\\\"Nature\\\": \\\"acid\\\", \\\"Grade\\\": \\\"normal\\\", \\\"Location\\\": \\\"gk204\\\", \\\"Kind\\\": \\\"liquid\\\"}\", \"max_uses\": null, \"alert_qty\": 10, \"item_name\": \"Sulphuric Acid \", \"qty_limit\": 3, \"expiry_type\": \"Date\", \"is_disabled\": 0, \"itemType_id\": 1, \"rec_per_inv\": 0, \"allow_borrow\": 0, \"is_consumable\": 0, \"laboratory_id\": \"1\", \"lead_time_prep\": 0, \"rec_expiration\": 1, \"maintenance_interval\": null}','{\"item_id\": \"14\", \"add_cols\": \"{\\\"Nature\\\": \\\"acid\\\", \\\"Grade\\\": \\\"normal\\\", \\\"Location\\\": \\\"gk204\\\", \\\"Kind\\\": \\\"liquid\\\"}\", \"max_uses\": null, \"alert_qty\": 10, \"item_name\": \"Sulphuric Acid \", \"qty_limit\": 3, \"expiry_type\": \"Date\", \"is_disabled\": 0, \"itemType_id\": 1, \"rec_per_inv\": 0, \"allow_borrow\": 0, \"is_consumable\": 0, \"laboratory_id\": \"1\", \"lead_time_prep\": 0, \"rec_expiration\": 1, \"maintenance_interval\": null}'),(169,'UPDATE','2025-03-09 11:42:11','11','16','{\"item_id\": \"16\", \"add_cols\": \"{\\\"Nature\\\": \\\"organic\\\", \\\"Brand\\\": null, \\\"Location\\\": \\\"gk204\\\", \\\"Status\\\": null, \\\"L or S\\\": null, \\\"Capacity\\\": 200, \\\"Dimension\\\": \\\"mL\\\"}\", \"max_uses\": null, \"alert_qty\": 0, \"item_name\": \"Beaker\", \"qty_limit\": null, \"expiry_type\": null, \"is_disabled\": 0, \"itemType_id\": 2, \"rec_per_inv\": 1, \"allow_borrow\": 0, \"is_consumable\": 0, \"laboratory_id\": \"1\", \"lead_time_prep\": 0, \"rec_expiration\": 0, \"maintenance_interval\": null}','{\"item_id\": \"16\", \"add_cols\": \"{\\\"Nature\\\": \\\"organic\\\", \\\"Brand\\\": null, \\\"Location\\\": \\\"gk204\\\", \\\"Status\\\": null, \\\"L or S\\\": null, \\\"Capacity\\\": 200, \\\"Dimension\\\": \\\"mL\\\"}\", \"max_uses\": null, \"alert_qty\": 0, \"item_name\": \"Beaker\", \"qty_limit\": null, \"expiry_type\": null, \"is_disabled\": 0, \"itemType_id\": 2, \"rec_per_inv\": 1, \"allow_borrow\": 0, \"is_consumable\": 0, \"laboratory_id\": \"1\", \"lead_time_prep\": 0, \"rec_expiration\": 0, \"maintenance_interval\": null}'),(170,'UPDATE','2025-03-09 11:42:11','11','2','{\"item_id\": \"2\", \"add_cols\": \"{\\\"Nature\\\": \\\"solid\\\", \\\"Grade\\\": \\\"good\\\", \\\"chemical formula\\\": \\\"Cu2082Hu2086O\\\", \\\"synonyms\\\": \\\"Alcohol\\\"}\", \"max_uses\": null, \"alert_qty\": 30, \"item_name\": \"Ethanol\", \"qty_limit\": 4, \"expiry_type\": \"Date\", \"is_disabled\": 0, \"itemType_id\": 1, \"rec_per_inv\": 0, \"allow_borrow\": 0, \"is_consumable\": 0, \"laboratory_id\": \"1\", \"lead_time_prep\": 0, \"rec_expiration\": 1, \"maintenance_interval\": null}','{\"item_id\": \"2\", \"add_cols\": \"{\\\"Nature\\\": \\\"solid\\\", \\\"Grade\\\": \\\"good\\\", \\\"chemical formula\\\": \\\"Cu2082Hu2086O\\\", \\\"synonyms\\\": \\\"Alcohol\\\"}\", \"max_uses\": null, \"alert_qty\": 30, \"item_name\": \"Ethanol\", \"qty_limit\": 4, \"expiry_type\": \"Date\", \"is_disabled\": 0, \"itemType_id\": 1, \"rec_per_inv\": 0, \"allow_borrow\": 0, \"is_consumable\": 0, \"laboratory_id\": \"1\", \"lead_time_prep\": 0, \"rec_expiration\": 1, \"maintenance_interval\": null}'),(171,'UPDATE','2025-03-09 11:42:11','11','3','{\"item_id\": \"3\", \"add_cols\": \"{\\\"Nature\\\": \\\"organic\\\", \\\"Grade\\\": \\\"normal\\\", \\\"Location\\\": \\\"gk204\\\", \\\"Kind\\\": \\\"solid\\\"}\", \"max_uses\": null, \"alert_qty\": 10, \"item_name\": \"Sodium Chloride\", \"qty_limit\": 2, \"expiry_type\": \"Date\", \"is_disabled\": 0, \"itemType_id\": 1, \"rec_per_inv\": 0, \"allow_borrow\": 0, \"is_consumable\": 0, \"laboratory_id\": \"1\", \"lead_time_prep\": 0, \"rec_expiration\": 1, \"maintenance_interval\": null}','{\"item_id\": \"3\", \"add_cols\": \"{\\\"Nature\\\": \\\"organic\\\", \\\"Grade\\\": \\\"normal\\\", \\\"Location\\\": \\\"gk204\\\", \\\"Kind\\\": \\\"solid\\\"}\", \"max_uses\": null, \"alert_qty\": 10, \"item_name\": \"Sodium Chloride\", \"qty_limit\": 2, \"expiry_type\": \"Date\", \"is_disabled\": 0, \"itemType_id\": 1, \"rec_per_inv\": 0, \"allow_borrow\": 0, \"is_consumable\": 0, \"laboratory_id\": \"1\", \"lead_time_prep\": 0, \"rec_expiration\": 1, \"maintenance_interval\": null}'),(172,'UPDATE','2025-03-09 11:42:11','11','5','{\"item_id\": \"5\", \"add_cols\": \"{\\\"Nature\\\": \\\"ffg\\\", \\\"Brand\\\": \\\"pyrex\\\", \\\"Location\\\": \\\"gk204\\\", \\\"Status\\\": \\\"good\\\", \\\"L or S\\\": \\\"L\\\"}\", \"max_uses\": null, \"alert_qty\": 10, \"item_name\": \"Pitot Tube\", \"qty_limit\": null, \"expiry_type\": null, \"is_disabled\": 0, \"itemType_id\": 2, \"rec_per_inv\": 0, \"allow_borrow\": 0, \"is_consumable\": 0, \"laboratory_id\": \"1\", \"lead_time_prep\": 0, \"rec_expiration\": 0, \"maintenance_interval\": null}','{\"item_id\": \"5\", \"add_cols\": \"{\\\"Nature\\\": \\\"ffg\\\", \\\"Brand\\\": \\\"pyrex\\\", \\\"Location\\\": \\\"gk204\\\", \\\"Status\\\": \\\"good\\\", \\\"L or S\\\": \\\"L\\\"}\", \"max_uses\": null, \"alert_qty\": 10, \"item_name\": \"Pitot Tube\", \"qty_limit\": null, \"expiry_type\": null, \"is_disabled\": 0, \"itemType_id\": 2, \"rec_per_inv\": 0, \"allow_borrow\": 0, \"is_consumable\": 0, \"laboratory_id\": \"1\", \"lead_time_prep\": 0, \"rec_expiration\": 0, \"maintenance_interval\": null}'),(173,'UPDATE','2025-03-09 11:42:11','11','6','{\"item_id\": \"6\", \"add_cols\": \"{\\\"Nature\\\": \\\"organic\\\", \\\"Grade\\\": \\\"normal\\\", \\\"Location\\\": \\\"gk204\\\", \\\"Kind\\\": \\\"solid\\\"}\", \"max_uses\": null, \"alert_qty\": 0, \"item_name\": \"Hydrogen\", \"qty_limit\": null, \"expiry_type\": null, \"is_disabled\": 0, \"itemType_id\": 1, \"rec_per_inv\": 0, \"allow_borrow\": 0, \"is_consumable\": 0, \"laboratory_id\": \"1\", \"lead_time_prep\": 0, \"rec_expiration\": 0, \"maintenance_interval\": null}','{\"item_id\": \"6\", \"add_cols\": \"{\\\"Nature\\\": \\\"organic\\\", \\\"Grade\\\": \\\"normal\\\", \\\"Location\\\": \\\"gk204\\\", \\\"Kind\\\": \\\"solid\\\"}\", \"max_uses\": null, \"alert_qty\": 0, \"item_name\": \"Hydrogen\", \"qty_limit\": null, \"expiry_type\": null, \"is_disabled\": 0, \"itemType_id\": 1, \"rec_per_inv\": 0, \"allow_borrow\": 0, \"is_consumable\": 0, \"laboratory_id\": \"1\", \"lead_time_prep\": 0, \"rec_expiration\": 0, \"maintenance_interval\": null}'),(174,'UPDATE','2025-03-09 11:42:11','11','7','{\"item_id\": \"7\", \"add_cols\": \"{\\\"Nature\\\": \\\"organic\\\", \\\"Grade\\\": \\\"normal\\\", \\\"Location\\\": \\\"gk204\\\", \\\"Kind\\\": \\\"liquid\\\"}\", \"max_uses\": null, \"alert_qty\": 0, \"item_name\": \"Iodine\", \"qty_limit\": null, \"expiry_type\": null, \"is_disabled\": 0, \"itemType_id\": 1, \"rec_per_inv\": 0, \"allow_borrow\": 0, \"is_consumable\": 0, \"laboratory_id\": \"1\", \"lead_time_prep\": 0, \"rec_expiration\": 0, \"maintenance_interval\": null}','{\"item_id\": \"7\", \"add_cols\": \"{\\\"Nature\\\": \\\"organic\\\", \\\"Grade\\\": \\\"normal\\\", \\\"Location\\\": \\\"gk204\\\", \\\"Kind\\\": \\\"liquid\\\"}\", \"max_uses\": null, \"alert_qty\": 0, \"item_name\": \"Iodine\", \"qty_limit\": null, \"expiry_type\": null, \"is_disabled\": 0, \"itemType_id\": 1, \"rec_per_inv\": 0, \"allow_borrow\": 0, \"is_consumable\": 0, \"laboratory_id\": \"1\", \"lead_time_prep\": 0, \"rec_expiration\": 0, \"maintenance_interval\": null}'),(175,'UPDATE','2025-03-09 11:42:11','11','10120240186','{\"item_id\": \"10120240186\", \"add_cols\": \"{\\\"Nature\\\": \\\"Solid\\\", \\\"Grade\\\": \\\"Reagent\\\", \\\"chemical formula\\\": null, \\\"synonyms\\\": \\\"Saltpeter\\\"}\", \"max_uses\": null, \"alert_qty\": 5, \"item_name\": \"Potassium Nitrate\", \"qty_limit\": null, \"expiry_type\": \"Date\", \"is_disabled\": 0, \"itemType_id\": 1, \"rec_per_inv\": 0, \"allow_borrow\": 0, \"is_consumable\": 0, \"laboratory_id\": \"1\", \"lead_time_prep\": null, \"rec_expiration\": 1, \"maintenance_interval\": null}','{\"item_id\": \"10120240186\", \"add_cols\": \"{\\\"Nature\\\": \\\"Solid\\\", \\\"Grade\\\": \\\"Reagent\\\", \\\"chemical formula\\\": null, \\\"synonyms\\\": \\\"Saltpeter\\\"}\", \"max_uses\": null, \"alert_qty\": 5, \"item_name\": \"Potassium Nitrate\", \"qty_limit\": null, \"expiry_type\": \"Date\", \"is_disabled\": 0, \"itemType_id\": 1, \"rec_per_inv\": 0, \"allow_borrow\": 1, \"is_consumable\": 0, \"laboratory_id\": \"1\", \"lead_time_prep\": null, \"rec_expiration\": 1, \"maintenance_interval\": null}'),(176,'UPDATE','2025-03-09 11:42:11','11','10120241077','{\"item_id\": \"10120241077\", \"add_cols\": \"{\\\"Nature\\\": \\\"solid\\\", \\\"Grade\\\": \\\"good\\\", \\\"chemical formula\\\": \\\"ace\\\", \\\"synonyms\\\": \\\"acetyl\\\"}\", \"max_uses\": null, \"alert_qty\": 0, \"item_name\": \"Acetylene\", \"qty_limit\": null, \"expiry_type\": null, \"is_disabled\": 0, \"itemType_id\": 1, \"rec_per_inv\": 0, \"allow_borrow\": 0, \"is_consumable\": 0, \"laboratory_id\": \"1\", \"lead_time_prep\": null, \"rec_expiration\": 0, \"maintenance_interval\": null}','{\"item_id\": \"10120241077\", \"add_cols\": \"{\\\"Nature\\\": \\\"solid\\\", \\\"Grade\\\": \\\"good\\\", \\\"chemical formula\\\": \\\"ace\\\", \\\"synonyms\\\": \\\"acetyl\\\"}\", \"max_uses\": null, \"alert_qty\": 0, \"item_name\": \"Acetylene\", \"qty_limit\": null, \"expiry_type\": null, \"is_disabled\": 0, \"itemType_id\": 1, \"rec_per_inv\": 0, \"allow_borrow\": 1, \"is_consumable\": 0, \"laboratory_id\": \"1\", \"lead_time_prep\": null, \"rec_expiration\": 0, \"maintenance_interval\": null}'),(177,'UPDATE','2025-03-09 11:42:11','11','10120241939','{\"item_id\": \"10120241939\", \"add_cols\": \"{\\\"Grade (A, B, C)\\\": \\\"A\\\"}\", \"max_uses\": null, \"alert_qty\": 0, \"item_name\": \"Bunsen Burner\", \"qty_limit\": null, \"expiry_type\": null, \"is_disabled\": 0, \"itemType_id\": 3, \"rec_per_inv\": 1, \"allow_borrow\": 0, \"is_consumable\": 0, \"laboratory_id\": \"1\", \"lead_time_prep\": null, \"rec_expiration\": 0, \"maintenance_interval\": null}','{\"item_id\": \"10120241939\", \"add_cols\": \"{\\\"Grade (A, B, C)\\\": \\\"A\\\"}\", \"max_uses\": null, \"alert_qty\": 0, \"item_name\": \"Bunsen Burner\", \"qty_limit\": null, \"expiry_type\": null, \"is_disabled\": 0, \"itemType_id\": 3, \"rec_per_inv\": 1, \"allow_borrow\": 1, \"is_consumable\": 0, \"laboratory_id\": \"1\", \"lead_time_prep\": null, \"rec_expiration\": 0, \"maintenance_interval\": null}'),(178,'UPDATE','2025-03-09 11:42:11','11','10120242377','{\"item_id\": \"10120242377\", \"add_cols\": \"{\\\"Nature\\\": \\\"Solid\\\", \\\"Grade\\\": \\\"Analytical\\\", \\\"chemical formula\\\": null, \\\"synonyms\\\": \\\"Limestone\\\"}\", \"max_uses\": null, \"alert_qty\": 10, \"item_name\": \"Calcium Carbonate\", \"qty_limit\": null, \"expiry_type\": null, \"is_disabled\": 0, \"itemType_id\": 1, \"rec_per_inv\": 0, \"allow_borrow\": 0, \"is_consumable\": 0, \"laboratory_id\": \"1\", \"lead_time_prep\": null, \"rec_expiration\": 0, \"maintenance_interval\": null}','{\"item_id\": \"10120242377\", \"add_cols\": \"{\\\"Nature\\\": \\\"Solid\\\", \\\"Grade\\\": \\\"Analytical\\\", \\\"chemical formula\\\": null, \\\"synonyms\\\": \\\"Limestone\\\"}\", \"max_uses\": null, \"alert_qty\": 10, \"item_name\": \"Calcium Carbonate\", \"qty_limit\": null, \"expiry_type\": null, \"is_disabled\": 0, \"itemType_id\": 1, \"rec_per_inv\": 0, \"allow_borrow\": 1, \"is_consumable\": 0, \"laboratory_id\": \"1\", \"lead_time_prep\": null, \"rec_expiration\": 0, \"maintenance_interval\": null}'),(179,'UPDATE','2025-03-09 11:42:11','11','10120242830','{\"item_id\": \"10120242830\", \"add_cols\": \"{\\\"Grade (A, B, C)\\\": \\\"B\\\"}\", \"max_uses\": null, \"alert_qty\": 0, \"item_name\": \"Microscope\", \"qty_limit\": null, \"expiry_type\": null, \"is_disabled\": 0, \"itemType_id\": 3, \"rec_per_inv\": 1, \"allow_borrow\": 0, \"is_consumable\": 0, \"laboratory_id\": \"1\", \"lead_time_prep\": null, \"rec_expiration\": 0, \"maintenance_interval\": null}','{\"item_id\": \"10120242830\", \"add_cols\": \"{\\\"Grade (A, B, C)\\\": \\\"B\\\"}\", \"max_uses\": null, \"alert_qty\": 0, \"item_name\": \"Microscope\", \"qty_limit\": null, \"expiry_type\": null, \"is_disabled\": 0, \"itemType_id\": 3, \"rec_per_inv\": 1, \"allow_borrow\": 1, \"is_consumable\": 0, \"laboratory_id\": \"1\", \"lead_time_prep\": null, \"rec_expiration\": 0, \"maintenance_interval\": null}'),(180,'UPDATE','2025-03-09 11:42:11','11','10120243607','{\"item_id\": \"10120243607\", \"add_cols\": \"{\\\"Nature\\\": \\\"Solid\\\", \\\"Grade\\\": \\\"Reagent\\\", \\\"chemical formula\\\": null, \\\"synonyms\\\": \\\"Epsom salt\\\"}\", \"max_uses\": null, \"alert_qty\": 7, \"item_name\": \"Magnesium Sulfate\", \"qty_limit\": null, \"expiry_type\": null, \"is_disabled\": 0, \"itemType_id\": 1, \"rec_per_inv\": 1, \"allow_borrow\": 0, \"is_consumable\": 0, \"laboratory_id\": \"1\", \"lead_time_prep\": null, \"rec_expiration\": 0, \"maintenance_interval\": null}','{\"item_id\": \"10120243607\", \"add_cols\": \"{\\\"Nature\\\": \\\"Solid\\\", \\\"Grade\\\": \\\"Reagent\\\", \\\"chemical formula\\\": null, \\\"synonyms\\\": \\\"Epsom salt\\\"}\", \"max_uses\": null, \"alert_qty\": 7, \"item_name\": \"Magnesium Sulfate\", \"qty_limit\": null, \"expiry_type\": null, \"is_disabled\": 0, \"itemType_id\": 1, \"rec_per_inv\": 1, \"allow_borrow\": 1, \"is_consumable\": 0, \"laboratory_id\": \"1\", \"lead_time_prep\": null, \"rec_expiration\": 0, \"maintenance_interval\": null}'),(181,'UPDATE','2025-03-09 11:42:11','11','10120244169','{\"item_id\": \"10120244169\", \"add_cols\": \"{\\\"Nature\\\": \\\"Non-Organic\\\", \\\"Grade\\\": \\\"A+ss\\\", \\\"chemical formula\\\": \\\"AcA\\\", \\\"synonyms\\\": \\\"HAHA\\\"}\", \"max_uses\": null, \"alert_qty\": 0, \"item_name\": \"Acetic Acid\", \"qty_limit\": null, \"expiry_type\": \"Date\", \"is_disabled\": 0, \"itemType_id\": 1, \"rec_per_inv\": 0, \"allow_borrow\": 0, \"is_consumable\": 0, \"laboratory_id\": \"1\", \"lead_time_prep\": null, \"rec_expiration\": 0, \"maintenance_interval\": null}','{\"item_id\": \"10120244169\", \"add_cols\": \"{\\\"Nature\\\": \\\"Non-Organic\\\", \\\"Grade\\\": \\\"A+ss\\\", \\\"chemical formula\\\": \\\"AcA\\\", \\\"synonyms\\\": \\\"HAHA\\\"}\", \"max_uses\": null, \"alert_qty\": 0, \"item_name\": \"Acetic Acid\", \"qty_limit\": null, \"expiry_type\": \"Date\", \"is_disabled\": 0, \"itemType_id\": 1, \"rec_per_inv\": 0, \"allow_borrow\": 1, \"is_consumable\": 0, \"laboratory_id\": \"1\", \"lead_time_prep\": null, \"rec_expiration\": 0, \"maintenance_interval\": null}'),(182,'UPDATE','2025-03-09 11:42:11','11','10120246239','{\"item_id\": \"10120246239\", \"add_cols\": \"{\\\"Nature\\\": \\\"Solid\\\", \\\"Grade\\\": \\\"Laboratory\\\", \\\"chemical formula\\\": null, \\\"synonyms\\\": \\\"Diammonium sulfate\\\"}\", \"max_uses\": null, \"alert_qty\": 8, \"item_name\": \"Ammonium Sulfate\", \"qty_limit\": null, \"expiry_type\": \"Date\", \"is_disabled\": 0, \"itemType_id\": 1, \"rec_per_inv\": 0, \"allow_borrow\": 0, \"is_consumable\": 0, \"laboratory_id\": \"1\", \"lead_time_prep\": null, \"rec_expiration\": 1, \"maintenance_interval\": null}','{\"item_id\": \"10120246239\", \"add_cols\": \"{\\\"Nature\\\": \\\"Solid\\\", \\\"Grade\\\": \\\"Laboratory\\\", \\\"chemical formula\\\": null, \\\"synonyms\\\": \\\"Diammonium sulfate\\\"}\", \"max_uses\": null, \"alert_qty\": 8, \"item_name\": \"Ammonium Sulfate\", \"qty_limit\": null, \"expiry_type\": \"Date\", \"is_disabled\": 0, \"itemType_id\": 1, \"rec_per_inv\": 0, \"allow_borrow\": 1, \"is_consumable\": 0, \"laboratory_id\": \"1\", \"lead_time_prep\": null, \"rec_expiration\": 1, \"maintenance_interval\": null}'),(183,'UPDATE','2025-03-09 11:42:11','11','10120246430','{\"item_id\": \"10120246430\", \"add_cols\": \"{\\\"Grade (A, B, C)\\\": \\\"C\\\"}\", \"max_uses\": null, \"alert_qty\": 0, \"item_name\": \"pH Meter\", \"qty_limit\": null, \"expiry_type\": null, \"is_disabled\": 0, \"itemType_id\": 3, \"rec_per_inv\": 1, \"allow_borrow\": 0, \"is_consumable\": 0, \"laboratory_id\": \"1\", \"lead_time_prep\": null, \"rec_expiration\": 0, \"maintenance_interval\": null}','{\"item_id\": \"10120246430\", \"add_cols\": \"{\\\"Grade (A, B, C)\\\": \\\"C\\\"}\", \"max_uses\": null, \"alert_qty\": 0, \"item_name\": \"pH Meter\", \"qty_limit\": null, \"expiry_type\": null, \"is_disabled\": 0, \"itemType_id\": 3, \"rec_per_inv\": 1, \"allow_borrow\": 1, \"is_consumable\": 0, \"laboratory_id\": \"1\", \"lead_time_prep\": null, \"rec_expiration\": 0, \"maintenance_interval\": null}'),(184,'UPDATE','2025-03-09 11:42:11','11','10120246711','{\"item_id\": \"10120246711\", \"add_cols\": \"{\\\"Nature\\\": \\\"Glass\\\", \\\"Brand\\\": \\\"VWR\\\", \\\"Location\\\": \\\"Shelf D\\\", \\\"Status\\\": \\\"Used\\\", \\\"L or S\\\": null, \\\"Capacity\\\": \\\"10 mL\\\", \\\"Dimension\\\": \\\"1.5 cm x 10 cm\\\"}\", \"max_uses\": null, \"alert_qty\": 0, \"item_name\": \"Test Tube\", \"qty_limit\": null, \"expiry_type\": null, \"is_disabled\": 0, \"itemType_id\": 2, \"rec_per_inv\": 0, \"allow_borrow\": 0, \"is_consumable\": 0, \"laboratory_id\": \"1\", \"lead_time_prep\": null, \"rec_expiration\": 0, \"maintenance_interval\": null}','{\"item_id\": \"10120246711\", \"add_cols\": \"{\\\"Nature\\\": \\\"Glass\\\", \\\"Brand\\\": \\\"VWR\\\", \\\"Location\\\": \\\"Shelf D\\\", \\\"Status\\\": \\\"Used\\\", \\\"L or S\\\": null, \\\"Capacity\\\": \\\"10 mL\\\", \\\"Dimension\\\": \\\"1.5 cm x 10 cm\\\"}\", \"max_uses\": null, \"alert_qty\": 0, \"item_name\": \"Test Tube\", \"qty_limit\": null, \"expiry_type\": null, \"is_disabled\": 0, \"itemType_id\": 2, \"rec_per_inv\": 0, \"allow_borrow\": 1, \"is_consumable\": 0, \"laboratory_id\": \"1\", \"lead_time_prep\": null, \"rec_expiration\": 0, \"maintenance_interval\": null}'),(185,'UPDATE','2025-03-09 11:42:11','11','10120241077','{\"item_id\": \"10120241077\", \"add_cols\": \"{\\\"Nature\\\": \\\"solid\\\", \\\"Grade\\\": \\\"good\\\", \\\"chemical formula\\\": \\\"ace\\\", \\\"synonyms\\\": \\\"acetyl\\\"}\", \"max_uses\": null, \"alert_qty\": 0, \"item_name\": \"Acetylene\", \"qty_limit\": null, \"expiry_type\": null, \"is_disabled\": 0, \"itemType_id\": 1, \"rec_per_inv\": 0, \"allow_borrow\": 1, \"is_consumable\": 0, \"laboratory_id\": \"1\", \"lead_time_prep\": null, \"rec_expiration\": 0, \"maintenance_interval\": null}','{\"item_id\": \"10120241077\", \"add_cols\": \"{\\\"Nature\\\": \\\"solid\\\", \\\"Grade\\\": \\\"good\\\", \\\"chemical formula\\\": \\\"ace\\\", \\\"synonyms\\\": \\\"acetyl\\\"}\", \"max_uses\": null, \"alert_qty\": 0, \"item_name\": \"Acetylene\", \"qty_limit\": null, \"expiry_type\": null, \"is_disabled\": 0, \"itemType_id\": 1, \"rec_per_inv\": 0, \"allow_borrow\": 1, \"is_consumable\": 1, \"laboratory_id\": \"1\", \"lead_time_prep\": null, \"rec_expiration\": 0, \"maintenance_interval\": null}'),(186,'UPDATE','2025-03-09 11:42:11','11','10120240186','{\"item_id\": \"10120240186\", \"add_cols\": \"{\\\"Nature\\\": \\\"Solid\\\", \\\"Grade\\\": \\\"Reagent\\\", \\\"chemical formula\\\": null, \\\"synonyms\\\": \\\"Saltpeter\\\"}\", \"max_uses\": null, \"alert_qty\": 5, \"item_name\": \"Potassium Nitrate\", \"qty_limit\": null, \"expiry_type\": \"Date\", \"is_disabled\": 0, \"itemType_id\": 1, \"rec_per_inv\": 0, \"allow_borrow\": 1, \"is_consumable\": 0, \"laboratory_id\": \"1\", \"lead_time_prep\": null, \"rec_expiration\": 1, \"maintenance_interval\": null}','{\"item_id\": \"10120240186\", \"add_cols\": \"{\\\"Nature\\\": \\\"Solid\\\", \\\"Grade\\\": \\\"Reagent\\\", \\\"chemical formula\\\": null, \\\"synonyms\\\": \\\"Saltpeter\\\"}\", \"max_uses\": null, \"alert_qty\": 5, \"item_name\": \"Potassium Nitrate\", \"qty_limit\": null, \"expiry_type\": \"Date\", \"is_disabled\": 0, \"itemType_id\": 1, \"rec_per_inv\": 0, \"allow_borrow\": 1, \"is_consumable\": 0, \"laboratory_id\": \"1\", \"lead_time_prep\": 2, \"rec_expiration\": 1, \"maintenance_interval\": null}');
/*!40000 ALTER TABLE `audit_core_item_description` ENABLE KEYS */;
UNLOCK TABLES;

--
-- Table structure for table `audit_core_item_expirations`
--

DROP TABLE IF EXISTS `audit_core_item_expirations`;
/*!40101 SET @saved_cs_client     = @@character_set_client */;
/*!50503 SET character_set_client = utf8mb4 */;
CREATE TABLE `audit_core_item_expirations` (
  `id` bigint NOT NULL AUTO_INCREMENT,
  `operation` enum('INSERT','UPDATE','DELETE') NOT NULL,
  `changed_at` timestamp NULL DEFAULT CURRENT_TIMESTAMP,
  `changed_by` varchar(255) DEFAULT NULL,
  `primary_key` varchar(20) NOT NULL,
  `old_values` json DEFAULT NULL,
  `new_values` json DEFAULT NULL,
  PRIMARY KEY (`id`)
) ENGINE=InnoDB AUTO_INCREMENT=17 DEFAULT CHARSET=utf8mb4 COLLATE=utf8mb4_0900_ai_ci;
/*!40101 SET character_set_client = @saved_cs_client */;

--
-- Dumping data for table `audit_core_item_expirations`
--

LOCK TABLES `audit_core_item_expirations` WRITE;
/*!40000 ALTER TABLE `audit_core_item_expirations` DISABLE KEYS */;
INSERT INTO `audit_core_item_expirations` VALUES (1,'INSERT','2025-03-04 12:49:11','13','102101202590930001',NULL,'{\"expired_date\": null, \"remaining_uses\": null, \"inventory_item_id\": \"102101202590930001\", \"next_maintenance_date\": null}'),(2,'INSERT','2025-03-04 13:00:36','2','102101202401860001',NULL,'{\"expired_date\": \"2025-03-12\", \"remaining_uses\": null, \"inventory_item_id\": \"102101202401860001\", \"next_maintenance_date\": null}'),(3,'INSERT','2025-03-04 13:18:12','13','102101202553250001',NULL,'{\"expired_date\": null, \"remaining_uses\": null, \"inventory_item_id\": \"102101202553250001\", \"next_maintenance_date\": null}'),(4,'INSERT','2025-03-04 13:57:23','13','102101202553250002',NULL,'{\"expired_date\": null, \"remaining_uses\": null, \"inventory_item_id\": \"102101202553250002\", \"next_maintenance_date\": null}'),(5,'INSERT','2025-03-04 14:38:29','13','102101202553250003',NULL,'{\"expired_date\": null, \"remaining_uses\": null, \"inventory_item_id\": \"102101202553250003\", \"next_maintenance_date\": null}'),(6,'INSERT','2025-03-04 15:07:57','13','102101202585620001',NULL,'{\"expired_date\": null, \"remaining_uses\": null, \"inventory_item_id\": \"102101202585620001\", \"next_maintenance_date\": null}'),(7,'INSERT','2025-03-04 15:26:02','13','102101202585620002',NULL,'{\"expired_date\": null, \"remaining_uses\": null, \"inventory_item_id\": \"102101202585620002\", \"next_maintenance_date\": null}'),(8,'INSERT','2025-03-04 15:56:22','13','102101202585620003',NULL,'{\"expired_date\": null, \"remaining_uses\": null, \"inventory_item_id\": \"102101202585620003\", \"next_maintenance_date\": null}'),(9,'INSERT','2025-03-04 16:42:29','13','102101202585620004',NULL,'{\"expired_date\": null, \"remaining_uses\": null, \"inventory_item_id\": \"102101202585620004\", \"next_maintenance_date\": null}'),(10,'INSERT','2025-03-04 17:00:22','13','102101202585620005',NULL,'{\"expired_date\": null, \"remaining_uses\": null, \"inventory_item_id\": \"102101202585620005\", \"next_maintenance_date\": null}'),(11,'INSERT','2025-03-04 17:16:02','13','102101202585620006',NULL,'{\"expired_date\": null, \"remaining_uses\": null, \"inventory_item_id\": \"102101202585620006\", \"next_maintenance_date\": null}'),(12,'INSERT','2025-03-04 17:35:49','13','102101202509230001',NULL,'{\"expired_date\": null, \"remaining_uses\": null, \"inventory_item_id\": \"102101202509230001\", \"next_maintenance_date\": null}'),(13,'INSERT','2025-03-04 18:26:01','13','102101202509230002',NULL,'{\"expired_date\": null, \"remaining_uses\": null, \"inventory_item_id\": \"102101202509230002\", \"next_maintenance_date\": null}'),(14,'INSERT','2025-03-04 18:31:51','13','102101202509230003',NULL,'{\"expired_date\": null, \"remaining_uses\": null, \"inventory_item_id\": \"102101202509230003\", \"next_maintenance_date\": null}'),(15,'INSERT','2025-03-04 18:42:24','13','102101202509230004',NULL,'{\"expired_date\": null, \"remaining_uses\": null, \"inventory_item_id\": \"102101202509230004\", \"next_maintenance_date\": null}'),(16,'INSERT','2025-03-06 12:55:44','11','102101202441690012',NULL,'{\"expired_date\": \"2025-03-29\", \"remaining_uses\": null, \"inventory_item_id\": \"102101202441690012\", \"next_maintenance_date\": null}');
/*!40000 ALTER TABLE `audit_core_item_expirations` ENABLE KEYS */;
UNLOCK TABLES;

--
-- Table structure for table `audit_core_item_handling`
--

DROP TABLE IF EXISTS `audit_core_item_handling`;
/*!40101 SET @saved_cs_client     = @@character_set_client */;
/*!50503 SET character_set_client = utf8mb4 */;
CREATE TABLE `audit_core_item_handling` (
  `id` bigint NOT NULL AUTO_INCREMENT,
  `operation` enum('INSERT','UPDATE','DELETE') NOT NULL,
  `changed_at` timestamp NULL DEFAULT CURRENT_TIMESTAMP,
  `changed_by` varchar(255) DEFAULT NULL,
  `primary_key` int NOT NULL,
  `old_values` json DEFAULT NULL,
  `new_values` json DEFAULT NULL,
  PRIMARY KEY (`id`)
) ENGINE=InnoDB AUTO_INCREMENT=34 DEFAULT CHARSET=utf8mb4 COLLATE=utf8mb4_0900_ai_ci;
/*!40101 SET character_set_client = @saved_cs_client */;

--
-- Dumping data for table `audit_core_item_handling`
--

LOCK TABLES `audit_core_item_handling` WRITE;
/*!40000 ALTER TABLE `audit_core_item_handling` DISABLE KEYS */;
INSERT INTO `audit_core_item_handling` VALUES (2,'INSERT','2025-03-04 12:34:36','2',327,NULL,'{\"qty\": 1, \"changes\": \"A\", \"remarks\": \"Add to Inventory\", \"timestamp\": \"2025-03-04 12:34:36.692091\", \"updated_by_id\": \"2\", \"item_handling_id\": 327, \"inventory_item_id\": \"102101202410770006\"}'),(3,'INSERT','2025-03-04 12:38:52','13',328,NULL,'{\"qty\": 2, \"changes\": \"A\", \"remarks\": \"Add to Inventory\", \"timestamp\": \"2025-03-04 12:38:52.788368\", \"updated_by_id\": \"13\", \"item_handling_id\": 328, \"inventory_item_id\": \"102101202410770007\"}'),(4,'INSERT','2025-03-04 12:42:24','2',329,NULL,'{\"qty\": 1, \"changes\": \"A\", \"remarks\": \"Add to Inventory\", \"timestamp\": \"2025-03-04 12:42:23.901668\", \"updated_by_id\": \"2\", \"item_handling_id\": 329, \"inventory_item_id\": \"102101202410770008\"}'),(6,'INSERT','2025-03-04 12:44:47','2',331,NULL,'{\"qty\": 1, \"changes\": \"A\", \"remarks\": \"Add to Inventory\", \"timestamp\": \"2025-03-04 12:44:47.732391\", \"updated_by_id\": \"2\", \"item_handling_id\": 331, \"inventory_item_id\": \"102101202410770009\"}'),(7,'INSERT','2025-03-04 12:45:56','2',332,NULL,'{\"qty\": 1, \"changes\": \"A\", \"remarks\": \"Add to Inventory\", \"timestamp\": \"2025-03-04 12:45:56.252470\", \"updated_by_id\": \"2\", \"item_handling_id\": 332, \"inventory_item_id\": \"102101202410770010\"}'),(9,'INSERT','2025-03-04 12:49:11','13',334,NULL,'{\"qty\": 200, \"changes\": \"A\", \"remarks\": \"Add to Inventory\", \"timestamp\": \"2025-03-04 12:49:11.663809\", \"updated_by_id\": \"13\", \"item_handling_id\": 334, \"inventory_item_id\": \"102101202590930001\"}'),(10,'INSERT','2025-03-04 12:53:28','2',335,NULL,'{\"qty\": 1, \"changes\": \"A\", \"remarks\": \"Add to Inventory\", \"timestamp\": \"2025-03-04 12:53:27.963692\", \"updated_by_id\": \"2\", \"item_handling_id\": 335, \"inventory_item_id\": \"102101202529390002\"}'),(11,'INSERT','2025-03-04 13:00:36','2',336,NULL,'{\"qty\": 1, \"changes\": \"A\", \"remarks\": \"Add to Inventory\", \"timestamp\": \"2025-03-04 13:00:36.558983\", \"updated_by_id\": \"2\", \"item_handling_id\": 336, \"inventory_item_id\": \"102101202401860001\"}'),(14,'INSERT','2025-03-04 13:18:12','13',339,NULL,'{\"qty\": 200, \"changes\": \"A\", \"remarks\": \"Add to Inventory\", \"timestamp\": \"2025-03-04 13:18:12.816899\", \"updated_by_id\": \"13\", \"item_handling_id\": 339, \"inventory_item_id\": \"102101202553250001\"}'),(15,'INSERT','2025-03-04 13:57:23','13',340,NULL,'{\"qty\": 2, \"changes\": \"A\", \"remarks\": \"Add to Inventory\", \"timestamp\": \"2025-03-04 13:57:23.083236\", \"updated_by_id\": \"13\", \"item_handling_id\": 340, \"inventory_item_id\": \"102101202553250002\"}'),(16,'INSERT','2025-03-04 14:38:29','13',341,NULL,'{\"qty\": 2, \"changes\": \"A\", \"remarks\": \"Add to Inventory\", \"timestamp\": \"2025-03-04 14:38:29.275905\", \"updated_by_id\": \"13\", \"item_handling_id\": 341, \"inventory_item_id\": \"102101202553250003\"}'),(17,'INSERT','2025-03-04 15:07:57','13',342,NULL,'{\"qty\": 5, \"changes\": \"A\", \"remarks\": \"Add to Inventory\", \"timestamp\": \"2025-03-04 15:07:57.773065\", \"updated_by_id\": \"13\", \"item_handling_id\": 342, \"inventory_item_id\": \"102101202585620001\"}'),(18,'INSERT','2025-03-04 15:26:02','13',343,NULL,'{\"qty\": 5, \"changes\": \"A\", \"remarks\": \"Add to Inventory\", \"timestamp\": \"2025-03-04 15:26:02.575093\", \"updated_by_id\": \"13\", \"item_handling_id\": 343, \"inventory_item_id\": \"102101202585620002\"}'),(19,'INSERT','2025-03-04 15:56:22','13',344,NULL,'{\"qty\": 20, \"changes\": \"A\", \"remarks\": \"Add to Inventory\", \"timestamp\": \"2025-03-04 15:56:22.641048\", \"updated_by_id\": \"13\", \"item_handling_id\": 344, \"inventory_item_id\": \"102101202585620003\"}'),(20,'INSERT','2025-03-04 16:42:29','13',345,NULL,'{\"qty\": 5, \"changes\": \"A\", \"remarks\": \"Add to Inventory\", \"timestamp\": \"2025-03-04 16:42:28.993044\", \"updated_by_id\": \"13\", \"item_handling_id\": 345, \"inventory_item_id\": \"102101202585620004\"}'),(21,'INSERT','2025-03-04 17:00:22','13',346,NULL,'{\"qty\": 65, \"changes\": \"A\", \"remarks\": \"Add to Inventory\", \"timestamp\": \"2025-03-04 17:00:22.293188\", \"updated_by_id\": \"13\", \"item_handling_id\": 346, \"inventory_item_id\": \"102101202585620005\"}'),(22,'INSERT','2025-03-04 17:16:02','13',347,NULL,'{\"qty\": 5, \"changes\": \"A\", \"remarks\": \"Add to Inventory\", \"timestamp\": \"2025-03-04 17:16:02.716157\", \"updated_by_id\": \"13\", \"item_handling_id\": 347, \"inventory_item_id\": \"102101202585620006\"}'),(23,'INSERT','2025-03-04 17:35:49','13',348,NULL,'{\"qty\": 5, \"changes\": \"A\", \"remarks\": \"Add to Inventory\", \"timestamp\": \"2025-03-04 17:35:49.252898\", \"updated_by_id\": \"13\", \"item_handling_id\": 348, \"inventory_item_id\": \"102101202509230001\"}'),(24,'INSERT','2025-03-04 18:26:01','13',349,NULL,'{\"qty\": 5, \"changes\": \"A\", \"remarks\": \"Add to Inventory\", \"timestamp\": \"2025-03-04 18:26:01.187351\", \"updated_by_id\": \"13\", \"item_handling_id\": 349, \"inventory_item_id\": \"102101202509230002\"}'),(25,'INSERT','2025-03-04 18:31:51','13',350,NULL,'{\"qty\": 5, \"changes\": \"A\", \"remarks\": \"Add to Inventory\", \"timestamp\": \"2025-03-04 18:31:51.456799\", \"updated_by_id\": \"13\", \"item_handling_id\": 350, \"inventory_item_id\": \"102101202509230003\"}'),(26,'INSERT','2025-03-04 18:42:24','13',351,NULL,'{\"qty\": 5, \"changes\": \"A\", \"remarks\": \"Add to Inventory\", \"timestamp\": \"2025-03-04 18:42:24.079231\", \"updated_by_id\": \"13\", \"item_handling_id\": 351, \"inventory_item_id\": \"102101202509230004\"}'),(27,'INSERT','2025-03-05 09:09:21','11',352,NULL,'{\"qty\": 3, \"changes\": \"A\", \"remarks\": \"Add to Inventory\", \"timestamp\": \"2025-03-05 09:09:21.597230\", \"updated_by_id\": \"11\", \"item_handling_id\": 352, \"inventory_item_id\": \"102101202419390004\"}'),(28,'INSERT','2025-03-06 12:40:41','11',353,NULL,'{\"qty\": 10, \"changes\": \"A\", \"remarks\": \"Added Mass Upload\", \"timestamp\": \"2025-03-06 12:40:41.602115\", \"updated_by_id\": \"11\", \"item_handling_id\": 353, \"inventory_item_id\": \"102101202534730001\"}'),(29,'INSERT','2025-03-06 12:40:41','11',354,NULL,'{\"qty\": 23, \"changes\": \"A\", \"remarks\": \"Added Mass Upload\", \"timestamp\": \"2025-03-06 12:40:41.611670\", \"updated_by_id\": \"11\", \"item_handling_id\": 354, \"inventory_item_id\": \"102101202587120001\"}'),(30,'INSERT','2025-03-06 12:40:41','11',355,NULL,'{\"qty\": 100, \"changes\": \"A\", \"remarks\": \"Added Mass Upload\", \"timestamp\": \"2025-03-06 12:40:41.619278\", \"updated_by_id\": \"11\", \"item_handling_id\": 355, \"inventory_item_id\": \"102101202564860001\"}'),(32,'INSERT','2025-03-06 12:55:44','11',357,NULL,'{\"qty\": 1, \"changes\": \"A\", \"remarks\": \"Add to Inventory\", \"timestamp\": \"2025-03-06 12:55:44.835957\", \"updated_by_id\": \"11\", \"item_handling_id\": 357, \"inventory_item_id\": \"102101202441690012\"}'),(33,'INSERT','2025-03-09 11:37:32','11',358,NULL,'{\"qty\": 1, \"changes\": \"A\", \"remarks\": \"Add to Inventory\", \"timestamp\": \"2025-03-09 11:37:32.281571\", \"updated_by_id\": \"11\", \"item_handling_id\": 358, \"inventory_item_id\": \"102101202419390005\"}');
/*!40000 ALTER TABLE `audit_core_item_handling` ENABLE KEYS */;
UNLOCK TABLES;

--
-- Table structure for table `audit_core_item_inventory`
--

DROP TABLE IF EXISTS `audit_core_item_inventory`;
/*!40101 SET @saved_cs_client     = @@character_set_client */;
/*!50503 SET character_set_client = utf8mb4 */;
CREATE TABLE `audit_core_item_inventory` (
  `id` bigint NOT NULL AUTO_INCREMENT,
  `operation` enum('INSERT','UPDATE','DELETE') NOT NULL,
  `changed_at` timestamp NULL DEFAULT CURRENT_TIMESTAMP,
  `changed_by` varchar(255) DEFAULT NULL,
  `primary_key` varchar(20) NOT NULL,
  `old_values` json DEFAULT NULL,
  `new_values` json DEFAULT NULL,
  PRIMARY KEY (`id`)
) ENGINE=InnoDB AUTO_INCREMENT=34 DEFAULT CHARSET=utf8mb4 COLLATE=utf8mb4_0900_ai_ci;
/*!40101 SET character_set_client = @saved_cs_client */;

--
-- Dumping data for table `audit_core_item_inventory`
--

LOCK TABLES `audit_core_item_inventory` WRITE;
/*!40000 ALTER TABLE `audit_core_item_inventory` DISABLE KEYS */;
INSERT INTO `audit_core_item_inventory` VALUES (2,'INSERT','2025-03-04 12:34:36','2','102101202410770006',NULL,'{\"qty\": 1, \"uses\": 0, \"item_id\": \"10120241077\", \"remarks\": null, \"supplier_id\": null, \"date_received\": null, \"date_purchased\": null, \"purchase_price\": 0.0, \"inventory_item_id\": \"102101202410770006\"}'),(3,'INSERT','2025-03-04 12:38:52','13','102101202410770007',NULL,'{\"qty\": 2, \"uses\": 0, \"item_id\": \"10120241077\", \"remarks\": null, \"supplier_id\": null, \"date_received\": \"2025-02-28 16:00:00.000000\", \"date_purchased\": \"2025-02-03 16:00:00.000000\", \"purchase_price\": 220.0, \"inventory_item_id\": \"102101202410770007\"}'),(4,'INSERT','2025-03-04 12:42:24','2','102101202410770008',NULL,'{\"qty\": 1, \"uses\": 0, \"item_id\": \"10120241077\", \"remarks\": null, \"supplier_id\": null, \"date_received\": null, \"date_purchased\": null, \"purchase_price\": 0.0, \"inventory_item_id\": \"102101202410770008\"}'),(6,'INSERT','2025-03-04 12:44:47','2','102101202410770009',NULL,'{\"qty\": 1, \"uses\": 0, \"item_id\": \"10120241077\", \"remarks\": null, \"supplier_id\": null, \"date_received\": null, \"date_purchased\": null, \"purchase_price\": 0.0, \"inventory_item_id\": \"102101202410770009\"}'),(7,'INSERT','2025-03-04 12:45:56','2','102101202410770010',NULL,'{\"qty\": 1, \"uses\": 0, \"item_id\": \"10120241077\", \"remarks\": null, \"supplier_id\": null, \"date_received\": null, \"date_purchased\": null, \"purchase_price\": 0.0, \"inventory_item_id\": \"102101202410770010\"}'),(9,'INSERT','2025-03-04 12:49:11','13','102101202590930001',NULL,'{\"qty\": 200, \"uses\": 0, \"item_id\": \"10120259093\", \"remarks\": null, \"supplier_id\": null, \"date_received\": \"2025-02-26 16:00:00.000000\", \"date_purchased\": \"2025-02-18 16:00:00.000000\", \"purchase_price\": 250.0, \"inventory_item_id\": \"102101202590930001\"}'),(10,'INSERT','2025-03-04 12:53:28','2','102101202529390002',NULL,'{\"qty\": 1, \"uses\": 0, \"item_id\": \"10120252939\", \"remarks\": null, \"supplier_id\": null, \"date_received\": null, \"date_purchased\": null, \"purchase_price\": 0.0, \"inventory_item_id\": \"102101202529390002\"}'),(11,'INSERT','2025-03-04 13:00:36','2','102101202401860001',NULL,'{\"qty\": 1, \"uses\": 0, \"item_id\": \"10120240186\", \"remarks\": null, \"supplier_id\": null, \"date_received\": null, \"date_purchased\": null, \"purchase_price\": 0.0, \"inventory_item_id\": \"102101202401860001\"}'),(14,'INSERT','2025-03-04 13:18:12','13','102101202553250001',NULL,'{\"qty\": 200, \"uses\": 0, \"item_id\": \"10120255325\", \"remarks\": null, \"supplier_id\": null, \"date_received\": \"2025-02-11 16:00:00.000000\", \"date_purchased\": \"2025-02-03 16:00:00.000000\", \"purchase_price\": 220.0, \"inventory_item_id\": \"102101202553250001\"}'),(15,'INSERT','2025-03-04 13:57:23','13','102101202553250002',NULL,'{\"qty\": 2, \"uses\": 0, \"item_id\": \"10120255325\", \"remarks\": null, \"supplier_id\": \"10220242723\", \"date_received\": \"2025-02-10 16:00:00.000000\", \"date_purchased\": \"2025-02-02 16:00:00.000000\", \"purchase_price\": 220.0, \"inventory_item_id\": \"102101202553250002\"}'),(16,'INSERT','2025-03-04 14:38:29','13','102101202553250003',NULL,'{\"qty\": 2, \"uses\": 0, \"item_id\": \"10120255325\", \"remarks\": null, \"supplier_id\": null, \"date_received\": \"2025-03-03 16:00:00.000000\", \"date_purchased\": \"2025-02-28 16:00:00.000000\", \"purchase_price\": 220.0, \"inventory_item_id\": \"102101202553250003\"}'),(17,'INSERT','2025-03-04 15:07:57','13','102101202585620001',NULL,'{\"qty\": 5, \"uses\": 0, \"item_id\": \"10120258562\", \"remarks\": null, \"supplier_id\": \"10220242723\", \"date_received\": \"2025-02-28 16:00:00.000000\", \"date_purchased\": \"2025-02-04 16:00:00.000000\", \"purchase_price\": 122.0, \"inventory_item_id\": \"102101202585620001\"}'),(18,'INSERT','2025-03-04 15:26:02','13','102101202585620002',NULL,'{\"qty\": 5, \"uses\": 0, \"item_id\": \"10120258562\", \"remarks\": null, \"supplier_id\": null, \"date_received\": \"2025-03-01 16:00:00.000000\", \"date_purchased\": \"2025-02-28 16:00:00.000000\", \"purchase_price\": 220.0, \"inventory_item_id\": \"102101202585620002\"}'),(19,'INSERT','2025-03-04 15:56:22','13','102101202585620003',NULL,'{\"qty\": 20, \"uses\": 0, \"item_id\": \"10120258562\", \"remarks\": null, \"supplier_id\": \"10220242723\", \"date_received\": \"2025-02-02 16:00:00.000000\", \"date_purchased\": \"2025-01-13 16:00:00.000000\", \"purchase_price\": 200.0, \"inventory_item_id\": \"102101202585620003\"}'),(20,'INSERT','2025-03-04 16:42:29','13','102101202585620004',NULL,'{\"qty\": 5, \"uses\": 0, \"item_id\": \"10120258562\", \"remarks\": null, \"supplier_id\": \"10220242723\", \"date_received\": \"2025-02-28 16:00:00.000000\", \"date_purchased\": \"2025-02-23 16:00:00.000000\", \"purchase_price\": 222.0, \"inventory_item_id\": \"102101202585620004\"}'),(21,'INSERT','2025-03-04 17:00:22','13','102101202585620005',NULL,'{\"qty\": 65, \"uses\": 0, \"item_id\": \"10120258562\", \"remarks\": null, \"supplier_id\": \"10220242723\", \"date_received\": \"2025-03-04 16:00:00.000000\", \"date_purchased\": \"2025-02-28 16:00:00.000000\", \"purchase_price\": 221.0, \"inventory_item_id\": \"102101202585620005\"}'),(22,'INSERT','2025-03-04 17:16:02','13','102101202585620006',NULL,'{\"qty\": 5, \"uses\": 0, \"item_id\": \"10120258562\", \"remarks\": null, \"supplier_id\": \"10220242723\", \"date_received\": \"2025-02-28 16:00:00.000000\", \"date_purchased\": \"2025-02-24 16:00:00.000000\", \"purchase_price\": 220.0, \"inventory_item_id\": \"102101202585620006\"}'),(23,'INSERT','2025-03-04 17:35:49','13','102101202509230001',NULL,'{\"qty\": 5, \"uses\": 0, \"item_id\": \"10120250923\", \"remarks\": null, \"supplier_id\": null, \"date_received\": \"2025-03-03 16:00:00.000000\", \"date_purchased\": \"2025-02-28 16:00:00.000000\", \"purchase_price\": 221.0, \"inventory_item_id\": \"102101202509230001\"}'),(24,'INSERT','2025-03-04 18:26:01','13','102101202509230002',NULL,'{\"qty\": 5, \"uses\": 0, \"item_id\": \"10120250923\", \"remarks\": null, \"supplier_id\": \"10220242723\", \"date_received\": \"2025-03-03 16:00:00.000000\", \"date_purchased\": \"2025-02-27 16:00:00.000000\", \"purchase_price\": 120.0, \"inventory_item_id\": \"102101202509230002\"}'),(25,'INSERT','2025-03-04 18:31:51','13','102101202509230003',NULL,'{\"qty\": 5, \"uses\": 0, \"item_id\": \"10120250923\", \"remarks\": null, \"supplier_id\": \"10220242723\", \"date_received\": \"2025-03-02 16:00:00.000000\", \"date_purchased\": \"2025-02-28 16:00:00.000000\", \"purchase_price\": 220.0, \"inventory_item_id\": \"102101202509230003\"}'),(26,'INSERT','2025-03-04 18:42:24','13','102101202509230004',NULL,'{\"qty\": 5, \"uses\": 0, \"item_id\": \"10120250923\", \"remarks\": null, \"supplier_id\": null, \"date_received\": \"2025-03-03 16:00:00.000000\", \"date_purchased\": \"2025-02-27 16:00:00.000000\", \"purchase_price\": 220.0, \"inventory_item_id\": \"102101202509230004\"}'),(27,'INSERT','2025-03-05 09:09:21','11','102101202419390004',NULL,'{\"qty\": 3, \"uses\": 0, \"item_id\": \"10120241939\", \"remarks\": null, \"supplier_id\": null, \"date_received\": null, \"date_purchased\": null, \"purchase_price\": 0.0, \"inventory_item_id\": \"102101202419390004\"}'),(28,'INSERT','2025-03-06 12:40:41','11','102101202534730001',NULL,'{\"qty\": 10, \"uses\": 0, \"item_id\": \"10120253473\", \"remarks\": null, \"supplier_id\": null, \"date_received\": \"2025-03-06 12:40:41.594634\", \"date_purchased\": \"2025-03-06 12:40:41.594628\", \"purchase_price\": null, \"inventory_item_id\": \"102101202534730001\"}'),(29,'INSERT','2025-03-06 12:40:41','11','102101202587120001',NULL,'{\"qty\": 23, \"uses\": 0, \"item_id\": \"10120258712\", \"remarks\": null, \"supplier_id\": null, \"date_received\": \"2025-03-06 12:40:41.607636\", \"date_purchased\": \"2025-03-06 12:40:41.607630\", \"purchase_price\": null, \"inventory_item_id\": \"102101202587120001\"}'),(30,'INSERT','2025-03-06 12:40:41','11','102101202564860001',NULL,'{\"qty\": 100, \"uses\": 0, \"item_id\": \"10120256486\", \"remarks\": null, \"supplier_id\": null, \"date_received\": \"2025-03-06 12:40:41.615354\", \"date_purchased\": \"2025-03-06 12:40:41.615346\", \"purchase_price\": null, \"inventory_item_id\": \"102101202564860001\"}'),(32,'INSERT','2025-03-06 12:55:44','11','102101202441690012',NULL,'{\"qty\": 1, \"uses\": 0, \"item_id\": \"10120244169\", \"remarks\": null, \"supplier_id\": null, \"date_received\": null, \"date_purchased\": null, \"purchase_price\": 0.0, \"inventory_item_id\": \"102101202441690012\"}'),(33,'INSERT','2025-03-09 11:37:32','11','102101202419390005',NULL,'{\"qty\": 1, \"uses\": 0, \"item_id\": \"10120241939\", \"remarks\": null, \"supplier_id\": \"10220246857\", \"date_received\": \"2025-03-26 16:00:00.000000\", \"date_purchased\": \"2025-03-11 16:00:00.000000\", \"purchase_price\": 2000.0, \"inventory_item_id\": \"102101202419390005\"}');
/*!40000 ALTER TABLE `audit_core_item_inventory` ENABLE KEYS */;
UNLOCK TABLES;

--
-- Table structure for table `audit_core_item_types`
--

DROP TABLE IF EXISTS `audit_core_item_types`;
/*!40101 SET @saved_cs_client     = @@character_set_client */;
/*!50503 SET character_set_client = utf8mb4 */;
CREATE TABLE `audit_core_item_types` (
  `id` bigint NOT NULL AUTO_INCREMENT,
  `operation` enum('INSERT','UPDATE','DELETE') NOT NULL,
  `changed_at` timestamp NULL DEFAULT CURRENT_TIMESTAMP,
  `changed_by` varchar(255) DEFAULT NULL,
  `primary_key` int NOT NULL,
  `old_values` json DEFAULT NULL,
  `new_values` json DEFAULT NULL,
  PRIMARY KEY (`id`)
) ENGINE=InnoDB AUTO_INCREMENT=8 DEFAULT CHARSET=utf8mb4 COLLATE=utf8mb4_0900_ai_ci;
/*!40101 SET character_set_client = @saved_cs_client */;

--
-- Dumping data for table `audit_core_item_types`
--

LOCK TABLES `audit_core_item_types` WRITE;
/*!40000 ALTER TABLE `audit_core_item_types` DISABLE KEYS */;
INSERT INTO `audit_core_item_types` VALUES (1,'INSERT','2025-03-09 08:59:06','20254932',24,NULL,'{\"add_cols\": \"[]\", \"itemType_id\": 24, \"is_consumable\": 0, \"itemType_name\": \"Computers\", \"laboratory_id\": \"90120253568\"}'),(2,'UPDATE','2025-03-09 08:59:28','20254932',24,'{\"add_cols\": \"[]\", \"itemType_id\": 24, \"is_consumable\": 0, \"itemType_name\": \"Computers\", \"laboratory_id\": \"90120253568\"}','{\"add_cols\": \"[\\\"Brand\\\"]\", \"itemType_id\": 24, \"is_consumable\": 0, \"itemType_name\": \"Computers\", \"laboratory_id\": \"90120253568\"}'),(3,'UPDATE','2025-03-09 08:59:36','20254932',24,'{\"add_cols\": \"[\\\"Brand\\\"]\", \"itemType_id\": 24, \"is_consumable\": 0, \"itemType_name\": \"Computers\", \"laboratory_id\": \"90120253568\"}','{\"add_cols\": \"[\\\"Brand\\\", \\\"Category\\\"]\", \"itemType_id\": 24, \"is_consumable\": 0, \"itemType_name\": \"Computers\", \"laboratory_id\": \"90120253568\"}'),(4,'UPDATE','2025-03-09 09:48:01','11',1,'{\"add_cols\": \"[\\\"Nature\\\", \\\"Grade\\\", \\\"chemical formula\\\", \\\"synonyms\\\"]\", \"itemType_id\": 1, \"is_consumable\": 0, \"itemType_name\": \"Chemicals\", \"laboratory_id\": \"1\"}','{\"add_cols\": \"[\\\"Nature\\\", \\\"Grade\\\", \\\"chemical formula\\\", \\\"synonyms\\\", \\\"test\\\"]\", \"itemType_id\": 1, \"is_consumable\": 0, \"itemType_name\": \"Chemicals\", \"laboratory_id\": \"1\"}'),(5,'UPDATE','2025-03-09 09:48:05','11',1,'{\"add_cols\": \"[\\\"Nature\\\", \\\"Grade\\\", \\\"chemical formula\\\", \\\"synonyms\\\", \\\"test\\\"]\", \"itemType_id\": 1, \"is_consumable\": 0, \"itemType_name\": \"Chemicals\", \"laboratory_id\": \"1\"}','{\"add_cols\": \"[\\\"Nature\\\", \\\"Grade\\\", \\\"chemical formula\\\", \\\"synonyms\\\"]\", \"itemType_id\": 1, \"is_consumable\": 0, \"itemType_name\": \"Chemicals\", \"laboratory_id\": \"1\"}'),(6,'DELETE','2025-03-09 10:22:15','11',23,'{\"add_cols\": \"[\\\"Amount\\\", \\\"Brand\\\", \\\"Unit (Pcs, Box, Batch)\\\"]\", \"itemType_id\": 23, \"is_consumable\": 0, \"itemType_name\": \"Consumables\", \"laboratory_id\": \"1\"}',NULL),(7,'UPDATE','2025-03-09 10:27:43','11',3,'{\"add_cols\": \"[\\\"Grade (A, B, C)\\\"]\", \"itemType_id\": 3, \"is_consumable\": 0, \"itemType_name\": \"Equipments\", \"laboratory_id\": \"1\"}','{\"add_cols\": \"[\\\"Grade (A, B, C)\\\", \\\"Brand\\\"]\", \"itemType_id\": 3, \"is_consumable\": 0, \"itemType_name\": \"Equipments\", \"laboratory_id\": \"1\"}');
/*!40000 ALTER TABLE `audit_core_item_types` ENABLE KEYS */;
UNLOCK TABLES;

--
-- Table structure for table `audit_core_laboratory`
--

DROP TABLE IF EXISTS `audit_core_laboratory`;
/*!40101 SET @saved_cs_client     = @@character_set_client */;
/*!50503 SET character_set_client = utf8mb4 */;
CREATE TABLE `audit_core_laboratory` (
  `id` bigint NOT NULL AUTO_INCREMENT,
  `operation` enum('INSERT','UPDATE','DELETE') NOT NULL,
  `changed_at` timestamp NULL DEFAULT CURRENT_TIMESTAMP,
  `changed_by` varchar(255) DEFAULT NULL,
  `primary_key` varchar(20) NOT NULL,
  `old_values` json DEFAULT NULL,
  `new_values` json DEFAULT NULL,
  PRIMARY KEY (`id`)
) ENGINE=InnoDB AUTO_INCREMENT=8 DEFAULT CHARSET=utf8mb4 COLLATE=utf8mb4_0900_ai_ci;
/*!40101 SET character_set_client = @saved_cs_client */;

--
-- Dumping data for table `audit_core_laboratory`
--

LOCK TABLES `audit_core_laboratory` WRITE;
/*!40000 ALTER TABLE `audit_core_laboratory` DISABLE KEYS */;
INSERT INTO `audit_core_laboratory` VALUES (1,'INSERT','2025-03-08 15:47:17','1','90120256859',NULL,'{\"name\": \"Psychology Lab\", \"modules\": [], \"department\": \"cla\", \"description\": \"test disable lab\", \"date_created\": \"2025-03-08 15:47:17.547144\", \"is_available\": 1, \"laboratory_id\": \"90120256859\"}'),(2,'UPDATE','2025-03-08 15:47:17','1','90120256859','{\"name\": \"Psychology Lab\", \"modules\": [], \"department\": \"cla\", \"description\": \"test disable lab\", \"date_created\": \"2025-03-08 15:47:17.547144\", \"is_available\": 1, \"laboratory_id\": \"90120256859\"}','{\"name\": \"Psychology Lab\", \"modules\": [1, 2, 3, 4, 5, 6], \"department\": \"cla\", \"description\": \"test disable lab\", \"date_created\": \"2025-03-08 15:47:17.547144\", \"is_available\": 1, \"laboratory_id\": \"90120256859\"}'),(3,'UPDATE','2025-03-08 15:47:31','1','90120256859','{\"name\": \"Psychology Lab\", \"modules\": [1, 2, 3, 4, 5, 6], \"department\": \"cla\", \"description\": \"test disable lab\", \"date_created\": \"2025-03-08 15:47:17.547144\", \"is_available\": 1, \"laboratory_id\": \"90120256859\"}','{\"name\": \"Psychology Lab\", \"modules\": [1, 2, 3, 4, 5, 6], \"department\": \"cla\", \"description\": \"test disable lab\", \"date_created\": \"2025-03-08 15:47:17.547144\", \"is_available\": 0, \"laboratory_id\": \"90120256859\"}'),(4,'INSERT','2025-03-09 08:51:32','1','90120253568',NULL,'{\"name\": \"AI Laboratory\", \"modules\": [], \"department\": \"CCS\", \"description\": \"Artificial Intelligence Laboratory\", \"date_created\": \"2025-03-09 08:51:31.601315\", \"is_available\": 1, \"laboratory_id\": \"90120253568\"}'),(5,'UPDATE','2025-03-09 08:51:32','1','90120253568','{\"name\": \"AI Laboratory\", \"modules\": [], \"department\": \"CCS\", \"description\": \"Artificial Intelligence Laboratory\", \"date_created\": \"2025-03-09 08:51:31.601315\", \"is_available\": 1, \"laboratory_id\": \"90120253568\"}','{\"name\": \"AI Laboratory\", \"modules\": [1, 2, 3, 4, 5, 6], \"department\": \"CCS\", \"description\": \"Artificial Intelligence Laboratory\", \"date_created\": \"2025-03-09 08:51:31.601315\", \"is_available\": 1, \"laboratory_id\": \"90120253568\"}'),(6,'UPDATE','2025-03-09 10:14:56','11','1','{\"name\": \"Chemistry Lab\", \"modules\": [1, 2, 3, 4, 5, 6], \"department\": \"CHEMISTRY\", \"description\": \"Chem Lab\", \"date_created\": \"2024-10-26 06:07:51.948381\", \"is_available\": 1, \"laboratory_id\": \"1\"}','{\"name\": \"Chemistry Lab\", \"modules\": [1, 2, 3, 5, 6], \"department\": \"CHEMISTRY\", \"description\": \"Chem Lab\", \"date_created\": \"2024-10-26 06:07:51.948381\", \"is_available\": 1, \"laboratory_id\": \"1\"}'),(7,'UPDATE','2025-03-09 12:00:23','11','1','{\"name\": \"Chemistry Lab\", \"modules\": [1, 2, 3, 5, 6], \"department\": \"CHEMISTRY\", \"description\": \"Chem Lab\", \"date_created\": \"2024-10-26 06:07:51.948381\", \"is_available\": 1, \"laboratory_id\": \"1\"}','{\"name\": \"Chemistry Lab\", \"modules\": [1, 2, 3, 4, 5, 6], \"department\": \"CHEMISTRY\", \"description\": \"Chem Lab\", \"date_created\": \"2024-10-26 06:07:51.948381\", \"is_available\": 1, \"laboratory_id\": \"1\"}');
/*!40000 ALTER TABLE `audit_core_laboratory` ENABLE KEYS */;
UNLOCK TABLES;

--
-- Table structure for table `audit_core_laboratory_permissions`
--

DROP TABLE IF EXISTS `audit_core_laboratory_permissions`;
/*!40101 SET @saved_cs_client     = @@character_set_client */;
/*!50503 SET character_set_client = utf8mb4 */;
CREATE TABLE `audit_core_laboratory_permissions` (
  `id` bigint NOT NULL AUTO_INCREMENT,
  `operation` enum('INSERT','UPDATE','DELETE') NOT NULL,
  `changed_at` timestamp NULL DEFAULT CURRENT_TIMESTAMP,
  `changed_by` varchar(255) DEFAULT NULL,
  `primary_key` bigint NOT NULL,
  `old_values` json DEFAULT NULL,
  `new_values` json DEFAULT NULL,
  PRIMARY KEY (`id`)
) ENGINE=InnoDB AUTO_INCREMENT=72 DEFAULT CHARSET=utf8mb4 COLLATE=utf8mb4_0900_ai_ci;
/*!40101 SET character_set_client = @saved_cs_client */;

--
-- Dumping data for table `audit_core_laboratory_permissions`
--

LOCK TABLES `audit_core_laboratory_permissions` WRITE;
/*!40000 ALTER TABLE `audit_core_laboratory_permissions` DISABLE KEYS */;
INSERT INTO `audit_core_laboratory_permissions` VALUES (1,'INSERT','2025-03-05 07:53:40',NULL,577,NULL,'{\"id\": 577, \"role_id\": 2, \"laboratory_id\": \"1\", \"permissions_id\": 25}'),(2,'INSERT','2025-03-05 09:08:34','11',578,NULL,'{\"id\": 578, \"role_id\": 2, \"laboratory_id\": \"1\", \"permissions_id\": 2}'),(3,'INSERT','2025-03-05 09:08:34','11',579,NULL,'{\"id\": 579, \"role_id\": 2, \"laboratory_id\": \"1\", \"permissions_id\": 3}'),(4,'INSERT','2025-03-05 12:48:57','11',580,NULL,'{\"id\": 580, \"role_id\": 5, \"laboratory_id\": \"1\", \"permissions_id\": 22}'),(5,'DELETE','2025-03-05 13:00:44','11',505,'{\"id\": 505, \"role_id\": 2, \"laboratory_id\": \"1\", \"permissions_id\": 22}',NULL),(6,'DELETE','2025-03-05 13:05:20','11',508,'{\"id\": 508, \"role_id\": 3, \"laboratory_id\": \"1\", \"permissions_id\": 22}',NULL),(7,'DELETE','2025-03-08 10:29:10','11',504,'{\"id\": 504, \"role_id\": 2, \"laboratory_id\": \"1\", \"permissions_id\": 8}',NULL),(8,'DELETE','2025-03-08 10:45:42','11',511,'{\"id\": 511, \"role_id\": 5, \"laboratory_id\": \"1\", \"permissions_id\": 23}',NULL),(9,'INSERT','2025-03-08 11:13:56','11',581,NULL,'{\"id\": 581, \"role_id\": 2, \"laboratory_id\": \"1\", \"permissions_id\": 4}'),(10,'INSERT','2025-03-08 11:28:43','2',582,NULL,'{\"id\": 582, \"role_id\": 2, \"laboratory_id\": \"90120242184\", \"permissions_id\": 25}'),(11,'INSERT','2025-03-08 15:47:17','1',583,NULL,'{\"id\": 583, \"role_id\": 2, \"laboratory_id\": \"90120256859\", \"permissions_id\": 1}'),(12,'INSERT','2025-03-08 15:47:17','1',584,NULL,'{\"id\": 584, \"role_id\": 2, \"laboratory_id\": \"90120256859\", \"permissions_id\": 5}'),(13,'INSERT','2025-03-08 15:47:17','1',585,NULL,'{\"id\": 585, \"role_id\": 2, \"laboratory_id\": \"90120256859\", \"permissions_id\": 6}'),(14,'INSERT','2025-03-08 15:47:17','1',586,NULL,'{\"id\": 586, \"role_id\": 2, \"laboratory_id\": \"90120256859\", \"permissions_id\": 20}'),(15,'INSERT','2025-03-08 15:47:17','1',587,NULL,'{\"id\": 587, \"role_id\": 2, \"laboratory_id\": \"90120256859\", \"permissions_id\": 21}'),(16,'INSERT','2025-03-08 15:47:17','1',588,NULL,'{\"id\": 588, \"role_id\": 2, \"laboratory_id\": \"90120256859\", \"permissions_id\": 25}'),(17,'INSERT','2025-03-08 15:47:17','1',589,NULL,'{\"id\": 589, \"role_id\": 2, \"laboratory_id\": \"90120256859\", \"permissions_id\": 9}'),(18,'INSERT','2025-03-08 15:47:17','1',590,NULL,'{\"id\": 590, \"role_id\": 2, \"laboratory_id\": \"90120256859\", \"permissions_id\": 11}'),(19,'INSERT','2025-03-08 15:47:17','1',591,NULL,'{\"id\": 591, \"role_id\": 2, \"laboratory_id\": \"90120256859\", \"permissions_id\": 23}'),(20,'INSERT','2025-03-08 15:47:17','1',592,NULL,'{\"id\": 592, \"role_id\": 2, \"laboratory_id\": \"90120256859\", \"permissions_id\": 13}'),(21,'INSERT','2025-03-08 15:47:17','1',593,NULL,'{\"id\": 593, \"role_id\": 2, \"laboratory_id\": \"90120256859\", \"permissions_id\": 16}'),(22,'INSERT','2025-03-08 15:47:17','1',594,NULL,'{\"id\": 594, \"role_id\": 2, \"laboratory_id\": \"90120256859\", \"permissions_id\": 17}'),(23,'INSERT','2025-03-08 15:47:17','1',595,NULL,'{\"id\": 595, \"role_id\": 2, \"laboratory_id\": \"90120256859\", \"permissions_id\": 18}'),(24,'INSERT','2025-03-08 15:47:17','1',596,NULL,'{\"id\": 596, \"role_id\": 2, \"laboratory_id\": \"90120256859\", \"permissions_id\": 19}'),(25,'INSERT','2025-03-08 15:47:17','1',597,NULL,'{\"id\": 597, \"role_id\": 3, \"laboratory_id\": \"90120256859\", \"permissions_id\": 1}'),(26,'INSERT','2025-03-08 15:47:17','1',598,NULL,'{\"id\": 598, \"role_id\": 3, \"laboratory_id\": \"90120256859\", \"permissions_id\": 2}'),(27,'INSERT','2025-03-08 15:47:17','1',599,NULL,'{\"id\": 599, \"role_id\": 3, \"laboratory_id\": \"90120256859\", \"permissions_id\": 3}'),(28,'INSERT','2025-03-08 15:47:17','1',600,NULL,'{\"id\": 600, \"role_id\": 3, \"laboratory_id\": \"90120256859\", \"permissions_id\": 4}'),(29,'INSERT','2025-03-08 15:47:17','1',601,NULL,'{\"id\": 601, \"role_id\": 3, \"laboratory_id\": \"90120256859\", \"permissions_id\": 8}'),(30,'INSERT','2025-03-08 15:47:17','1',602,NULL,'{\"id\": 602, \"role_id\": 3, \"laboratory_id\": \"90120256859\", \"permissions_id\": 10}'),(31,'INSERT','2025-03-08 15:47:17','1',603,NULL,'{\"id\": 603, \"role_id\": 3, \"laboratory_id\": \"90120256859\", \"permissions_id\": 23}'),(32,'INSERT','2025-03-08 15:47:17','1',604,NULL,'{\"id\": 604, \"role_id\": 3, \"laboratory_id\": \"90120256859\", \"permissions_id\": 13}'),(33,'INSERT','2025-03-08 15:47:17','1',605,NULL,'{\"id\": 605, \"role_id\": 3, \"laboratory_id\": \"90120256859\", \"permissions_id\": 15}'),(34,'INSERT','2025-03-08 15:47:17','1',606,NULL,'{\"id\": 606, \"role_id\": 4, \"laboratory_id\": \"90120256859\", \"permissions_id\": 1}'),(35,'INSERT','2025-03-08 15:47:17','1',607,NULL,'{\"id\": 607, \"role_id\": 4, \"laboratory_id\": \"90120256859\", \"permissions_id\": 18}'),(36,'INSERT','2025-03-08 15:47:17','1',608,NULL,'{\"id\": 608, \"role_id\": 5, \"laboratory_id\": \"90120256859\", \"permissions_id\": 7}'),(37,'INSERT','2025-03-08 15:47:17','1',609,NULL,'{\"id\": 609, \"role_id\": 5, \"laboratory_id\": \"90120256859\", \"permissions_id\": 22}'),(38,'INSERT','2025-03-08 15:47:17','1',610,NULL,'{\"id\": 610, \"role_id\": 5, \"laboratory_id\": \"90120256859\", \"permissions_id\": 24}'),(39,'INSERT','2025-03-08 15:47:17','1',611,NULL,'{\"id\": 611, \"role_id\": 5, \"laboratory_id\": \"90120256859\", \"permissions_id\": 12}'),(40,'INSERT','2025-03-08 15:47:17','1',612,NULL,'{\"id\": 612, \"role_id\": 5, \"laboratory_id\": \"90120256859\", \"permissions_id\": 14}'),(41,'INSERT','2025-03-09 08:51:33','1',613,NULL,'{\"id\": 613, \"role_id\": 2, \"laboratory_id\": \"90120253568\", \"permissions_id\": 1}'),(42,'INSERT','2025-03-09 08:51:33','1',614,NULL,'{\"id\": 614, \"role_id\": 2, \"laboratory_id\": \"90120253568\", \"permissions_id\": 5}'),(43,'INSERT','2025-03-09 08:51:34','1',615,NULL,'{\"id\": 615, \"role_id\": 2, \"laboratory_id\": \"90120253568\", \"permissions_id\": 6}'),(44,'INSERT','2025-03-09 08:51:34','1',616,NULL,'{\"id\": 616, \"role_id\": 2, \"laboratory_id\": \"90120253568\", \"permissions_id\": 20}'),(45,'INSERT','2025-03-09 08:51:34','1',617,NULL,'{\"id\": 617, \"role_id\": 2, \"laboratory_id\": \"90120253568\", \"permissions_id\": 21}'),(46,'INSERT','2025-03-09 08:51:35','1',618,NULL,'{\"id\": 618, \"role_id\": 2, \"laboratory_id\": \"90120253568\", \"permissions_id\": 25}'),(47,'INSERT','2025-03-09 08:51:35','1',619,NULL,'{\"id\": 619, \"role_id\": 2, \"laboratory_id\": \"90120253568\", \"permissions_id\": 9}'),(48,'INSERT','2025-03-09 08:51:36','1',620,NULL,'{\"id\": 620, \"role_id\": 2, \"laboratory_id\": \"90120253568\", \"permissions_id\": 11}'),(49,'INSERT','2025-03-09 08:51:36','1',621,NULL,'{\"id\": 621, \"role_id\": 2, \"laboratory_id\": \"90120253568\", \"permissions_id\": 23}'),(50,'INSERT','2025-03-09 08:51:37','1',622,NULL,'{\"id\": 622, \"role_id\": 2, \"laboratory_id\": \"90120253568\", \"permissions_id\": 13}'),(51,'INSERT','2025-03-09 08:51:37','1',623,NULL,'{\"id\": 623, \"role_id\": 2, \"laboratory_id\": \"90120253568\", \"permissions_id\": 16}'),(52,'INSERT','2025-03-09 08:51:37','1',624,NULL,'{\"id\": 624, \"role_id\": 2, \"laboratory_id\": \"90120253568\", \"permissions_id\": 17}'),(53,'INSERT','2025-03-09 08:51:38','1',625,NULL,'{\"id\": 625, \"role_id\": 2, \"laboratory_id\": \"90120253568\", \"permissions_id\": 18}'),(54,'INSERT','2025-03-09 08:51:38','1',626,NULL,'{\"id\": 626, \"role_id\": 2, \"laboratory_id\": \"90120253568\", \"permissions_id\": 19}'),(55,'INSERT','2025-03-09 08:51:39','1',627,NULL,'{\"id\": 627, \"role_id\": 3, \"laboratory_id\": \"90120253568\", \"permissions_id\": 1}'),(56,'INSERT','2025-03-09 08:51:39','1',628,NULL,'{\"id\": 628, \"role_id\": 3, \"laboratory_id\": \"90120253568\", \"permissions_id\": 2}'),(57,'INSERT','2025-03-09 08:51:39','1',629,NULL,'{\"id\": 629, \"role_id\": 3, \"laboratory_id\": \"90120253568\", \"permissions_id\": 3}'),(58,'INSERT','2025-03-09 08:51:40','1',630,NULL,'{\"id\": 630, \"role_id\": 3, \"laboratory_id\": \"90120253568\", \"permissions_id\": 4}'),(59,'INSERT','2025-03-09 08:51:40','1',631,NULL,'{\"id\": 631, \"role_id\": 3, \"laboratory_id\": \"90120253568\", \"permissions_id\": 8}'),(60,'INSERT','2025-03-09 08:51:41','1',632,NULL,'{\"id\": 632, \"role_id\": 3, \"laboratory_id\": \"90120253568\", \"permissions_id\": 10}'),(61,'INSERT','2025-03-09 08:51:41','1',633,NULL,'{\"id\": 633, \"role_id\": 3, \"laboratory_id\": \"90120253568\", \"permissions_id\": 23}'),(62,'INSERT','2025-03-09 08:51:41','1',634,NULL,'{\"id\": 634, \"role_id\": 3, \"laboratory_id\": \"90120253568\", \"permissions_id\": 13}'),(63,'INSERT','2025-03-09 08:51:42','1',635,NULL,'{\"id\": 635, \"role_id\": 3, \"laboratory_id\": \"90120253568\", \"permissions_id\": 15}'),(64,'INSERT','2025-03-09 08:51:42','1',636,NULL,'{\"id\": 636, \"role_id\": 4, \"laboratory_id\": \"90120253568\", \"permissions_id\": 1}'),(65,'INSERT','2025-03-09 08:51:43','1',637,NULL,'{\"id\": 637, \"role_id\": 4, \"laboratory_id\": \"90120253568\", \"permissions_id\": 18}'),(66,'INSERT','2025-03-09 08:51:43','1',638,NULL,'{\"id\": 638, \"role_id\": 5, \"laboratory_id\": \"90120253568\", \"permissions_id\": 7}'),(67,'INSERT','2025-03-09 08:51:44','1',639,NULL,'{\"id\": 639, \"role_id\": 5, \"laboratory_id\": \"90120253568\", \"permissions_id\": 22}'),(68,'INSERT','2025-03-09 08:51:44','1',640,NULL,'{\"id\": 640, \"role_id\": 5, \"laboratory_id\": \"90120253568\", \"permissions_id\": 24}'),(69,'INSERT','2025-03-09 08:51:45','1',641,NULL,'{\"id\": 641, \"role_id\": 5, \"laboratory_id\": \"90120253568\", \"permissions_id\": 12}'),(70,'INSERT','2025-03-09 08:51:45','1',642,NULL,'{\"id\": 642, \"role_id\": 5, \"laboratory_id\": \"90120253568\", \"permissions_id\": 14}'),(71,'INSERT','2025-03-10 03:27:50','2',643,NULL,'{\"id\": 643, \"role_id\": 5, \"laboratory_id\": \"1\", \"permissions_id\": 24}');
/*!40000 ALTER TABLE `audit_core_laboratory_permissions` ENABLE KEYS */;
UNLOCK TABLES;

--
-- Table structure for table `audit_core_laboratory_reservations`
--

DROP TABLE IF EXISTS `audit_core_laboratory_reservations`;
/*!40101 SET @saved_cs_client     = @@character_set_client */;
/*!50503 SET character_set_client = utf8mb4 */;
CREATE TABLE `audit_core_laboratory_reservations` (
  `id` bigint NOT NULL AUTO_INCREMENT,
  `operation` enum('INSERT','UPDATE','DELETE') NOT NULL,
  `changed_at` timestamp NULL DEFAULT CURRENT_TIMESTAMP,
  `changed_by` varchar(255) DEFAULT NULL,
  `primary_key` varchar(20) NOT NULL,
  `old_values` json DEFAULT NULL,
  `new_values` json DEFAULT NULL,
  PRIMARY KEY (`id`)
) ENGINE=InnoDB AUTO_INCREMENT=3 DEFAULT CHARSET=utf8mb4 COLLATE=utf8mb4_0900_ai_ci;
/*!40101 SET character_set_client = @saved_cs_client */;

--
-- Dumping data for table `audit_core_laboratory_reservations`
--

LOCK TABLES `audit_core_laboratory_reservations` WRITE;
/*!40000 ALTER TABLE `audit_core_laboratory_reservations` DISABLE KEYS */;
INSERT INTO `audit_core_laboratory_reservations` VALUES (1,'INSERT','2025-03-10 03:33:55','20244396','40120251724',NULL,'{\"status\": \"P\", \"purpose\": \"For Thesis\", \"room_id\": \"90220243443\", \"user_id\": \"20244396\", \"end_time\": \"15:31:00.000000\", \"table_id\": 4, \"r_user_id\": \"12007889\", \"num_people\": 1, \"start_date\": \"2025-03-12\", \"start_time\": \"14:31:00.000000\", \"contact_name\": \"Chem Student\", \"request_date\": \"2025-03-10 03:33:55.419880\", \"contact_email\": \"chem_student@dlsu.edu.ph\", \"laboratory_id\": \"1\", \"reservation_id\": \"40120251724\", \"filled_approval_form\": \"\"}'),(2,'UPDATE','2025-03-10 03:35:46','20244396','40120251724','{\"status\": \"P\", \"purpose\": \"For Thesis\", \"room_id\": \"90220243443\", \"user_id\": \"20244396\", \"end_time\": \"15:31:00.000000\", \"table_id\": 4, \"r_user_id\": \"12007889\", \"num_people\": 1, \"start_date\": \"2025-03-12\", \"start_time\": \"14:31:00.000000\", \"contact_name\": \"Chem Student\", \"request_date\": \"2025-03-10 03:33:55.419880\", \"contact_email\": \"chem_student@dlsu.edu.ph\", \"laboratory_id\": \"1\", \"reservation_id\": \"40120251724\", \"filled_approval_form\": \"\"}','{\"status\": \"C\", \"purpose\": \"For Thesis\", \"room_id\": \"90220243443\", \"user_id\": \"20244396\", \"end_time\": \"15:31:00.000000\", \"table_id\": 4, \"r_user_id\": \"12007889\", \"num_people\": 1, \"start_date\": \"2025-03-12\", \"start_time\": \"14:31:00.000000\", \"contact_name\": \"Chem Student\", \"request_date\": \"2025-03-10 03:33:55.419880\", \"contact_email\": \"chem_student@dlsu.edu.ph\", \"laboratory_id\": \"1\", \"reservation_id\": \"40120251724\", \"filled_approval_form\": \"\"}');
/*!40000 ALTER TABLE `audit_core_laboratory_reservations` ENABLE KEYS */;
UNLOCK TABLES;

--
-- Table structure for table `audit_core_laboratory_roles`
--

DROP TABLE IF EXISTS `audit_core_laboratory_roles`;
/*!40101 SET @saved_cs_client     = @@character_set_client */;
/*!50503 SET character_set_client = utf8mb4 */;
CREATE TABLE `audit_core_laboratory_roles` (
  `id` bigint NOT NULL AUTO_INCREMENT,
  `operation` enum('INSERT','UPDATE','DELETE') NOT NULL,
  `changed_at` timestamp NULL DEFAULT CURRENT_TIMESTAMP,
  `changed_by` varchar(255) DEFAULT NULL,
  `primary_key` int NOT NULL,
  `old_values` json DEFAULT NULL,
  `new_values` json DEFAULT NULL,
  PRIMARY KEY (`id`)
) ENGINE=InnoDB AUTO_INCREMENT=3 DEFAULT CHARSET=utf8mb4 COLLATE=utf8mb4_0900_ai_ci;
/*!40101 SET character_set_client = @saved_cs_client */;

--
-- Dumping data for table `audit_core_laboratory_roles`
--

LOCK TABLES `audit_core_laboratory_roles` WRITE;
/*!40000 ALTER TABLE `audit_core_laboratory_roles` DISABLE KEYS */;
INSERT INTO `audit_core_laboratory_roles` VALUES (1,'INSERT','2025-03-09 08:43:11','11',12,NULL,'{\"name\": \"test\", \"roles_id\": 12, \"laboratory_id\": \"1\"}'),(2,'DELETE','2025-03-09 08:46:11','11',12,'{\"name\": \"test\", \"roles_id\": 12, \"laboratory_id\": \"1\"}',NULL);
/*!40000 ALTER TABLE `audit_core_laboratory_roles` ENABLE KEYS */;
UNLOCK TABLES;

--
-- Table structure for table `audit_core_laboratory_users`
--

DROP TABLE IF EXISTS `audit_core_laboratory_users`;
/*!40101 SET @saved_cs_client     = @@character_set_client */;
/*!50503 SET character_set_client = utf8mb4 */;
CREATE TABLE `audit_core_laboratory_users` (
  `id` bigint NOT NULL AUTO_INCREMENT,
  `operation` enum('INSERT','UPDATE','DELETE') NOT NULL,
  `changed_at` timestamp NULL DEFAULT CURRENT_TIMESTAMP,
  `changed_by` varchar(255) DEFAULT NULL,
  `primary_key` bigint NOT NULL,
  `old_values` json DEFAULT NULL,
  `new_values` json DEFAULT NULL,
  PRIMARY KEY (`id`)
) ENGINE=InnoDB AUTO_INCREMENT=17 DEFAULT CHARSET=utf8mb4 COLLATE=utf8mb4_0900_ai_ci;
/*!40101 SET character_set_client = @saved_cs_client */;

--
-- Dumping data for table `audit_core_laboratory_users`
--

LOCK TABLES `audit_core_laboratory_users` WRITE;
/*!40000 ALTER TABLE `audit_core_laboratory_users` DISABLE KEYS */;
INSERT INTO `audit_core_laboratory_users` VALUES (1,'INSERT','2025-03-09 08:55:07','1',60,NULL,'{\"id\": 60, \"status\": \"A\", \"role_id\": 2, \"user_id\": \"20254932\", \"is_active\": 1, \"timestamp\": \"2025-03-09 08:55:05.861538\", \"laboratory_id\": \"90120253568\"}'),(2,'INSERT','2025-03-09 08:55:26','1',61,NULL,'{\"id\": 61, \"status\": \"A\", \"role_id\": 3, \"user_id\": \"20253797\", \"is_active\": 1, \"timestamp\": \"2025-03-09 08:55:25.481995\", \"laboratory_id\": \"90120253568\"}'),(3,'INSERT','2025-03-09 10:18:59','11',62,NULL,'{\"id\": 62, \"status\": \"A\", \"role_id\": 5, \"user_id\": \"20254755\", \"is_active\": 1, \"timestamp\": \"2025-03-09 10:18:59.587319\", \"laboratory_id\": \"1\"}'),(4,'INSERT','2025-03-09 13:05:18','20253420',63,NULL,'{\"id\": 63, \"status\": \"P\", \"role_id\": 5, \"user_id\": \"20253420\", \"is_active\": 1, \"timestamp\": \"2025-03-09 13:05:18.332676\", \"laboratory_id\": \"90120245954\"}'),(5,'UPDATE','2025-03-09 13:06:45','20241125',63,'{\"id\": 63, \"status\": \"P\", \"role_id\": 5, \"user_id\": \"20253420\", \"is_active\": 1, \"timestamp\": \"2025-03-09 13:05:18.332676\", \"laboratory_id\": \"90120245954\"}','{\"id\": 63, \"status\": \"A\", \"role_id\": 5, \"user_id\": \"20253420\", \"is_active\": 1, \"timestamp\": \"2025-03-09 13:05:18.332676\", \"laboratory_id\": \"90120245954\"}'),(6,'INSERT','2025-03-09 14:15:05','11',64,NULL,'{\"id\": 64, \"status\": \"P\", \"role_id\": 5, \"user_id\": \"11\", \"is_active\": 1, \"timestamp\": \"2025-03-09 14:15:07.062931\", \"laboratory_id\": \"90120242184\"}'),(7,'UPDATE','2025-03-09 14:16:03','20250673',64,'{\"id\": 64, \"status\": \"P\", \"role_id\": 5, \"user_id\": \"11\", \"is_active\": 1, \"timestamp\": \"2025-03-09 14:15:07.062931\", \"laboratory_id\": \"90120242184\"}','{\"id\": 64, \"status\": \"A\", \"role_id\": 5, \"user_id\": \"11\", \"is_active\": 1, \"timestamp\": \"2025-03-09 14:15:07.062931\", \"laboratory_id\": \"90120242184\"}'),(8,'INSERT','2025-03-09 14:16:40','20250673',65,NULL,'{\"id\": 65, \"status\": \"P\", \"role_id\": 11, \"user_id\": \"20250673\", \"is_active\": 1, \"timestamp\": \"2025-03-09 14:16:41.759465\", \"laboratory_id\": \"1\"}'),(9,'UPDATE','2025-03-09 14:17:17','11',65,'{\"id\": 65, \"status\": \"P\", \"role_id\": 11, \"user_id\": \"20250673\", \"is_active\": 1, \"timestamp\": \"2025-03-09 14:16:41.759465\", \"laboratory_id\": \"1\"}','{\"id\": 65, \"status\": \"A\", \"role_id\": 11, \"user_id\": \"20250673\", \"is_active\": 1, \"timestamp\": \"2025-03-09 14:16:41.759465\", \"laboratory_id\": \"1\"}'),(10,'UPDATE','2025-03-09 14:20:35','20250673',64,'{\"id\": 64, \"status\": \"A\", \"role_id\": 5, \"user_id\": \"11\", \"is_active\": 1, \"timestamp\": \"2025-03-09 14:15:07.062931\", \"laboratory_id\": \"90120242184\"}','{\"id\": 64, \"status\": \"A\", \"role_id\": 5, \"user_id\": \"11\", \"is_active\": 0, \"timestamp\": \"2025-03-09 14:15:07.062931\", \"laboratory_id\": \"90120242184\"}'),(11,'INSERT','2025-03-09 15:03:51','11',66,NULL,'{\"id\": 66, \"status\": \"P\", \"role_id\": 5, \"user_id\": \"11\", \"is_active\": 1, \"timestamp\": \"2025-03-09 15:03:53.069035\", \"laboratory_id\": \"90120242184\"}'),(12,'DELETE','2025-03-09 15:05:49',NULL,66,'{\"id\": 66, \"status\": \"P\", \"role_id\": 5, \"user_id\": \"11\", \"is_active\": 1, \"timestamp\": \"2025-03-09 15:03:53.069035\", \"laboratory_id\": \"90120242184\"}',NULL),(13,'INSERT','2025-03-09 15:06:01','11',67,NULL,'{\"id\": 67, \"status\": \"P\", \"role_id\": 5, \"user_id\": \"11\", \"is_active\": 1, \"timestamp\": \"2025-03-09 15:06:03.108609\", \"laboratory_id\": \"90120242184\"}'),(14,'DELETE','2025-03-09 15:08:47',NULL,67,'{\"id\": 67, \"status\": \"P\", \"role_id\": 5, \"user_id\": \"11\", \"is_active\": 1, \"timestamp\": \"2025-03-09 15:06:03.108609\", \"laboratory_id\": \"90120242184\"}',NULL),(15,'INSERT','2025-03-09 15:09:10','11',68,NULL,'{\"id\": 68, \"status\": \"P\", \"role_id\": 5, \"user_id\": \"11\", \"is_active\": 1, \"timestamp\": \"2025-03-09 15:09:12.317331\", \"laboratory_id\": \"90120242184\"}'),(16,'INSERT','2025-03-09 15:09:45','11',69,NULL,'{\"id\": 69, \"status\": \"P\", \"role_id\": 3, \"user_id\": \"11\", \"is_active\": 1, \"timestamp\": \"2025-03-09 15:09:46.827128\", \"laboratory_id\": \"90120253568\"}');
/*!40000 ALTER TABLE `audit_core_laboratory_users` ENABLE KEYS */;
UNLOCK TABLES;

--
-- Table structure for table `audit_core_module`
--

DROP TABLE IF EXISTS `audit_core_module`;
/*!40101 SET @saved_cs_client     = @@character_set_client */;
/*!50503 SET character_set_client = utf8mb4 */;
CREATE TABLE `audit_core_module` (
  `id` bigint NOT NULL AUTO_INCREMENT,
  `operation` enum('INSERT','UPDATE','DELETE') NOT NULL,
  `changed_at` timestamp NULL DEFAULT CURRENT_TIMESTAMP,
  `changed_by` varchar(255) DEFAULT NULL,
  `primary_key` bigint NOT NULL,
  `old_values` json DEFAULT NULL,
  `new_values` json DEFAULT NULL,
  PRIMARY KEY (`id`)
) ENGINE=InnoDB DEFAULT CHARSET=utf8mb4 COLLATE=utf8mb4_0900_ai_ci;
/*!40101 SET character_set_client = @saved_cs_client */;

--
-- Dumping data for table `audit_core_module`
--

LOCK TABLES `audit_core_module` WRITE;
/*!40000 ALTER TABLE `audit_core_module` DISABLE KEYS */;
/*!40000 ALTER TABLE `audit_core_module` ENABLE KEYS */;
UNLOCK TABLES;

--
-- Table structure for table `audit_core_notification`
--

DROP TABLE IF EXISTS `audit_core_notification`;
/*!40101 SET @saved_cs_client     = @@character_set_client */;
/*!50503 SET character_set_client = utf8mb4 */;
CREATE TABLE `audit_core_notification` (
  `id` bigint NOT NULL AUTO_INCREMENT,
  `operation` enum('INSERT','UPDATE','DELETE') NOT NULL,
  `changed_at` timestamp NULL DEFAULT CURRENT_TIMESTAMP,
  `changed_by` varchar(255) DEFAULT NULL,
  `primary_key` bigint NOT NULL,
  `old_values` json DEFAULT NULL,
  `new_values` json DEFAULT NULL,
  PRIMARY KEY (`id`)
) ENGINE=InnoDB AUTO_INCREMENT=69 DEFAULT CHARSET=utf8mb4 COLLATE=utf8mb4_0900_ai_ci;
/*!40101 SET character_set_client = @saved_cs_client */;

--
-- Dumping data for table `audit_core_notification`
--

LOCK TABLES `audit_core_notification` WRITE;
/*!40000 ALTER TABLE `audit_core_notification` DISABLE KEYS */;
INSERT INTO `audit_core_notification` VALUES (1,'UPDATE','2025-03-04 11:24:10','11',17,'{\"is_read\": 0, \"message\": \"Item \'Potassium Nitrate\' is running low on stock!\", \"user_id\": \"11\", \"created_at\": \"2025-02-12 14:48:43.928228\"}','{\"is_read\": 1, \"message\": \"Item \'Potassium Nitrate\' is running low on stock!\", \"user_id\": \"11\", \"created_at\": \"2025-02-12 14:48:43.928228\"}'),(2,'UPDATE','2025-03-04 11:24:10','11',18,'{\"is_read\": 0, \"message\": \"Item \'Bunsen Burner\' is running low on stock!\", \"user_id\": \"11\", \"created_at\": \"2025-02-12 14:48:43.949229\"}','{\"is_read\": 1, \"message\": \"Item \'Bunsen Burner\' is running low on stock!\", \"user_id\": \"11\", \"created_at\": \"2025-02-12 14:48:43.949229\"}'),(3,'UPDATE','2025-03-04 11:24:10','11',19,'{\"is_read\": 0, \"message\": \"Item \'Microscope\' is running low on stock!\", \"user_id\": \"11\", \"created_at\": \"2025-02-12 14:48:43.959230\"}','{\"is_read\": 1, \"message\": \"Item \'Microscope\' is running low on stock!\", \"user_id\": \"11\", \"created_at\": \"2025-02-12 14:48:43.959230\"}'),(4,'UPDATE','2025-03-04 11:24:10','11',20,'{\"is_read\": 0, \"message\": \"Item \'Ammonium Sulfate\' will expire soon!\", \"user_id\": \"11\", \"created_at\": \"2025-02-12 14:48:43.974227\"}','{\"is_read\": 1, \"message\": \"Item \'Ammonium Sulfate\' will expire soon!\", \"user_id\": \"11\", \"created_at\": \"2025-02-12 14:48:43.974227\"}'),(5,'UPDATE','2025-03-04 11:24:10','11',21,'{\"is_read\": 0, \"message\": \"Item \'pH Meter\' is running low on stock!\", \"user_id\": \"11\", \"created_at\": \"2025-02-12 14:48:43.987226\"}','{\"is_read\": 1, \"message\": \"Item \'pH Meter\' is running low on stock!\", \"user_id\": \"11\", \"created_at\": \"2025-02-12 14:48:43.987226\"}'),(6,'UPDATE','2025-03-04 11:24:10','11',22,'{\"is_read\": 0, \"message\": \"Item \'Volumetric Flask\' is running low on stock!\", \"user_id\": \"11\", \"created_at\": \"2025-02-12 14:48:44.000231\"}','{\"is_read\": 1, \"message\": \"Item \'Volumetric Flask\' is running low on stock!\", \"user_id\": \"11\", \"created_at\": \"2025-02-12 14:48:44.000231\"}'),(7,'UPDATE','2025-03-04 11:24:10','11',23,'{\"is_read\": 0, \"message\": \"Item \'Hot Plate\' is running low on stock!\", \"user_id\": \"11\", \"created_at\": \"2025-02-12 14:48:44.012233\"}','{\"is_read\": 1, \"message\": \"Item \'Hot Plate\' is running low on stock!\", \"user_id\": \"11\", \"created_at\": \"2025-02-12 14:48:44.012233\"}'),(8,'UPDATE','2025-03-04 11:24:10','11',24,'{\"is_read\": 0, \"message\": \"Item \'pH Meter\' will expire soon!\", \"user_id\": \"11\", \"created_at\": \"2025-02-12 14:48:44.022227\"}','{\"is_read\": 1, \"message\": \"Item \'pH Meter\' will expire soon!\", \"user_id\": \"11\", \"created_at\": \"2025-02-12 14:48:44.022227\"}'),(9,'UPDATE','2025-03-04 11:24:10','11',25,'{\"is_read\": 0, \"message\": \"Item \'Centrifuge\' is running low on stock!\", \"user_id\": \"11\", \"created_at\": \"2025-02-12 14:48:44.038236\"}','{\"is_read\": 1, \"message\": \"Item \'Centrifuge\' is running low on stock!\", \"user_id\": \"11\", \"created_at\": \"2025-02-12 14:48:44.038236\"}'),(10,'UPDATE','2025-03-04 11:24:10','11',26,'{\"is_read\": 0, \"message\": \"Item \'Multimeter\' is running low on stock!\", \"user_id\": \"11\", \"created_at\": \"2025-02-12 14:48:44.060255\"}','{\"is_read\": 1, \"message\": \"Item \'Multimeter\' is running low on stock!\", \"user_id\": \"11\", \"created_at\": \"2025-02-12 14:48:44.060255\"}'),(11,'UPDATE','2025-03-04 11:24:10','11',27,'{\"is_read\": 0, \"message\": \"Item \'Graduated Cylinder\' is running low on stock!\", \"user_id\": \"11\", \"created_at\": \"2025-02-12 14:48:44.080229\"}','{\"is_read\": 1, \"message\": \"Item \'Graduated Cylinder\' is running low on stock!\", \"user_id\": \"11\", \"created_at\": \"2025-02-12 14:48:44.080229\"}'),(12,'UPDATE','2025-03-04 11:24:10','11',28,'{\"is_read\": 0, \"message\": \"Item \'Mercury\' is running low on stock!\", \"user_id\": \"11\", \"created_at\": \"2025-02-12 14:48:44.125256\"}','{\"is_read\": 1, \"message\": \"Item \'Mercury\' is running low on stock!\", \"user_id\": \"11\", \"created_at\": \"2025-02-12 14:48:44.125256\"}'),(13,'UPDATE','2025-03-04 11:24:10','11',29,'{\"is_read\": 0, \"message\": \"Item \'Lab Gowns\' usage limit reached!\", \"user_id\": \"11\", \"created_at\": \"2025-02-12 14:48:44.150242\"}','{\"is_read\": 1, \"message\": \"Item \'Lab Gowns\' usage limit reached!\", \"user_id\": \"11\", \"created_at\": \"2025-02-12 14:48:44.150242\"}'),(14,'UPDATE','2025-03-04 11:24:10','11',30,'{\"is_read\": 0, \"message\": \"Item \'Ethanol\' will expire soon!\", \"user_id\": \"11\", \"created_at\": \"2025-02-12 14:48:44.187230\"}','{\"is_read\": 1, \"message\": \"Item \'Ethanol\' will expire soon!\", \"user_id\": \"11\", \"created_at\": \"2025-02-12 14:48:44.187230\"}'),(15,'UPDATE','2025-03-04 11:24:10','11',31,'{\"is_read\": 0, \"message\": \"Item \'Lab Gowns\' is running low on stock!\", \"user_id\": \"11\", \"created_at\": \"2025-02-12 15:07:07.576511\"}','{\"is_read\": 1, \"message\": \"Item \'Lab Gowns\' is running low on stock!\", \"user_id\": \"11\", \"created_at\": \"2025-02-12 15:07:07.576511\"}'),(16,'UPDATE','2025-03-04 11:24:10','11',104,'{\"is_read\": 0, \"message\": \"Item \'Nitric Acid\' is running low on stock!\", \"user_id\": \"11\", \"created_at\": \"2025-02-21 06:20:58.754480\"}','{\"is_read\": 1, \"message\": \"Item \'Nitric Acid\' is running low on stock!\", \"user_id\": \"11\", \"created_at\": \"2025-02-21 06:20:58.754480\"}'),(17,'UPDATE','2025-03-04 11:24:10','11',105,'{\"is_read\": 0, \"message\": \"Item \'pH paper\' will expire soon!\", \"user_id\": \"11\", \"created_at\": \"2025-02-21 06:20:58.763136\"}','{\"is_read\": 1, \"message\": \"Item \'pH paper\' will expire soon!\", \"user_id\": \"11\", \"created_at\": \"2025-02-21 06:20:58.763136\"}'),(18,'UPDATE','2025-03-04 11:24:10','11',106,'{\"is_read\": 0, \"message\": \"Item \'Copper(II) Sulfate\' will expire soon!\", \"user_id\": \"11\", \"created_at\": \"2025-02-21 06:20:58.767364\"}','{\"is_read\": 1, \"message\": \"Item \'Copper(II) Sulfate\' will expire soon!\", \"user_id\": \"11\", \"created_at\": \"2025-02-21 06:20:58.767364\"}'),(19,'UPDATE','2025-03-04 11:24:10','11',109,'{\"is_read\": 0, \"message\": \"New borrow request for borrow ID: 20120252423\", \"user_id\": \"11\", \"created_at\": \"2025-02-21 06:39:51.310832\"}','{\"is_read\": 1, \"message\": \"New borrow request for borrow ID: 20120252423\", \"user_id\": \"11\", \"created_at\": \"2025-02-21 06:39:51.310832\"}'),(20,'UPDATE','2025-03-04 11:24:10','11',115,'{\"is_read\": 0, \"message\": \"Item \'isopropyl alcohol\' is running low on stock!\", \"user_id\": \"11\", \"created_at\": \"2025-02-26 03:52:04.238866\"}','{\"is_read\": 1, \"message\": \"Item \'isopropyl alcohol\' is running low on stock!\", \"user_id\": \"11\", \"created_at\": \"2025-02-26 03:52:04.238866\"}'),(21,'INSERT','2025-03-04 11:58:47','13',116,NULL,'{\"is_read\": 0, \"message\": \"Item \'Potassium Nitrate\' is running low on stock!\", \"user_id\": \"13\", \"created_at\": \"2025-03-04 11:58:47.028489\"}'),(22,'INSERT','2025-03-04 11:58:47','13',117,NULL,'{\"is_read\": 0, \"message\": \"Item \'Bunsen Burner\' is running low on stock!\", \"user_id\": \"13\", \"created_at\": \"2025-03-04 11:58:47.230522\"}'),(23,'INSERT','2025-03-04 11:58:47','13',118,NULL,'{\"is_read\": 0, \"message\": \"Item \'Microscope\' is running low on stock!\", \"user_id\": \"13\", \"created_at\": \"2025-03-04 11:58:47.428853\"}'),(24,'INSERT','2025-03-04 11:58:47','13',119,NULL,'{\"is_read\": 0, \"message\": \"Item \'Ammonium Sulfate\' will expire soon!\", \"user_id\": \"13\", \"created_at\": \"2025-03-04 11:58:47.727923\"}'),(25,'INSERT','2025-03-04 11:58:47','13',120,NULL,'{\"is_read\": 0, \"message\": \"Item \'pH Meter\' is running low on stock!\", \"user_id\": \"13\", \"created_at\": \"2025-03-04 11:58:47.974024\"}'),(26,'INSERT','2025-03-04 11:58:48','13',121,NULL,'{\"is_read\": 0, \"message\": \"Item \'Volumetric Flask\' is running low on stock!\", \"user_id\": \"13\", \"created_at\": \"2025-03-04 11:58:48.170351\"}'),(27,'INSERT','2025-03-04 11:58:48','13',122,NULL,'{\"is_read\": 0, \"message\": \"Item \'Hot Plate\' is running low on stock!\", \"user_id\": \"13\", \"created_at\": \"2025-03-04 11:58:48.320418\"}'),(28,'INSERT','2025-03-04 11:58:48','13',123,NULL,'{\"is_read\": 0, \"message\": \"Item \'pH Meter\' will expire soon!\", \"user_id\": \"13\", \"created_at\": \"2025-03-04 11:58:48.520198\"}'),(29,'INSERT','2025-03-04 11:58:48','13',124,NULL,'{\"is_read\": 0, \"message\": \"Item \'Centrifuge\' is running low on stock!\", \"user_id\": \"13\", \"created_at\": \"2025-03-04 11:58:48.718530\"}'),(30,'INSERT','2025-03-04 11:58:48','13',125,NULL,'{\"is_read\": 0, \"message\": \"Item \'Multimeter\' is running low on stock!\", \"user_id\": \"13\", \"created_at\": \"2025-03-04 11:58:48.869477\"}'),(31,'INSERT','2025-03-04 11:58:49','13',126,NULL,'{\"is_read\": 0, \"message\": \"Item \'Graduated Cylinder\' is running low on stock!\", \"user_id\": \"13\", \"created_at\": \"2025-03-04 11:58:49.016957\"}'),(32,'INSERT','2025-03-04 11:58:49','13',127,NULL,'{\"is_read\": 0, \"message\": \"Item \'Nitric Acid\' is running low on stock!\", \"user_id\": \"13\", \"created_at\": \"2025-03-04 11:58:49.215825\"}'),(33,'INSERT','2025-03-04 11:58:49','13',128,NULL,'{\"is_read\": 0, \"message\": \"Item \'Mercury\' is running low on stock!\", \"user_id\": \"13\", \"created_at\": \"2025-03-04 11:58:49.808282\"}'),(34,'INSERT','2025-03-04 11:58:49','13',129,NULL,'{\"is_read\": 0, \"message\": \"Item \'isopropyl alcohol\' is running low on stock!\", \"user_id\": \"13\", \"created_at\": \"2025-03-04 11:58:49.957356\"}'),(35,'INSERT','2025-03-04 11:58:50','13',130,NULL,'{\"is_read\": 0, \"message\": \"Item \'pH paper\' will expire soon!\", \"user_id\": \"13\", \"created_at\": \"2025-03-04 11:58:50.156619\"}'),(36,'INSERT','2025-03-04 11:58:50','13',131,NULL,'{\"is_read\": 0, \"message\": \"Item \'Copper(II) Sulfate\' will expire soon!\", \"user_id\": \"13\", \"created_at\": \"2025-03-04 11:58:50.454597\"}'),(37,'INSERT','2025-03-04 11:58:50','13',132,NULL,'{\"is_read\": 0, \"message\": \"Item \'Lab Gowns\' usage limit reached!\", \"user_id\": \"13\", \"created_at\": \"2025-03-04 11:58:50.653915\"}'),(38,'INSERT','2025-03-04 11:58:51','13',133,NULL,'{\"is_read\": 0, \"message\": \"Item \'Ethanol\' will expire soon!\", \"user_id\": \"13\", \"created_at\": \"2025-03-04 11:58:51.200454\"}'),(39,'INSERT','2025-03-04 12:35:46','13',134,NULL,'{\"is_read\": 0, \"message\": \"Item \'Alcohol\' is running low on stock!\", \"user_id\": \"13\", \"created_at\": \"2025-03-04 12:35:46.738373\"}'),(40,'INSERT','2025-03-04 12:35:47','13',135,NULL,'{\"is_read\": 0, \"message\": \"Item \'Weighing scale\' is running low on stock!\", \"user_id\": \"13\", \"created_at\": \"2025-03-04 12:35:47.530209\"}'),(41,'INSERT','2025-03-04 12:35:47','13',136,NULL,'{\"is_read\": 0, \"message\": \"Item \'Lab Gowns\' is running low on stock!\", \"user_id\": \"13\", \"created_at\": \"2025-03-04 12:35:47.727890\"}'),(42,'UPDATE','2025-03-04 12:35:56','13',116,'{\"is_read\": 0, \"message\": \"Item \'Potassium Nitrate\' is running low on stock!\", \"user_id\": \"13\", \"created_at\": \"2025-03-04 11:58:47.028489\"}','{\"is_read\": 1, \"message\": \"Item \'Potassium Nitrate\' is running low on stock!\", \"user_id\": \"13\", \"created_at\": \"2025-03-04 11:58:47.028489\"}'),(43,'UPDATE','2025-03-04 12:35:56','13',117,'{\"is_read\": 0, \"message\": \"Item \'Bunsen Burner\' is running low on stock!\", \"user_id\": \"13\", \"created_at\": \"2025-03-04 11:58:47.230522\"}','{\"is_read\": 1, \"message\": \"Item \'Bunsen Burner\' is running low on stock!\", \"user_id\": \"13\", \"created_at\": \"2025-03-04 11:58:47.230522\"}'),(44,'UPDATE','2025-03-04 12:35:56','13',118,'{\"is_read\": 0, \"message\": \"Item \'Microscope\' is running low on stock!\", \"user_id\": \"13\", \"created_at\": \"2025-03-04 11:58:47.428853\"}','{\"is_read\": 1, \"message\": \"Item \'Microscope\' is running low on stock!\", \"user_id\": \"13\", \"created_at\": \"2025-03-04 11:58:47.428853\"}'),(45,'UPDATE','2025-03-04 12:35:56','13',119,'{\"is_read\": 0, \"message\": \"Item \'Ammonium Sulfate\' will expire soon!\", \"user_id\": \"13\", \"created_at\": \"2025-03-04 11:58:47.727923\"}','{\"is_read\": 1, \"message\": \"Item \'Ammonium Sulfate\' will expire soon!\", \"user_id\": \"13\", \"created_at\": \"2025-03-04 11:58:47.727923\"}'),(46,'UPDATE','2025-03-04 12:35:56','13',120,'{\"is_read\": 0, \"message\": \"Item \'pH Meter\' is running low on stock!\", \"user_id\": \"13\", \"created_at\": \"2025-03-04 11:58:47.974024\"}','{\"is_read\": 1, \"message\": \"Item \'pH Meter\' is running low on stock!\", \"user_id\": \"13\", \"created_at\": \"2025-03-04 11:58:47.974024\"}'),(47,'UPDATE','2025-03-04 12:35:56','13',121,'{\"is_read\": 0, \"message\": \"Item \'Volumetric Flask\' is running low on stock!\", \"user_id\": \"13\", \"created_at\": \"2025-03-04 11:58:48.170351\"}','{\"is_read\": 1, \"message\": \"Item \'Volumetric Flask\' is running low on stock!\", \"user_id\": \"13\", \"created_at\": \"2025-03-04 11:58:48.170351\"}'),(48,'UPDATE','2025-03-04 12:35:56','13',122,'{\"is_read\": 0, \"message\": \"Item \'Hot Plate\' is running low on stock!\", \"user_id\": \"13\", \"created_at\": \"2025-03-04 11:58:48.320418\"}','{\"is_read\": 1, \"message\": \"Item \'Hot Plate\' is running low on stock!\", \"user_id\": \"13\", \"created_at\": \"2025-03-04 11:58:48.320418\"}'),(49,'UPDATE','2025-03-04 12:35:56','13',123,'{\"is_read\": 0, \"message\": \"Item \'pH Meter\' will expire soon!\", \"user_id\": \"13\", \"created_at\": \"2025-03-04 11:58:48.520198\"}','{\"is_read\": 1, \"message\": \"Item \'pH Meter\' will expire soon!\", \"user_id\": \"13\", \"created_at\": \"2025-03-04 11:58:48.520198\"}'),(50,'UPDATE','2025-03-04 12:35:56','13',124,'{\"is_read\": 0, \"message\": \"Item \'Centrifuge\' is running low on stock!\", \"user_id\": \"13\", \"created_at\": \"2025-03-04 11:58:48.718530\"}','{\"is_read\": 1, \"message\": \"Item \'Centrifuge\' is running low on stock!\", \"user_id\": \"13\", \"created_at\": \"2025-03-04 11:58:48.718530\"}'),(51,'UPDATE','2025-03-04 12:35:56','13',125,'{\"is_read\": 0, \"message\": \"Item \'Multimeter\' is running low on stock!\", \"user_id\": \"13\", \"created_at\": \"2025-03-04 11:58:48.869477\"}','{\"is_read\": 1, \"message\": \"Item \'Multimeter\' is running low on stock!\", \"user_id\": \"13\", \"created_at\": \"2025-03-04 11:58:48.869477\"}'),(52,'UPDATE','2025-03-04 12:35:56','13',126,'{\"is_read\": 0, \"message\": \"Item \'Graduated Cylinder\' is running low on stock!\", \"user_id\": \"13\", \"created_at\": \"2025-03-04 11:58:49.016957\"}','{\"is_read\": 1, \"message\": \"Item \'Graduated Cylinder\' is running low on stock!\", \"user_id\": \"13\", \"created_at\": \"2025-03-04 11:58:49.016957\"}'),(53,'UPDATE','2025-03-04 12:35:56','13',127,'{\"is_read\": 0, \"message\": \"Item \'Nitric Acid\' is running low on stock!\", \"user_id\": \"13\", \"created_at\": \"2025-03-04 11:58:49.215825\"}','{\"is_read\": 1, \"message\": \"Item \'Nitric Acid\' is running low on stock!\", \"user_id\": \"13\", \"created_at\": \"2025-03-04 11:58:49.215825\"}'),(54,'UPDATE','2025-03-04 12:35:56','13',128,'{\"is_read\": 0, \"message\": \"Item \'Mercury\' is running low on stock!\", \"user_id\": \"13\", \"created_at\": \"2025-03-04 11:58:49.808282\"}','{\"is_read\": 1, \"message\": \"Item \'Mercury\' is running low on stock!\", \"user_id\": \"13\", \"created_at\": \"2025-03-04 11:58:49.808282\"}'),(55,'UPDATE','2025-03-04 12:35:56','13',129,'{\"is_read\": 0, \"message\": \"Item \'isopropyl alcohol\' is running low on stock!\", \"user_id\": \"13\", \"created_at\": \"2025-03-04 11:58:49.957356\"}','{\"is_read\": 1, \"message\": \"Item \'isopropyl alcohol\' is running low on stock!\", \"user_id\": \"13\", \"created_at\": \"2025-03-04 11:58:49.957356\"}'),(56,'UPDATE','2025-03-04 12:35:56','13',130,'{\"is_read\": 0, \"message\": \"Item \'pH paper\' will expire soon!\", \"user_id\": \"13\", \"created_at\": \"2025-03-04 11:58:50.156619\"}','{\"is_read\": 1, \"message\": \"Item \'pH paper\' will expire soon!\", \"user_id\": \"13\", \"created_at\": \"2025-03-04 11:58:50.156619\"}'),(57,'UPDATE','2025-03-04 12:35:56','13',131,'{\"is_read\": 0, \"message\": \"Item \'Copper(II) Sulfate\' will expire soon!\", \"user_id\": \"13\", \"created_at\": \"2025-03-04 11:58:50.454597\"}','{\"is_read\": 1, \"message\": \"Item \'Copper(II) Sulfate\' will expire soon!\", \"user_id\": \"13\", \"created_at\": \"2025-03-04 11:58:50.454597\"}'),(58,'UPDATE','2025-03-04 12:35:56','13',132,'{\"is_read\": 0, \"message\": \"Item \'Lab Gowns\' usage limit reached!\", \"user_id\": \"13\", \"created_at\": \"2025-03-04 11:58:50.653915\"}','{\"is_read\": 1, \"message\": \"Item \'Lab Gowns\' usage limit reached!\", \"user_id\": \"13\", \"created_at\": \"2025-03-04 11:58:50.653915\"}'),(59,'UPDATE','2025-03-04 12:35:56','13',133,'{\"is_read\": 0, \"message\": \"Item \'Ethanol\' will expire soon!\", \"user_id\": \"13\", \"created_at\": \"2025-03-04 11:58:51.200454\"}','{\"is_read\": 1, \"message\": \"Item \'Ethanol\' will expire soon!\", \"user_id\": \"13\", \"created_at\": \"2025-03-04 11:58:51.200454\"}'),(60,'UPDATE','2025-03-04 12:35:56','13',134,'{\"is_read\": 0, \"message\": \"Item \'Alcohol\' is running low on stock!\", \"user_id\": \"13\", \"created_at\": \"2025-03-04 12:35:46.738373\"}','{\"is_read\": 1, \"message\": \"Item \'Alcohol\' is running low on stock!\", \"user_id\": \"13\", \"created_at\": \"2025-03-04 12:35:46.738373\"}'),(61,'UPDATE','2025-03-04 12:35:56','13',135,'{\"is_read\": 0, \"message\": \"Item \'Weighing scale\' is running low on stock!\", \"user_id\": \"13\", \"created_at\": \"2025-03-04 12:35:47.530209\"}','{\"is_read\": 1, \"message\": \"Item \'Weighing scale\' is running low on stock!\", \"user_id\": \"13\", \"created_at\": \"2025-03-04 12:35:47.530209\"}'),(62,'UPDATE','2025-03-04 12:35:56','13',136,'{\"is_read\": 0, \"message\": \"Item \'Lab Gowns\' is running low on stock!\", \"user_id\": \"13\", \"created_at\": \"2025-03-04 12:35:47.727890\"}','{\"is_read\": 1, \"message\": \"Item \'Lab Gowns\' is running low on stock!\", \"user_id\": \"13\", \"created_at\": \"2025-03-04 12:35:47.727890\"}'),(63,'INSERT','2025-03-04 12:40:33','2',137,NULL,'{\"is_read\": 0, \"message\": \"Item \'Alcohol\' is running low on stock!\", \"user_id\": \"2\", \"created_at\": \"2025-03-04 12:40:32.831821\"}'),(64,'INSERT','2025-03-04 12:40:33','2',138,NULL,'{\"is_read\": 0, \"message\": \"Item \'Weighing scale\' is running low on stock!\", \"user_id\": \"2\", \"created_at\": \"2025-03-04 12:40:33.133587\"}'),(65,'INSERT','2025-03-04 16:43:03','13',139,NULL,'{\"is_read\": 0, \"message\": \"Item \'Potassium Nitrate\' will expire soon!\", \"user_id\": \"13\", \"created_at\": \"2025-03-04 16:43:03.556224\"}'),(66,'INSERT','2025-03-05 08:40:22','11',140,NULL,'{\"is_read\": 0, \"message\": \"Item \'Potassium Nitrate\' will expire soon!\", \"user_id\": \"11\", \"created_at\": \"2025-03-05 08:40:22.308700\"}'),(67,'INSERT','2025-03-05 08:40:22','11',141,NULL,'{\"is_read\": 0, \"message\": \"Item \'Weighing scale\' is running low on stock!\", \"user_id\": \"11\", \"created_at\": \"2025-03-05 08:40:22.407604\"}'),(68,'INSERT','2025-03-06 13:00:27','2',142,NULL,'{\"is_read\": 0, \"message\": \"Item \'Potassium Nitrate\' will expire soon!\", \"user_id\": \"2\", \"created_at\": \"2025-03-06 13:00:27.142337\"}');
/*!40000 ALTER TABLE `audit_core_notification` ENABLE KEYS */;
UNLOCK TABLES;

--
-- Table structure for table `audit_core_permissions`
--

DROP TABLE IF EXISTS `audit_core_permissions`;
/*!40101 SET @saved_cs_client     = @@character_set_client */;
/*!50503 SET character_set_client = utf8mb4 */;
CREATE TABLE `audit_core_permissions` (
  `id` bigint NOT NULL AUTO_INCREMENT,
  `operation` enum('INSERT','UPDATE','DELETE') NOT NULL,
  `changed_at` timestamp NULL DEFAULT CURRENT_TIMESTAMP,
  `changed_by` varchar(255) DEFAULT NULL,
  `primary_key` int NOT NULL,
  `old_values` json DEFAULT NULL,
  `new_values` json DEFAULT NULL,
  PRIMARY KEY (`id`)
) ENGINE=InnoDB AUTO_INCREMENT=8 DEFAULT CHARSET=utf8mb4 COLLATE=utf8mb4_0900_ai_ci;
/*!40101 SET character_set_client = @saved_cs_client */;

--
-- Dumping data for table `audit_core_permissions`
--

LOCK TABLES `audit_core_permissions` WRITE;
/*!40000 ALTER TABLE `audit_core_permissions` DISABLE KEYS */;
INSERT INTO `audit_core_permissions` VALUES (1,'UPDATE','2025-03-04 10:20:42',NULL,22,'{\"name\": \"Create Work-In-Progress\", \"codename\": \"create_wip\", \"module_id\": 4}','{\"name\": \"Create Work-In-Progress\", \"codename\": \"create_wip\", \"module_id\": 2}'),(2,'UPDATE','2025-03-04 10:20:42',NULL,23,'{\"name\": \"View Work-In-Progress\", \"codename\": \"view_wip\", \"module_id\": 4}','{\"name\": \"View Work-In-Progress\", \"codename\": \"view_wip\", \"module_id\": 2}'),(3,'UPDATE','2025-03-04 10:20:42',NULL,24,'{\"name\": \"Clear Work-In-Progress\", \"codename\": \"clear_wip\", \"module_id\": 4}','{\"name\": \"Clear Work-In-Progress\", \"codename\": \"clear_wip\", \"module_id\": 2}'),(4,'UPDATE','2025-03-09 13:46:30',NULL,11,'{\"name\": \"Bonfigure Borrowing\", \"codename\": \"configure_borrowing\", \"module_id\": 2}','{\"name\": \"Configure Item Requests\", \"codename\": \"configure_borrowing\", \"module_id\": 2}'),(5,'UPDATE','2025-03-09 13:46:30',NULL,7,'{\"name\": \"Allow Borrow Items\", \"codename\": \"borrow_items\", \"module_id\": 2}','{\"name\": \"Allow Request Items\", \"codename\": \"borrow_items\", \"module_id\": 2}'),(6,'UPDATE','2025-03-09 13:46:30',NULL,8,'{\"name\": \"View/Prepare Requested Borrowed Items\", \"codename\": \"view_borrowed_items\", \"module_id\": 2}','{\"name\": \"View/Prepare Requested Items\", \"codename\": \"view_borrowed_items\", \"module_id\": 2}'),(7,'UPDATE','2025-03-09 13:46:30',NULL,9,'{\"name\": \"Approve/Deny Booking Requests\", \"codename\": \"view_booking_requests\", \"module_id\": 2}','{\"name\": \"Approve/Deny Item Requests\", \"codename\": \"view_booking_requests\", \"module_id\": 2}');
/*!40000 ALTER TABLE `audit_core_permissions` ENABLE KEYS */;
UNLOCK TABLES;

--
-- Table structure for table `audit_core_reported_items`
--

DROP TABLE IF EXISTS `audit_core_reported_items`;
/*!40101 SET @saved_cs_client     = @@character_set_client */;
/*!50503 SET character_set_client = utf8mb4 */;
CREATE TABLE `audit_core_reported_items` (
  `id` bigint NOT NULL AUTO_INCREMENT,
  `operation` enum('INSERT','UPDATE','DELETE') NOT NULL,
  `changed_at` timestamp NULL DEFAULT CURRENT_TIMESTAMP,
  `changed_by` varchar(255) DEFAULT NULL,
  `primary_key` varchar(20) NOT NULL,
  `old_values` json DEFAULT NULL,
  `new_values` json DEFAULT NULL,
  PRIMARY KEY (`id`)
) ENGINE=InnoDB AUTO_INCREMENT=3 DEFAULT CHARSET=utf8mb4 COLLATE=utf8mb4_0900_ai_ci;
/*!40101 SET character_set_client = @saved_cs_client */;

--
-- Dumping data for table `audit_core_reported_items`
--

LOCK TABLES `audit_core_reported_items` WRITE;
/*!40000 ALTER TABLE `audit_core_reported_items` DISABLE KEYS */;
INSERT INTO `audit_core_reported_items` VALUES (1,'INSERT','2025-03-09 15:26:15','13','30120245345',NULL,'{\"status\": 1, \"item_id\": \"10120246711\", \"remarks\": null, \"user_id\": \"2\", \"borrow_id\": null, \"report_id\": \"30120245345\", \"qty_reported\": 1, \"amount_to_pay\": 100.00, \"cleared_by_id\": null, \"laboratory_id\": \"1\", \"report_reason\": \"broken glass\", \"reported_date\": \"2025-03-09 15:26:15.260409\"}'),(2,'UPDATE','2025-03-09 15:27:17','13','30120245345','{\"status\": 1, \"item_id\": \"10120246711\", \"remarks\": null, \"user_id\": \"2\", \"borrow_id\": null, \"report_id\": \"30120245345\", \"qty_reported\": 1, \"amount_to_pay\": 100.00, \"cleared_by_id\": null, \"laboratory_id\": \"1\", \"report_reason\": \"broken glass\", \"reported_date\": \"2025-03-09 15:26:15.260409\"}','{\"status\": 0, \"item_id\": \"10120246711\", \"remarks\": null, \"user_id\": \"2\", \"borrow_id\": null, \"report_id\": \"30120245345\", \"qty_reported\": 1, \"amount_to_pay\": 100.00, \"cleared_by_id\": \"13\", \"laboratory_id\": \"1\", \"report_reason\": \"broken glass\", \"reported_date\": \"2025-03-09 15:26:15.260409\"}');
/*!40000 ALTER TABLE `audit_core_reported_items` ENABLE KEYS */;
UNLOCK TABLES;

--
-- Table structure for table `audit_core_reservation_config`
--

DROP TABLE IF EXISTS `audit_core_reservation_config`;
/*!40101 SET @saved_cs_client     = @@character_set_client */;
/*!50503 SET character_set_client = utf8mb4 */;
CREATE TABLE `audit_core_reservation_config` (
  `id` bigint NOT NULL AUTO_INCREMENT,
  `operation` enum('INSERT','UPDATE','DELETE') NOT NULL,
  `changed_at` timestamp NULL DEFAULT CURRENT_TIMESTAMP,
  `changed_by` varchar(255) DEFAULT NULL,
  `primary_key` bigint NOT NULL,
  `old_values` json DEFAULT NULL,
  `new_values` json DEFAULT NULL,
  PRIMARY KEY (`id`)
) ENGINE=InnoDB AUTO_INCREMENT=4 DEFAULT CHARSET=utf8mb4 COLLATE=utf8mb4_0900_ai_ci;
/*!40101 SET character_set_client = @saved_cs_client */;

--
-- Dumping data for table `audit_core_reservation_config`
--

LOCK TABLES `audit_core_reservation_config` WRITE;
/*!40000 ALTER TABLE `audit_core_reservation_config` DISABLE KEYS */;
INSERT INTO `audit_core_reservation_config` VALUES (1,'INSERT','2025-03-08 15:47:17','1',8,NULL,'{\"end_time\": null, \"leadtime\": 0, \"start_time\": null, \"approval_form\": \"\", \"laboratory_id\": \"90120256859\", \"tc_description\": \"\", \"require_payment\": 0, \"require_approval\": 0, \"reservation_type\": \"class\"}'),(2,'INSERT','2025-03-09 08:51:33','1',9,NULL,'{\"end_time\": null, \"leadtime\": 0, \"start_time\": null, \"approval_form\": \"\", \"laboratory_id\": \"90120253568\", \"tc_description\": \"\", \"require_payment\": 0, \"require_approval\": 0, \"reservation_type\": \"class\"}'),(3,'UPDATE','2025-03-09 09:10:19','20254932',9,'{\"end_time\": null, \"leadtime\": 0, \"start_time\": null, \"approval_form\": \"\", \"laboratory_id\": \"90120253568\", \"tc_description\": \"\", \"require_payment\": 0, \"require_approval\": 0, \"reservation_type\": \"class\"}','{\"end_time\": \"19:30:00.000000\", \"leadtime\": 3, \"start_time\": \"07:30:00.000000\", \"approval_form\": \"\", \"laboratory_id\": \"90120253568\", \"tc_description\": \"\", \"require_payment\": 0, \"require_approval\": 0, \"reservation_type\": \"class\"}');
/*!40000 ALTER TABLE `audit_core_reservation_config` ENABLE KEYS */;
UNLOCK TABLES;

--
-- Table structure for table `audit_core_rooms`
--

DROP TABLE IF EXISTS `audit_core_rooms`;
/*!40101 SET @saved_cs_client     = @@character_set_client */;
/*!50503 SET character_set_client = utf8mb4 */;
CREATE TABLE `audit_core_rooms` (
  `id` bigint NOT NULL AUTO_INCREMENT,
  `operation` enum('INSERT','UPDATE','DELETE') NOT NULL,
  `changed_at` timestamp NULL DEFAULT CURRENT_TIMESTAMP,
  `changed_by` varchar(255) DEFAULT NULL,
  `primary_key` varchar(20) NOT NULL,
  `old_values` json DEFAULT NULL,
  `new_values` json DEFAULT NULL,
  PRIMARY KEY (`id`)
) ENGINE=InnoDB AUTO_INCREMENT=7 DEFAULT CHARSET=utf8mb4 COLLATE=utf8mb4_0900_ai_ci;
/*!40101 SET character_set_client = @saved_cs_client */;

--
-- Dumping data for table `audit_core_rooms`
--

LOCK TABLES `audit_core_rooms` WRITE;
/*!40000 ALTER TABLE `audit_core_rooms` DISABLE KEYS */;
INSERT INTO `audit_core_rooms` VALUES (1,'INSERT','2025-03-09 08:57:36','20254932','90220255937',NULL,'{\"name\": \"SJ5111\", \"room_id\": \"90220255937\", \"capacity\": 45, \"description\": \"For Computer Experiments\", \"is_disabled\": 0, \"blocked_time\": \"{}\", \"is_reservable\": 1, \"laboratory_id\": \"90120253568\"}'),(2,'UPDATE','2025-03-09 08:57:53','20254932','90220255937','{\"name\": \"SJ5111\", \"room_id\": \"90220255937\", \"capacity\": 45, \"description\": \"For Computer Experiments\", \"is_disabled\": 0, \"blocked_time\": \"{}\", \"is_reservable\": 1, \"laboratory_id\": \"90120253568\"}','{\"name\": \"SJ5111\", \"room_id\": \"90220255937\", \"capacity\": 45, \"description\": \"For Computer Experiments\", \"is_disabled\": 0, \"blocked_time\": \"{}\", \"is_reservable\": 1, \"laboratory_id\": \"90120253568\"}'),(3,'UPDATE','2025-03-09 09:10:19','20254932','90220255937','{\"name\": \"SJ5111\", \"room_id\": \"90220255937\", \"capacity\": 45, \"description\": \"For Computer Experiments\", \"is_disabled\": 0, \"blocked_time\": \"{}\", \"is_reservable\": 1, \"laboratory_id\": \"90120253568\"}','{\"name\": \"SJ5111\", \"room_id\": \"90220255937\", \"capacity\": 45, \"description\": \"For Computer Experiments\", \"is_disabled\": 0, \"blocked_time\": \"{}\", \"is_reservable\": 1, \"laboratory_id\": \"90120253568\"}'),(4,'UPDATE','2025-03-09 09:18:21','20254932','90220255937','{\"name\": \"SJ5111\", \"room_id\": \"90220255937\", \"capacity\": 45, \"description\": \"For Computer Experiments\", \"is_disabled\": 0, \"blocked_time\": \"{}\", \"is_reservable\": 1, \"laboratory_id\": \"90120253568\"}','{\"name\": \"SJ5111\", \"room_id\": \"90220255937\", \"capacity\": 45, \"description\": \"For Computer Experiments\", \"is_disabled\": 0, \"blocked_time\": \"{\\\"Monday\\\": [\\\"7:30-9:00\\\", \\\"9:15-10:45\\\", \\\"11:00-12:30\\\", \\\"12:45-2:15\\\"], \\\"Tuesday\\\": [\\\"7:30-9:00\\\", \\\"9:15-10:45\\\"]}\", \"is_reservable\": 1, \"laboratory_id\": \"90120253568\"}'),(5,'INSERT','2025-03-09 10:20:47','11','90220250023',NULL,'{\"name\": \"SJ401\", \"room_id\": \"90220250023\", \"capacity\": 45, \"description\": \"Teaching Room\", \"is_disabled\": 0, \"blocked_time\": \"{}\", \"is_reservable\": 1, \"laboratory_id\": \"1\"}'),(6,'INSERT','2025-03-09 15:29:44','11','90220257567',NULL,'{\"name\": \"SJ405\", \"room_id\": \"90220257567\", \"capacity\": 45, \"description\": \"Chemical Room\", \"is_disabled\": 0, \"blocked_time\": \"{}\", \"is_reservable\": 1, \"laboratory_id\": \"1\"}');
/*!40000 ALTER TABLE `audit_core_rooms` ENABLE KEYS */;
UNLOCK TABLES;

--
-- Table structure for table `audit_core_roomtable`
--

DROP TABLE IF EXISTS `audit_core_roomtable`;
/*!40101 SET @saved_cs_client     = @@character_set_client */;
/*!50503 SET character_set_client = utf8mb4 */;
CREATE TABLE `audit_core_roomtable` (
  `id` bigint NOT NULL AUTO_INCREMENT,
  `operation` enum('INSERT','UPDATE','DELETE') NOT NULL,
  `changed_at` timestamp NULL DEFAULT CURRENT_TIMESTAMP,
  `changed_by` varchar(255) DEFAULT NULL,
  `primary_key` int NOT NULL,
  `old_values` json DEFAULT NULL,
  `new_values` json DEFAULT NULL,
  PRIMARY KEY (`id`)
) ENGINE=InnoDB AUTO_INCREMENT=3 DEFAULT CHARSET=utf8mb4 COLLATE=utf8mb4_0900_ai_ci;
/*!40101 SET character_set_client = @saved_cs_client */;

--
-- Dumping data for table `audit_core_roomtable`
--

LOCK TABLES `audit_core_roomtable` WRITE;
/*!40000 ALTER TABLE `audit_core_roomtable` DISABLE KEYS */;
INSERT INTO `audit_core_roomtable` VALUES (1,'INSERT','2025-03-09 15:31:00','11',7,NULL,'{\"room_id\": \"90220257567\", \"capacity\": 1, \"table_id\": 7, \"table_name\": \"SJ405 Table 1\", \"blocked_time\": {}}'),(2,'UPDATE','2025-03-10 03:33:55','20244396',4,'{\"room_id\": \"90220243443\", \"capacity\": 1, \"table_id\": 4, \"table_name\": \"SJ404 Table 1\", \"blocked_time\": {\"2025-02-14\": [\"07:30-09:50\"], \"2025-02-15\": [\"07:30-09:00\"], \"2025-02-16\": [\"07:41-09:41\"], \"2025-02-20\": [\"09:26-10:26\"], \"2025-02-27\": [\"07:30-10:00\"]}}','{\"room_id\": \"90220243443\", \"capacity\": 1, \"table_id\": 4, \"table_name\": \"SJ404 Table 1\", \"blocked_time\": {\"2025-02-14\": [\"07:30-09:50\"], \"2025-02-15\": [\"07:30-09:00\"], \"2025-02-16\": [\"07:41-09:41\"], \"2025-02-20\": [\"09:26-10:26\"], \"2025-02-27\": [\"07:30-10:00\"], \"2025-03-12\": [\"14:31-15:31\"]}}');
/*!40000 ALTER TABLE `audit_core_roomtable` ENABLE KEYS */;
UNLOCK TABLES;

--
-- Table structure for table `audit_core_shoppingitem`
--

DROP TABLE IF EXISTS `audit_core_shoppingitem`;
/*!40101 SET @saved_cs_client     = @@character_set_client */;
/*!50503 SET character_set_client = utf8mb4 */;
CREATE TABLE `audit_core_shoppingitem` (
  `id` bigint NOT NULL AUTO_INCREMENT,
  `operation` enum('INSERT','UPDATE','DELETE') NOT NULL,
  `changed_at` timestamp NULL DEFAULT CURRENT_TIMESTAMP,
  `changed_by` varchar(255) DEFAULT NULL,
  `primary_key` bigint NOT NULL,
  `old_values` json DEFAULT NULL,
  `new_values` json DEFAULT NULL,
  PRIMARY KEY (`id`)
) ENGINE=InnoDB AUTO_INCREMENT=12 DEFAULT CHARSET=utf8mb4 COLLATE=utf8mb4_0900_ai_ci;
/*!40101 SET character_set_client = @saved_cs_client */;

--
-- Dumping data for table `audit_core_shoppingitem`
--

LOCK TABLES `audit_core_shoppingitem` WRITE;
/*!40000 ALTER TABLE `audit_core_shoppingitem` DISABLE KEYS */;
INSERT INTO `audit_core_shoppingitem` VALUES (1,'UPDATE','2025-03-05 08:00:49',NULL,8,'{\"id\": 8, \"name\": \"tissue\", \"quantity\": 20, \"is_active\": 1, \"description\": \"for experiment on monday\"}','{\"id\": 8, \"name\": \"tissue\", \"quantity\": 20, \"is_active\": 0, \"description\": \"for experiment on monday\"}'),(2,'UPDATE','2025-03-05 08:00:52',NULL,5,'{\"id\": 5, \"name\": \"Alcohol\", \"quantity\": 30, \"is_active\": 1, \"description\": \"Greencross alcohol\"}','{\"id\": 5, \"name\": \"Alcohol\", \"quantity\": 30, \"is_active\": 0, \"description\": \"Greencross alcohol\"}'),(3,'INSERT','2025-03-05 08:22:54','2',9,NULL,'{\"id\": 9, \"name\": \"Potassium Nitrate\", \"quantity\": 2, \"is_active\": 1, \"description\": \"\"}'),(4,'INSERT','2025-03-05 08:40:11','11',10,NULL,'{\"id\": 10, \"name\": \"Flask\", \"quantity\": 10, \"is_active\": 1, \"description\": \"\"}'),(5,'UPDATE','2025-03-05 08:41:51','11',9,'{\"id\": 9, \"name\": \"Potassium Nitrate\", \"quantity\": 2, \"is_active\": 1, \"description\": \"\"}','{\"id\": 9, \"name\": \"Potassium Nitrate\", \"quantity\": 2, \"is_active\": 0, \"description\": \"\"}'),(6,'UPDATE','2025-03-05 08:42:44','11',10,'{\"id\": 10, \"name\": \"Flask\", \"quantity\": 10, \"is_active\": 1, \"description\": \"\"}','{\"id\": 10, \"name\": \"Flask\", \"quantity\": 10, \"is_active\": 0, \"description\": \"\"}'),(7,'INSERT','2025-03-05 08:52:10','11',11,NULL,'{\"id\": 11, \"name\": \"Bunsen Burner\", \"quantity\": 3, \"is_active\": 1, \"description\": \"\"}'),(8,'UPDATE','2025-03-05 08:53:11','11',11,'{\"id\": 11, \"name\": \"Bunsen Burner\", \"quantity\": 3, \"is_active\": 1, \"description\": \"\"}','{\"id\": 11, \"name\": \"Bunsen Burner\", \"quantity\": 3, \"is_active\": 0, \"description\": \"\"}'),(9,'INSERT','2025-03-05 09:08:15','11',12,NULL,'{\"id\": 12, \"name\": \"Bunsen Burner\", \"quantity\": 3, \"is_active\": 1, \"description\": \"\"}'),(10,'UPDATE','2025-03-05 09:09:21','11',12,'{\"id\": 12, \"name\": \"Bunsen Burner\", \"quantity\": 3, \"is_active\": 1, \"description\": \"\"}','{\"id\": 12, \"name\": \"Bunsen Burner\", \"quantity\": 0, \"is_active\": 0, \"description\": \"\"}'),(11,'INSERT','2025-03-08 11:13:26','11',13,NULL,'{\"id\": 13, \"name\": \"Acetylene\", \"quantity\": 2, \"is_active\": 1, \"description\": \"For term 3 experiments\"}');
/*!40000 ALTER TABLE `audit_core_shoppingitem` ENABLE KEYS */;
UNLOCK TABLES;

--
-- Table structure for table `audit_core_suppliers`
--

DROP TABLE IF EXISTS `audit_core_suppliers`;
/*!40101 SET @saved_cs_client     = @@character_set_client */;
/*!50503 SET character_set_client = utf8mb4 */;
CREATE TABLE `audit_core_suppliers` (
  `id` bigint NOT NULL AUTO_INCREMENT,
  `operation` enum('INSERT','UPDATE','DELETE') NOT NULL,
  `changed_at` timestamp NULL DEFAULT CURRENT_TIMESTAMP,
  `changed_by` varchar(255) DEFAULT NULL,
  `primary_key` varchar(20) NOT NULL,
  `old_values` json DEFAULT NULL,
  `new_values` json DEFAULT NULL,
  PRIMARY KEY (`id`)
) ENGINE=InnoDB AUTO_INCREMENT=2 DEFAULT CHARSET=utf8mb4 COLLATE=utf8mb4_0900_ai_ci;
/*!40101 SET character_set_client = @saved_cs_client */;

--
-- Dumping data for table `audit_core_suppliers`
--

LOCK TABLES `audit_core_suppliers` WRITE;
/*!40000 ALTER TABLE `audit_core_suppliers` DISABLE KEYS */;
INSERT INTO `audit_core_suppliers` VALUES (1,'INSERT','2025-03-09 10:26:35','11','10220254907',NULL,'{\"email\": \"medevac@gmail.com\", \"description\": \"supplier\", \"is_disabled\": 0, \"suppliers_id\": \"10220254907\", \"laboratory_id\": \"1\", \"supplier_name\": \"medevac\", \"contact_number\": 2139489559, \"contact_person\": \"Mark Anthony Cruz\"}');
/*!40000 ALTER TABLE `audit_core_suppliers` ENABLE KEYS */;
UNLOCK TABLES;

--
-- Table structure for table `audit_core_user`
--

DROP TABLE IF EXISTS `audit_core_user`;
/*!40101 SET @saved_cs_client     = @@character_set_client */;
/*!50503 SET character_set_client = utf8mb4 */;
CREATE TABLE `audit_core_user` (
  `id` bigint NOT NULL AUTO_INCREMENT,
  `operation` enum('INSERT','UPDATE','DELETE') NOT NULL,
  `changed_at` timestamp NULL DEFAULT CURRENT_TIMESTAMP,
  `changed_by` varchar(255) DEFAULT NULL,
  `primary_key` varchar(20) NOT NULL,
  `old_values` json DEFAULT NULL,
  `new_values` json DEFAULT NULL,
  PRIMARY KEY (`id`)
) ENGINE=InnoDB AUTO_INCREMENT=106 DEFAULT CHARSET=utf8mb4 COLLATE=utf8mb4_0900_ai_ci;
/*!40101 SET character_set_client = @saved_cs_client */;

--
-- Dumping data for table `audit_core_user`
--

LOCK TABLES `audit_core_user` WRITE;
/*!40000 ALTER TABLE `audit_core_user` DISABLE KEYS */;
INSERT INTO `audit_core_user` VALUES (1,'UPDATE','2025-03-04 11:21:42',NULL,'11','{\"email\": \"chem_labcoord@gmail.com\", \"user_id\": \"11\", \"is_staff\": 0, \"lastname\": \"labcoord\", \"password\": \"pbkdf2_sha256$870000$Mbz7qJhLtF7P6OM7s27xjI$03Ki/O3jwVri9lMNJjYCR8iShM0LCm3bSlHqGIFsmwE=\", \"username\": \"chem_labcoord@gmail.com\", \"firstname\": \"chem\", \"last_login\": \"2025-02-26 12:11:30.028449\", \"date_joined\": \"2024-10-29 16:06:45.001248\", \"personal_id\": \"\", \"is_superuser\": 0, \"is_deactivated\": 0}','{\"email\": \"chem_labcoord@gmail.com\", \"user_id\": \"11\", \"is_staff\": 0, \"lastname\": \"labcoord\", \"password\": \"pbkdf2_sha256$870000$Mbz7qJhLtF7P6OM7s27xjI$03Ki/O3jwVri9lMNJjYCR8iShM0LCm3bSlHqGIFsmwE=\", \"username\": \"chem_labcoord@gmail.com\", \"firstname\": \"chem\", \"last_login\": \"2025-03-04 11:21:43.693268\", \"date_joined\": \"2024-10-29 16:06:45.001248\", \"personal_id\": \"\", \"is_superuser\": 0, \"is_deactivated\": 0}'),(2,'UPDATE','2025-03-04 11:33:27',NULL,'20244396','{\"email\": \"chem_student@dlsu.edu.ph\", \"user_id\": \"20244396\", \"is_staff\": 0, \"lastname\": \"Student\", \"password\": \"pbkdf2_sha256$870000$WCRrEvCcW072Bp1Lxrf98r$QbRKStc/pj+qGGl4vAb6vuJZImEzLaEHsRy/Ec0sdSg=\", \"username\": \"ChemStudent\", \"firstname\": \"Chem\", \"last_login\": \"2025-02-26 12:39:34.187616\", \"date_joined\": \"2024-11-18 07:22:49.415580\", \"personal_id\": \"None\", \"is_superuser\": 0, \"is_deactivated\": 0}','{\"email\": \"chem_student@dlsu.edu.ph\", \"user_id\": \"20244396\", \"is_staff\": 0, \"lastname\": \"Student\", \"password\": \"pbkdf2_sha256$870000$WCRrEvCcW072Bp1Lxrf98r$QbRKStc/pj+qGGl4vAb6vuJZImEzLaEHsRy/Ec0sdSg=\", \"username\": \"ChemStudent\", \"firstname\": \"Chem\", \"last_login\": \"2025-03-04 11:33:28.428760\", \"date_joined\": \"2024-11-18 07:22:49.415580\", \"personal_id\": \"None\", \"is_superuser\": 0, \"is_deactivated\": 0}'),(3,'UPDATE','2025-03-04 11:47:16',NULL,'11','{\"email\": \"chem_labcoord@gmail.com\", \"user_id\": \"11\", \"is_staff\": 0, \"lastname\": \"labcoord\", \"password\": \"pbkdf2_sha256$870000$Mbz7qJhLtF7P6OM7s27xjI$03Ki/O3jwVri9lMNJjYCR8iShM0LCm3bSlHqGIFsmwE=\", \"username\": \"chem_labcoord@gmail.com\", \"firstname\": \"chem\", \"last_login\": \"2025-03-04 11:21:43.693268\", \"date_joined\": \"2024-10-29 16:06:45.001248\", \"personal_id\": \"\", \"is_superuser\": 0, \"is_deactivated\": 0}','{\"email\": \"chem_labcoord@gmail.com\", \"user_id\": \"11\", \"is_staff\": 0, \"lastname\": \"labcoord\", \"password\": \"pbkdf2_sha256$870000$Mbz7qJhLtF7P6OM7s27xjI$03Ki/O3jwVri9lMNJjYCR8iShM0LCm3bSlHqGIFsmwE=\", \"username\": \"chem_labcoord@gmail.com\", \"firstname\": \"chem\", \"last_login\": \"2025-03-04 11:47:18.241499\", \"date_joined\": \"2024-10-29 16:06:45.001248\", \"personal_id\": \"\", \"is_superuser\": 0, \"is_deactivated\": 0}'),(4,'UPDATE','2025-03-04 11:48:46',NULL,'13','{\"email\": \"chem_labtech@gmail.com\", \"user_id\": \"13\", \"is_staff\": 0, \"lastname\": \"labtech\", \"password\": \"pbkdf2_sha256$870000$o2ygBuGHGmiMu3gZvdZLj9$kXnyPxGpKsguK/7RxvzP4EMHzY8h+RtpDORQZrR1RtU=\", \"username\": \"chem_labtech@gmail.com\", \"firstname\": \"chem\", \"last_login\": \"2025-02-26 12:44:12.280169\", \"date_joined\": \"2024-10-29 15:27:51.246683\", \"personal_id\": \"\", \"is_superuser\": 0, \"is_deactivated\": 0}','{\"email\": \"chem_labtech@gmail.com\", \"user_id\": \"13\", \"is_staff\": 0, \"lastname\": \"labtech\", \"password\": \"pbkdf2_sha256$870000$o2ygBuGHGmiMu3gZvdZLj9$kXnyPxGpKsguK/7RxvzP4EMHzY8h+RtpDORQZrR1RtU=\", \"username\": \"chem_labtech@gmail.com\", \"firstname\": \"chem\", \"last_login\": \"2025-03-04 11:48:48.055001\", \"date_joined\": \"2024-10-29 15:27:51.246683\", \"personal_id\": \"\", \"is_superuser\": 0, \"is_deactivated\": 0}'),(5,'UPDATE','2025-03-04 12:40:46',NULL,'20244396','{\"email\": \"chem_student@dlsu.edu.ph\", \"user_id\": \"20244396\", \"is_staff\": 0, \"lastname\": \"Student\", \"password\": \"pbkdf2_sha256$870000$WCRrEvCcW072Bp1Lxrf98r$QbRKStc/pj+qGGl4vAb6vuJZImEzLaEHsRy/Ec0sdSg=\", \"username\": \"ChemStudent\", \"firstname\": \"Chem\", \"last_login\": \"2025-03-04 11:33:28.428760\", \"date_joined\": \"2024-11-18 07:22:49.415580\", \"personal_id\": \"None\", \"is_superuser\": 0, \"is_deactivated\": 0}','{\"email\": \"chem_student@dlsu.edu.ph\", \"user_id\": \"20244396\", \"is_staff\": 0, \"lastname\": \"Student\", \"password\": \"pbkdf2_sha256$870000$WCRrEvCcW072Bp1Lxrf98r$QbRKStc/pj+qGGl4vAb6vuJZImEzLaEHsRy/Ec0sdSg=\", \"username\": \"ChemStudent\", \"firstname\": \"Chem\", \"last_login\": \"2025-03-04 12:40:46.266437\", \"date_joined\": \"2024-11-18 07:22:49.415580\", \"personal_id\": \"None\", \"is_superuser\": 0, \"is_deactivated\": 0}'),(6,'UPDATE','2025-03-04 12:47:50',NULL,'13','{\"email\": \"chem_labtech@gmail.com\", \"user_id\": \"13\", \"is_staff\": 0, \"lastname\": \"labtech\", \"password\": \"pbkdf2_sha256$870000$o2ygBuGHGmiMu3gZvdZLj9$kXnyPxGpKsguK/7RxvzP4EMHzY8h+RtpDORQZrR1RtU=\", \"username\": \"chem_labtech@gmail.com\", \"firstname\": \"chem\", \"last_login\": \"2025-03-04 11:48:48.055001\", \"date_joined\": \"2024-10-29 15:27:51.246683\", \"personal_id\": \"\", \"is_superuser\": 0, \"is_deactivated\": 0}','{\"email\": \"chem_labtech@gmail.com\", \"user_id\": \"13\", \"is_staff\": 0, \"lastname\": \"labtech\", \"password\": \"pbkdf2_sha256$870000$o2ygBuGHGmiMu3gZvdZLj9$kXnyPxGpKsguK/7RxvzP4EMHzY8h+RtpDORQZrR1RtU=\", \"username\": \"chem_labtech@gmail.com\", \"firstname\": \"chem\", \"last_login\": \"2025-03-04 12:47:50.883518\", \"date_joined\": \"2024-10-29 15:27:51.246683\", \"personal_id\": \"\", \"is_superuser\": 0, \"is_deactivated\": 0}'),(7,'UPDATE','2025-03-05 07:49:17',NULL,'2','{\"email\": \"kenneth_uy@dlsu.edu.ph\", \"user_id\": \"2\", \"is_staff\": 0, \"lastname\": \"uy\", \"password\": \"\", \"username\": \"kenneth_uy\", \"firstname\": \"ken\", \"last_login\": \"2025-02-28 09:59:54.657033\", \"date_joined\": \"2024-10-28 09:45:35.136035\", \"personal_id\": \"12027774\", \"is_superuser\": 0, \"is_deactivated\": 0}','{\"email\": \"kenneth_uy@dlsu.edu.ph\", \"user_id\": \"2\", \"is_staff\": 0, \"lastname\": \"uy\", \"password\": \"\", \"username\": \"kenneth_uy\", \"firstname\": \"ken\", \"last_login\": \"2025-03-05 07:49:17.846115\", \"date_joined\": \"2024-10-28 09:45:35.136035\", \"personal_id\": \"12027774\", \"is_superuser\": 0, \"is_deactivated\": 0}'),(8,'UPDATE','2025-03-05 07:51:55',NULL,'11','{\"email\": \"chem_labcoord@gmail.com\", \"user_id\": \"11\", \"is_staff\": 0, \"lastname\": \"labcoord\", \"password\": \"pbkdf2_sha256$870000$Mbz7qJhLtF7P6OM7s27xjI$03Ki/O3jwVri9lMNJjYCR8iShM0LCm3bSlHqGIFsmwE=\", \"username\": \"chem_labcoord@gmail.com\", \"firstname\": \"chem\", \"last_login\": \"2025-03-04 11:47:18.241499\", \"date_joined\": \"2024-10-29 16:06:45.001248\", \"personal_id\": \"\", \"is_superuser\": 0, \"is_deactivated\": 0}','{\"email\": \"chem_labcoord@gmail.com\", \"user_id\": \"11\", \"is_staff\": 0, \"lastname\": \"labcoord\", \"password\": \"pbkdf2_sha256$870000$Mbz7qJhLtF7P6OM7s27xjI$03Ki/O3jwVri9lMNJjYCR8iShM0LCm3bSlHqGIFsmwE=\", \"username\": \"chem_labcoord@gmail.com\", \"firstname\": \"chem\", \"last_login\": \"2025-03-05 07:51:55.601229\", \"date_joined\": \"2024-10-29 16:06:45.001248\", \"personal_id\": \"\", \"is_superuser\": 0, \"is_deactivated\": 0}'),(9,'UPDATE','2025-03-05 07:57:45',NULL,'11','{\"email\": \"chem_labcoord@gmail.com\", \"user_id\": \"11\", \"is_staff\": 0, \"lastname\": \"labcoord\", \"password\": \"pbkdf2_sha256$870000$Mbz7qJhLtF7P6OM7s27xjI$03Ki/O3jwVri9lMNJjYCR8iShM0LCm3bSlHqGIFsmwE=\", \"username\": \"chem_labcoord@gmail.com\", \"firstname\": \"chem\", \"last_login\": \"2025-03-05 07:51:55.601229\", \"date_joined\": \"2024-10-29 16:06:45.001248\", \"personal_id\": \"\", \"is_superuser\": 0, \"is_deactivated\": 0}','{\"email\": \"chem_labcoord@gmail.com\", \"user_id\": \"11\", \"is_staff\": 0, \"lastname\": \"labcoord\", \"password\": \"pbkdf2_sha256$870000$Mbz7qJhLtF7P6OM7s27xjI$03Ki/O3jwVri9lMNJjYCR8iShM0LCm3bSlHqGIFsmwE=\", \"username\": \"chem_labcoord@gmail.com\", \"firstname\": \"chem\", \"last_login\": \"2025-03-05 07:57:45.418759\", \"date_joined\": \"2024-10-29 16:06:45.001248\", \"personal_id\": \"\", \"is_superuser\": 0, \"is_deactivated\": 0}'),(10,'UPDATE','2025-03-05 08:07:53',NULL,'2','{\"email\": \"kenneth_uy@dlsu.edu.ph\", \"user_id\": \"2\", \"is_staff\": 0, \"lastname\": \"uy\", \"password\": \"\", \"username\": \"kenneth_uy\", \"firstname\": \"ken\", \"last_login\": \"2025-03-05 07:49:17.846115\", \"date_joined\": \"2024-10-28 09:45:35.136035\", \"personal_id\": \"12027774\", \"is_superuser\": 0, \"is_deactivated\": 0}','{\"email\": \"kenneth_uy@dlsu.edu.ph\", \"user_id\": \"2\", \"is_staff\": 0, \"lastname\": \"uy\", \"password\": \"\", \"username\": \"kenneth_uy\", \"firstname\": \"ken\", \"last_login\": \"2025-03-05 08:07:53.098131\", \"date_joined\": \"2024-10-28 09:45:35.136035\", \"personal_id\": \"12027774\", \"is_superuser\": 0, \"is_deactivated\": 0}'),(11,'UPDATE','2025-03-05 08:16:01',NULL,'2','{\"email\": \"kenneth_uy@dlsu.edu.ph\", \"user_id\": \"2\", \"is_staff\": 0, \"lastname\": \"uy\", \"password\": \"\", \"username\": \"kenneth_uy\", \"firstname\": \"ken\", \"last_login\": \"2025-03-05 08:07:53.098131\", \"date_joined\": \"2024-10-28 09:45:35.136035\", \"personal_id\": \"12027774\", \"is_superuser\": 0, \"is_deactivated\": 0}','{\"email\": \"kenneth_uy@dlsu.edu.ph\", \"user_id\": \"2\", \"is_staff\": 0, \"lastname\": \"uy\", \"password\": \"\", \"username\": \"kenneth_uy\", \"firstname\": \"ken\", \"last_login\": \"2025-03-05 08:16:02.464076\", \"date_joined\": \"2024-10-28 09:45:35.136035\", \"personal_id\": \"12027774\", \"is_superuser\": 0, \"is_deactivated\": 0}'),(12,'UPDATE','2025-03-05 12:30:58',NULL,'13','{\"email\": \"chem_labtech@gmail.com\", \"user_id\": \"13\", \"is_staff\": 0, \"lastname\": \"labtech\", \"password\": \"pbkdf2_sha256$870000$o2ygBuGHGmiMu3gZvdZLj9$kXnyPxGpKsguK/7RxvzP4EMHzY8h+RtpDORQZrR1RtU=\", \"username\": \"chem_labtech@gmail.com\", \"firstname\": \"chem\", \"last_login\": \"2025-03-04 12:47:50.883518\", \"date_joined\": \"2024-10-29 15:27:51.246683\", \"personal_id\": \"\", \"is_superuser\": 0, \"is_deactivated\": 0}','{\"email\": \"chem_labtech@gmail.com\", \"user_id\": \"13\", \"is_staff\": 0, \"lastname\": \"labtech\", \"password\": \"pbkdf2_sha256$870000$o2ygBuGHGmiMu3gZvdZLj9$kXnyPxGpKsguK/7RxvzP4EMHzY8h+RtpDORQZrR1RtU=\", \"username\": \"chem_labtech@gmail.com\", \"firstname\": \"chem\", \"last_login\": \"2025-03-05 12:30:58.275778\", \"date_joined\": \"2024-10-29 15:27:51.246683\", \"personal_id\": \"\", \"is_superuser\": 0, \"is_deactivated\": 0}'),(13,'UPDATE','2025-03-05 12:31:14',NULL,'11','{\"email\": \"chem_labcoord@gmail.com\", \"user_id\": \"11\", \"is_staff\": 0, \"lastname\": \"labcoord\", \"password\": \"pbkdf2_sha256$870000$Mbz7qJhLtF7P6OM7s27xjI$03Ki/O3jwVri9lMNJjYCR8iShM0LCm3bSlHqGIFsmwE=\", \"username\": \"chem_labcoord@gmail.com\", \"firstname\": \"chem\", \"last_login\": \"2025-03-05 07:57:45.418759\", \"date_joined\": \"2024-10-29 16:06:45.001248\", \"personal_id\": \"\", \"is_superuser\": 0, \"is_deactivated\": 0}','{\"email\": \"chem_labcoord@gmail.com\", \"user_id\": \"11\", \"is_staff\": 0, \"lastname\": \"labcoord\", \"password\": \"pbkdf2_sha256$870000$Mbz7qJhLtF7P6OM7s27xjI$03Ki/O3jwVri9lMNJjYCR8iShM0LCm3bSlHqGIFsmwE=\", \"username\": \"chem_labcoord@gmail.com\", \"firstname\": \"chem\", \"last_login\": \"2025-03-05 12:31:14.597986\", \"date_joined\": \"2024-10-29 16:06:45.001248\", \"personal_id\": \"\", \"is_superuser\": 0, \"is_deactivated\": 0}'),(14,'UPDATE','2025-03-05 12:44:02',NULL,'13','{\"email\": \"chem_labtech@gmail.com\", \"user_id\": \"13\", \"is_staff\": 0, \"lastname\": \"labtech\", \"password\": \"pbkdf2_sha256$870000$o2ygBuGHGmiMu3gZvdZLj9$kXnyPxGpKsguK/7RxvzP4EMHzY8h+RtpDORQZrR1RtU=\", \"username\": \"chem_labtech@gmail.com\", \"firstname\": \"chem\", \"last_login\": \"2025-03-05 12:30:58.275778\", \"date_joined\": \"2024-10-29 15:27:51.246683\", \"personal_id\": \"\", \"is_superuser\": 0, \"is_deactivated\": 0}','{\"email\": \"chem_labtech@gmail.com\", \"user_id\": \"13\", \"is_staff\": 0, \"lastname\": \"labtech\", \"password\": \"pbkdf2_sha256$870000$o2ygBuGHGmiMu3gZvdZLj9$kXnyPxGpKsguK/7RxvzP4EMHzY8h+RtpDORQZrR1RtU=\", \"username\": \"chem_labtech@gmail.com\", \"firstname\": \"chem\", \"last_login\": \"2025-03-05 12:44:02.225732\", \"date_joined\": \"2024-10-29 15:27:51.246683\", \"personal_id\": \"\", \"is_superuser\": 0, \"is_deactivated\": 0}'),(15,'UPDATE','2025-03-05 12:44:20',NULL,'13','{\"email\": \"chem_labtech@gmail.com\", \"user_id\": \"13\", \"is_staff\": 0, \"lastname\": \"labtech\", \"password\": \"pbkdf2_sha256$870000$o2ygBuGHGmiMu3gZvdZLj9$kXnyPxGpKsguK/7RxvzP4EMHzY8h+RtpDORQZrR1RtU=\", \"username\": \"chem_labtech@gmail.com\", \"firstname\": \"chem\", \"last_login\": \"2025-03-05 12:44:02.225732\", \"date_joined\": \"2024-10-29 15:27:51.246683\", \"personal_id\": \"\", \"is_superuser\": 0, \"is_deactivated\": 0}','{\"email\": \"chem_labtech@gmail.com\", \"user_id\": \"13\", \"is_staff\": 0, \"lastname\": \"labtech\", \"password\": \"pbkdf2_sha256$870000$o2ygBuGHGmiMu3gZvdZLj9$kXnyPxGpKsguK/7RxvzP4EMHzY8h+RtpDORQZrR1RtU=\", \"username\": \"chem_labtech@gmail.com\", \"firstname\": \"chem\", \"last_login\": \"2025-03-05 12:44:20.028873\", \"date_joined\": \"2024-10-29 15:27:51.246683\", \"personal_id\": \"\", \"is_superuser\": 0, \"is_deactivated\": 0}'),(16,'UPDATE','2025-03-05 12:46:30',NULL,'1','{\"email\": \"system.admin@dlsu.edu.ph\", \"user_id\": \"1\", \"is_staff\": 1, \"lastname\": \"Admin\", \"password\": \"pbkdf2_sha256$870000$CIsd1eN4rhiUOrAIoTbzhk$+dywwKDSbWGq7a/WEFQRXJ9+W46EFTfleRFHlyDd17I=\", \"username\": \"system.admin@dlsu.edu.ph\", \"firstname\": \"System\", \"last_login\": \"2025-03-01 14:05:12.858171\", \"date_joined\": \"2024-10-31 06:36:08.067298\", \"personal_id\": \"1202\", \"is_superuser\": 1, \"is_deactivated\": 0}','{\"email\": \"system.admin@dlsu.edu.ph\", \"user_id\": \"1\", \"is_staff\": 1, \"lastname\": \"Admin\", \"password\": \"pbkdf2_sha256$870000$CIsd1eN4rhiUOrAIoTbzhk$+dywwKDSbWGq7a/WEFQRXJ9+W46EFTfleRFHlyDd17I=\", \"username\": \"system.admin@dlsu.edu.ph\", \"firstname\": \"System\", \"last_login\": \"2025-03-05 12:46:30.805234\", \"date_joined\": \"2024-10-31 06:36:08.067298\", \"personal_id\": \"1202\", \"is_superuser\": 1, \"is_deactivated\": 0}'),(17,'UPDATE','2025-03-05 12:47:53',NULL,'20244396','{\"email\": \"chem_student@dlsu.edu.ph\", \"user_id\": \"20244396\", \"is_staff\": 0, \"lastname\": \"Student\", \"password\": \"pbkdf2_sha256$870000$WCRrEvCcW072Bp1Lxrf98r$QbRKStc/pj+qGGl4vAb6vuJZImEzLaEHsRy/Ec0sdSg=\", \"username\": \"ChemStudent\", \"firstname\": \"Chem\", \"last_login\": \"2025-03-04 12:40:46.266437\", \"date_joined\": \"2024-11-18 07:22:49.415580\", \"personal_id\": \"None\", \"is_superuser\": 0, \"is_deactivated\": 0}','{\"email\": \"chem_student@dlsu.edu.ph\", \"user_id\": \"20244396\", \"is_staff\": 0, \"lastname\": \"Student\", \"password\": \"pbkdf2_sha256$870000$WCRrEvCcW072Bp1Lxrf98r$QbRKStc/pj+qGGl4vAb6vuJZImEzLaEHsRy/Ec0sdSg=\", \"username\": \"ChemStudent\", \"firstname\": \"Chem\", \"last_login\": \"2025-03-05 12:47:53.076132\", \"date_joined\": \"2024-11-18 07:22:49.415580\", \"personal_id\": \"None\", \"is_superuser\": 0, \"is_deactivated\": 0}'),(18,'UPDATE','2025-03-05 12:48:25',NULL,'11','{\"email\": \"chem_labcoord@gmail.com\", \"user_id\": \"11\", \"is_staff\": 0, \"lastname\": \"labcoord\", \"password\": \"pbkdf2_sha256$870000$Mbz7qJhLtF7P6OM7s27xjI$03Ki/O3jwVri9lMNJjYCR8iShM0LCm3bSlHqGIFsmwE=\", \"username\": \"chem_labcoord@gmail.com\", \"firstname\": \"chem\", \"last_login\": \"2025-03-05 12:31:14.597986\", \"date_joined\": \"2024-10-29 16:06:45.001248\", \"personal_id\": \"\", \"is_superuser\": 0, \"is_deactivated\": 0}','{\"email\": \"chem_labcoord@gmail.com\", \"user_id\": \"11\", \"is_staff\": 0, \"lastname\": \"labcoord\", \"password\": \"pbkdf2_sha256$870000$Mbz7qJhLtF7P6OM7s27xjI$03Ki/O3jwVri9lMNJjYCR8iShM0LCm3bSlHqGIFsmwE=\", \"username\": \"chem_labcoord@gmail.com\", \"firstname\": \"chem\", \"last_login\": \"2025-03-05 12:48:25.495735\", \"date_joined\": \"2024-10-29 16:06:45.001248\", \"personal_id\": \"\", \"is_superuser\": 0, \"is_deactivated\": 0}'),(19,'UPDATE','2025-03-05 12:49:33',NULL,'13','{\"email\": \"chem_labtech@gmail.com\", \"user_id\": \"13\", \"is_staff\": 0, \"lastname\": \"labtech\", \"password\": \"pbkdf2_sha256$870000$o2ygBuGHGmiMu3gZvdZLj9$kXnyPxGpKsguK/7RxvzP4EMHzY8h+RtpDORQZrR1RtU=\", \"username\": \"chem_labtech@gmail.com\", \"firstname\": \"chem\", \"last_login\": \"2025-03-05 12:44:20.028873\", \"date_joined\": \"2024-10-29 15:27:51.246683\", \"personal_id\": \"\", \"is_superuser\": 0, \"is_deactivated\": 0}','{\"email\": \"chem_labtech@gmail.com\", \"user_id\": \"13\", \"is_staff\": 0, \"lastname\": \"labtech\", \"password\": \"pbkdf2_sha256$870000$o2ygBuGHGmiMu3gZvdZLj9$kXnyPxGpKsguK/7RxvzP4EMHzY8h+RtpDORQZrR1RtU=\", \"username\": \"chem_labtech@gmail.com\", \"firstname\": \"chem\", \"last_login\": \"2025-03-05 12:49:33.850520\", \"date_joined\": \"2024-10-29 15:27:51.246683\", \"personal_id\": \"\", \"is_superuser\": 0, \"is_deactivated\": 0}'),(20,'UPDATE','2025-03-05 12:49:45',NULL,'20244396','{\"email\": \"chem_student@dlsu.edu.ph\", \"user_id\": \"20244396\", \"is_staff\": 0, \"lastname\": \"Student\", \"password\": \"pbkdf2_sha256$870000$WCRrEvCcW072Bp1Lxrf98r$QbRKStc/pj+qGGl4vAb6vuJZImEzLaEHsRy/Ec0sdSg=\", \"username\": \"ChemStudent\", \"firstname\": \"Chem\", \"last_login\": \"2025-03-05 12:47:53.076132\", \"date_joined\": \"2024-11-18 07:22:49.415580\", \"personal_id\": \"None\", \"is_superuser\": 0, \"is_deactivated\": 0}','{\"email\": \"chem_student@dlsu.edu.ph\", \"user_id\": \"20244396\", \"is_staff\": 0, \"lastname\": \"Student\", \"password\": \"pbkdf2_sha256$870000$WCRrEvCcW072Bp1Lxrf98r$QbRKStc/pj+qGGl4vAb6vuJZImEzLaEHsRy/Ec0sdSg=\", \"username\": \"ChemStudent\", \"firstname\": \"Chem\", \"last_login\": \"2025-03-05 12:49:45.867913\", \"date_joined\": \"2024-11-18 07:22:49.415580\", \"personal_id\": \"None\", \"is_superuser\": 0, \"is_deactivated\": 0}'),(21,'UPDATE','2025-03-05 12:53:25',NULL,'13','{\"email\": \"chem_labtech@gmail.com\", \"user_id\": \"13\", \"is_staff\": 0, \"lastname\": \"labtech\", \"password\": \"pbkdf2_sha256$870000$o2ygBuGHGmiMu3gZvdZLj9$kXnyPxGpKsguK/7RxvzP4EMHzY8h+RtpDORQZrR1RtU=\", \"username\": \"chem_labtech@gmail.com\", \"firstname\": \"chem\", \"last_login\": \"2025-03-05 12:49:33.850520\", \"date_joined\": \"2024-10-29 15:27:51.246683\", \"personal_id\": \"\", \"is_superuser\": 0, \"is_deactivated\": 0}','{\"email\": \"chem_labtech@gmail.com\", \"user_id\": \"13\", \"is_staff\": 0, \"lastname\": \"labtech\", \"password\": \"pbkdf2_sha256$870000$o2ygBuGHGmiMu3gZvdZLj9$kXnyPxGpKsguK/7RxvzP4EMHzY8h+RtpDORQZrR1RtU=\", \"username\": \"chem_labtech@gmail.com\", \"firstname\": \"chem\", \"last_login\": \"2025-03-05 12:53:25.406104\", \"date_joined\": \"2024-10-29 15:27:51.246683\", \"personal_id\": \"\", \"is_superuser\": 0, \"is_deactivated\": 0}'),(22,'UPDATE','2025-03-05 12:54:24',NULL,'1','{\"email\": \"system.admin@dlsu.edu.ph\", \"user_id\": \"1\", \"is_staff\": 1, \"lastname\": \"Admin\", \"password\": \"pbkdf2_sha256$870000$CIsd1eN4rhiUOrAIoTbzhk$+dywwKDSbWGq7a/WEFQRXJ9+W46EFTfleRFHlyDd17I=\", \"username\": \"system.admin@dlsu.edu.ph\", \"firstname\": \"System\", \"last_login\": \"2025-03-05 12:46:30.805234\", \"date_joined\": \"2024-10-31 06:36:08.067298\", \"personal_id\": \"1202\", \"is_superuser\": 1, \"is_deactivated\": 0}','{\"email\": \"system.admin@dlsu.edu.ph\", \"user_id\": \"1\", \"is_staff\": 1, \"lastname\": \"Admin\", \"password\": \"pbkdf2_sha256$870000$CIsd1eN4rhiUOrAIoTbzhk$+dywwKDSbWGq7a/WEFQRXJ9+W46EFTfleRFHlyDd17I=\", \"username\": \"system.admin@dlsu.edu.ph\", \"firstname\": \"System\", \"last_login\": \"2025-03-05 12:54:24.777924\", \"date_joined\": \"2024-10-31 06:36:08.067298\", \"personal_id\": \"1202\", \"is_superuser\": 1, \"is_deactivated\": 0}'),(23,'UPDATE','2025-03-05 12:55:17',NULL,'11','{\"email\": \"chem_labcoord@gmail.com\", \"user_id\": \"11\", \"is_staff\": 0, \"lastname\": \"labcoord\", \"password\": \"pbkdf2_sha256$870000$Mbz7qJhLtF7P6OM7s27xjI$03Ki/O3jwVri9lMNJjYCR8iShM0LCm3bSlHqGIFsmwE=\", \"username\": \"chem_labcoord@gmail.com\", \"firstname\": \"chem\", \"last_login\": \"2025-03-05 12:48:25.495735\", \"date_joined\": \"2024-10-29 16:06:45.001248\", \"personal_id\": \"\", \"is_superuser\": 0, \"is_deactivated\": 0}','{\"email\": \"chem_labcoord@gmail.com\", \"user_id\": \"11\", \"is_staff\": 0, \"lastname\": \"labcoord\", \"password\": \"pbkdf2_sha256$870000$Mbz7qJhLtF7P6OM7s27xjI$03Ki/O3jwVri9lMNJjYCR8iShM0LCm3bSlHqGIFsmwE=\", \"username\": \"chem_labcoord@gmail.com\", \"firstname\": \"chem\", \"last_login\": \"2025-03-05 12:55:17.786779\", \"date_joined\": \"2024-10-29 16:06:45.001248\", \"personal_id\": \"\", \"is_superuser\": 0, \"is_deactivated\": 0}'),(24,'UPDATE','2025-03-05 13:04:40',NULL,'11','{\"email\": \"chem_labcoord@gmail.com\", \"user_id\": \"11\", \"is_staff\": 0, \"lastname\": \"labcoord\", \"password\": \"pbkdf2_sha256$870000$Mbz7qJhLtF7P6OM7s27xjI$03Ki/O3jwVri9lMNJjYCR8iShM0LCm3bSlHqGIFsmwE=\", \"username\": \"chem_labcoord@gmail.com\", \"firstname\": \"chem\", \"last_login\": \"2025-03-05 12:55:17.786779\", \"date_joined\": \"2024-10-29 16:06:45.001248\", \"personal_id\": \"\", \"is_superuser\": 0, \"is_deactivated\": 0}','{\"email\": \"chem_labcoord@gmail.com\", \"user_id\": \"11\", \"is_staff\": 0, \"lastname\": \"labcoord\", \"password\": \"pbkdf2_sha256$870000$Mbz7qJhLtF7P6OM7s27xjI$03Ki/O3jwVri9lMNJjYCR8iShM0LCm3bSlHqGIFsmwE=\", \"username\": \"chem_labcoord@gmail.com\", \"firstname\": \"chem\", \"last_login\": \"2025-03-05 13:04:40.355878\", \"date_joined\": \"2024-10-29 16:06:45.001248\", \"personal_id\": \"\", \"is_superuser\": 0, \"is_deactivated\": 0}'),(25,'UPDATE','2025-03-05 13:23:20',NULL,'2','{\"email\": \"kenneth_uy@dlsu.edu.ph\", \"user_id\": \"2\", \"is_staff\": 0, \"lastname\": \"uy\", \"password\": \"\", \"username\": \"kenneth_uy\", \"firstname\": \"ken\", \"last_login\": \"2025-03-05 08:16:02.464076\", \"date_joined\": \"2024-10-28 09:45:35.136035\", \"personal_id\": \"12027774\", \"is_superuser\": 0, \"is_deactivated\": 0}','{\"email\": \"kenneth_uy@dlsu.edu.ph\", \"user_id\": \"2\", \"is_staff\": 0, \"lastname\": \"uy\", \"password\": \"\", \"username\": \"kenneth_uy\", \"firstname\": \"ken\", \"last_login\": \"2025-03-05 13:23:20.445398\", \"date_joined\": \"2024-10-28 09:45:35.136035\", \"personal_id\": \"12027774\", \"is_superuser\": 0, \"is_deactivated\": 0}'),(26,'UPDATE','2025-03-05 13:23:44',NULL,'2','{\"email\": \"kenneth_uy@dlsu.edu.ph\", \"user_id\": \"2\", \"is_staff\": 0, \"lastname\": \"uy\", \"password\": \"\", \"username\": \"kenneth_uy\", \"firstname\": \"ken\", \"last_login\": \"2025-03-05 13:23:20.445398\", \"date_joined\": \"2024-10-28 09:45:35.136035\", \"personal_id\": \"12027774\", \"is_superuser\": 0, \"is_deactivated\": 0}','{\"email\": \"kenneth_uy@dlsu.edu.ph\", \"user_id\": \"2\", \"is_staff\": 0, \"lastname\": \"uy\", \"password\": \"\", \"username\": \"kenneth_uy\", \"firstname\": \"ken\", \"last_login\": \"2025-03-05 13:23:44.804820\", \"date_joined\": \"2024-10-28 09:45:35.136035\", \"personal_id\": \"12027774\", \"is_superuser\": 0, \"is_deactivated\": 0}'),(27,'UPDATE','2025-03-05 13:23:57',NULL,'11','{\"email\": \"chem_labcoord@gmail.com\", \"user_id\": \"11\", \"is_staff\": 0, \"lastname\": \"labcoord\", \"password\": \"pbkdf2_sha256$870000$Mbz7qJhLtF7P6OM7s27xjI$03Ki/O3jwVri9lMNJjYCR8iShM0LCm3bSlHqGIFsmwE=\", \"username\": \"chem_labcoord@gmail.com\", \"firstname\": \"chem\", \"last_login\": \"2025-03-05 13:04:40.355878\", \"date_joined\": \"2024-10-29 16:06:45.001248\", \"personal_id\": \"\", \"is_superuser\": 0, \"is_deactivated\": 0}','{\"email\": \"chem_labcoord@gmail.com\", \"user_id\": \"11\", \"is_staff\": 0, \"lastname\": \"labcoord\", \"password\": \"pbkdf2_sha256$870000$Mbz7qJhLtF7P6OM7s27xjI$03Ki/O3jwVri9lMNJjYCR8iShM0LCm3bSlHqGIFsmwE=\", \"username\": \"chem_labcoord@gmail.com\", \"firstname\": \"chem\", \"last_login\": \"2025-03-05 13:23:57.082616\", \"date_joined\": \"2024-10-29 16:06:45.001248\", \"personal_id\": \"\", \"is_superuser\": 0, \"is_deactivated\": 0}'),(28,'UPDATE','2025-03-05 13:25:11',NULL,'2','{\"email\": \"kenneth_uy@dlsu.edu.ph\", \"user_id\": \"2\", \"is_staff\": 0, \"lastname\": \"uy\", \"password\": \"\", \"username\": \"kenneth_uy\", \"firstname\": \"ken\", \"last_login\": \"2025-03-05 13:23:44.804820\", \"date_joined\": \"2024-10-28 09:45:35.136035\", \"personal_id\": \"12027774\", \"is_superuser\": 0, \"is_deactivated\": 0}','{\"email\": \"kenneth_uy@dlsu.edu.ph\", \"user_id\": \"2\", \"is_staff\": 0, \"lastname\": \"uy\", \"password\": \"\", \"username\": \"kenneth_uy\", \"firstname\": \"ken\", \"last_login\": \"2025-03-05 13:25:10.910521\", \"date_joined\": \"2024-10-28 09:45:35.136035\", \"personal_id\": \"12027774\", \"is_superuser\": 0, \"is_deactivated\": 0}'),(29,'UPDATE','2025-03-05 13:39:02',NULL,'20244396','{\"email\": \"chem_student@dlsu.edu.ph\", \"user_id\": \"20244396\", \"is_staff\": 0, \"lastname\": \"Student\", \"password\": \"pbkdf2_sha256$870000$WCRrEvCcW072Bp1Lxrf98r$QbRKStc/pj+qGGl4vAb6vuJZImEzLaEHsRy/Ec0sdSg=\", \"username\": \"ChemStudent\", \"firstname\": \"Chem\", \"last_login\": \"2025-03-05 12:49:45.867913\", \"date_joined\": \"2024-11-18 07:22:49.415580\", \"personal_id\": \"None\", \"is_superuser\": 0, \"is_deactivated\": 0}','{\"email\": \"chem_student@dlsu.edu.ph\", \"user_id\": \"20244396\", \"is_staff\": 0, \"lastname\": \"Student\", \"password\": \"pbkdf2_sha256$870000$WCRrEvCcW072Bp1Lxrf98r$QbRKStc/pj+qGGl4vAb6vuJZImEzLaEHsRy/Ec0sdSg=\", \"username\": \"ChemStudent\", \"firstname\": \"Chem\", \"last_login\": \"2025-03-05 13:39:02.104025\", \"date_joined\": \"2024-11-18 07:22:49.415580\", \"personal_id\": \"None\", \"is_superuser\": 0, \"is_deactivated\": 0}'),(30,'UPDATE','2025-03-05 13:40:02',NULL,'13','{\"email\": \"chem_labtech@gmail.com\", \"user_id\": \"13\", \"is_staff\": 0, \"lastname\": \"labtech\", \"password\": \"pbkdf2_sha256$870000$o2ygBuGHGmiMu3gZvdZLj9$kXnyPxGpKsguK/7RxvzP4EMHzY8h+RtpDORQZrR1RtU=\", \"username\": \"chem_labtech@gmail.com\", \"firstname\": \"chem\", \"last_login\": \"2025-03-05 12:53:25.406104\", \"date_joined\": \"2024-10-29 15:27:51.246683\", \"personal_id\": \"\", \"is_superuser\": 0, \"is_deactivated\": 0}','{\"email\": \"chem_labtech@gmail.com\", \"user_id\": \"13\", \"is_staff\": 0, \"lastname\": \"labtech\", \"password\": \"pbkdf2_sha256$870000$o2ygBuGHGmiMu3gZvdZLj9$kXnyPxGpKsguK/7RxvzP4EMHzY8h+RtpDORQZrR1RtU=\", \"username\": \"chem_labtech@gmail.com\", \"firstname\": \"chem\", \"last_login\": \"2025-03-05 13:40:02.140122\", \"date_joined\": \"2024-10-29 15:27:51.246683\", \"personal_id\": \"\", \"is_superuser\": 0, \"is_deactivated\": 0}'),(31,'UPDATE','2025-03-05 13:41:26',NULL,'20244396','{\"email\": \"chem_student@dlsu.edu.ph\", \"user_id\": \"20244396\", \"is_staff\": 0, \"lastname\": \"Student\", \"password\": \"pbkdf2_sha256$870000$WCRrEvCcW072Bp1Lxrf98r$QbRKStc/pj+qGGl4vAb6vuJZImEzLaEHsRy/Ec0sdSg=\", \"username\": \"ChemStudent\", \"firstname\": \"Chem\", \"last_login\": \"2025-03-05 13:39:02.104025\", \"date_joined\": \"2024-11-18 07:22:49.415580\", \"personal_id\": \"None\", \"is_superuser\": 0, \"is_deactivated\": 0}','{\"email\": \"chem_student@dlsu.edu.ph\", \"user_id\": \"20244396\", \"is_staff\": 0, \"lastname\": \"Student\", \"password\": \"pbkdf2_sha256$870000$WCRrEvCcW072Bp1Lxrf98r$QbRKStc/pj+qGGl4vAb6vuJZImEzLaEHsRy/Ec0sdSg=\", \"username\": \"ChemStudent\", \"firstname\": \"Chem\", \"last_login\": \"2025-03-05 13:41:26.549331\", \"date_joined\": \"2024-11-18 07:22:49.415580\", \"personal_id\": \"None\", \"is_superuser\": 0, \"is_deactivated\": 0}'),(32,'UPDATE','2025-03-06 12:25:14',NULL,'20244396','{\"email\": \"chem_student@dlsu.edu.ph\", \"user_id\": \"20244396\", \"is_staff\": 0, \"lastname\": \"Student\", \"password\": \"pbkdf2_sha256$870000$WCRrEvCcW072Bp1Lxrf98r$QbRKStc/pj+qGGl4vAb6vuJZImEzLaEHsRy/Ec0sdSg=\", \"username\": \"ChemStudent\", \"firstname\": \"Chem\", \"last_login\": \"2025-03-05 13:41:26.549331\", \"date_joined\": \"2024-11-18 07:22:49.415580\", \"personal_id\": \"None\", \"is_superuser\": 0, \"is_deactivated\": 0}','{\"email\": \"chem_student@dlsu.edu.ph\", \"user_id\": \"20244396\", \"is_staff\": 0, \"lastname\": \"Student\", \"password\": \"pbkdf2_sha256$870000$WCRrEvCcW072Bp1Lxrf98r$QbRKStc/pj+qGGl4vAb6vuJZImEzLaEHsRy/Ec0sdSg=\", \"username\": \"ChemStudent\", \"firstname\": \"Chem\", \"last_login\": \"2025-03-06 12:25:14.459030\", \"date_joined\": \"2024-11-18 07:22:49.415580\", \"personal_id\": \"None\", \"is_superuser\": 0, \"is_deactivated\": 0}'),(33,'UPDATE','2025-03-06 12:28:00',NULL,'11','{\"email\": \"chem_labcoord@gmail.com\", \"user_id\": \"11\", \"is_staff\": 0, \"lastname\": \"labcoord\", \"password\": \"pbkdf2_sha256$870000$Mbz7qJhLtF7P6OM7s27xjI$03Ki/O3jwVri9lMNJjYCR8iShM0LCm3bSlHqGIFsmwE=\", \"username\": \"chem_labcoord@gmail.com\", \"firstname\": \"chem\", \"last_login\": \"2025-03-05 13:23:57.082616\", \"date_joined\": \"2024-10-29 16:06:45.001248\", \"personal_id\": \"\", \"is_superuser\": 0, \"is_deactivated\": 0}','{\"email\": \"chem_labcoord@gmail.com\", \"user_id\": \"11\", \"is_staff\": 0, \"lastname\": \"labcoord\", \"password\": \"pbkdf2_sha256$870000$Mbz7qJhLtF7P6OM7s27xjI$03Ki/O3jwVri9lMNJjYCR8iShM0LCm3bSlHqGIFsmwE=\", \"username\": \"chem_labcoord@gmail.com\", \"firstname\": \"chem\", \"last_login\": \"2025-03-06 12:28:00.542716\", \"date_joined\": \"2024-10-29 16:06:45.001248\", \"personal_id\": \"\", \"is_superuser\": 0, \"is_deactivated\": 0}'),(34,'UPDATE','2025-03-06 12:30:12',NULL,'20244396','{\"email\": \"chem_student@dlsu.edu.ph\", \"user_id\": \"20244396\", \"is_staff\": 0, \"lastname\": \"Student\", \"password\": \"pbkdf2_sha256$870000$WCRrEvCcW072Bp1Lxrf98r$QbRKStc/pj+qGGl4vAb6vuJZImEzLaEHsRy/Ec0sdSg=\", \"username\": \"ChemStudent\", \"firstname\": \"Chem\", \"last_login\": \"2025-03-06 12:25:14.459030\", \"date_joined\": \"2024-11-18 07:22:49.415580\", \"personal_id\": \"None\", \"is_superuser\": 0, \"is_deactivated\": 0}','{\"email\": \"chem_student@dlsu.edu.ph\", \"user_id\": \"20244396\", \"is_staff\": 0, \"lastname\": \"Student\", \"password\": \"pbkdf2_sha256$870000$WCRrEvCcW072Bp1Lxrf98r$QbRKStc/pj+qGGl4vAb6vuJZImEzLaEHsRy/Ec0sdSg=\", \"username\": \"ChemStudent\", \"firstname\": \"Chem\", \"last_login\": \"2025-03-06 12:30:12.230085\", \"date_joined\": \"2024-11-18 07:22:49.415580\", \"personal_id\": \"None\", \"is_superuser\": 0, \"is_deactivated\": 0}'),(35,'UPDATE','2025-03-06 12:32:45',NULL,'11','{\"email\": \"chem_labcoord@gmail.com\", \"user_id\": \"11\", \"is_staff\": 0, \"lastname\": \"labcoord\", \"password\": \"pbkdf2_sha256$870000$Mbz7qJhLtF7P6OM7s27xjI$03Ki/O3jwVri9lMNJjYCR8iShM0LCm3bSlHqGIFsmwE=\", \"username\": \"chem_labcoord@gmail.com\", \"firstname\": \"chem\", \"last_login\": \"2025-03-06 12:28:00.542716\", \"date_joined\": \"2024-10-29 16:06:45.001248\", \"personal_id\": \"\", \"is_superuser\": 0, \"is_deactivated\": 0}','{\"email\": \"chem_labcoord@gmail.com\", \"user_id\": \"11\", \"is_staff\": 0, \"lastname\": \"labcoord\", \"password\": \"pbkdf2_sha256$870000$Mbz7qJhLtF7P6OM7s27xjI$03Ki/O3jwVri9lMNJjYCR8iShM0LCm3bSlHqGIFsmwE=\", \"username\": \"chem_labcoord@gmail.com\", \"firstname\": \"chem\", \"last_login\": \"2025-03-06 12:32:45.369477\", \"date_joined\": \"2024-10-29 16:06:45.001248\", \"personal_id\": \"\", \"is_superuser\": 0, \"is_deactivated\": 0}'),(36,'UPDATE','2025-03-06 13:00:20',NULL,'2','{\"email\": \"kenneth_uy@dlsu.edu.ph\", \"user_id\": \"2\", \"is_staff\": 0, \"lastname\": \"uy\", \"password\": \"\", \"username\": \"kenneth_uy\", \"firstname\": \"ken\", \"last_login\": \"2025-03-05 13:25:10.910521\", \"date_joined\": \"2024-10-28 09:45:35.136035\", \"personal_id\": \"12027774\", \"is_superuser\": 0, \"is_deactivated\": 0}','{\"email\": \"kenneth_uy@dlsu.edu.ph\", \"user_id\": \"2\", \"is_staff\": 0, \"lastname\": \"uy\", \"password\": \"\", \"username\": \"kenneth_uy\", \"firstname\": \"ken\", \"last_login\": \"2025-03-06 13:00:20.482291\", \"date_joined\": \"2024-10-28 09:45:35.136035\", \"personal_id\": \"12027774\", \"is_superuser\": 0, \"is_deactivated\": 0}'),(37,'UPDATE','2025-03-06 13:01:21',NULL,'20244396','{\"email\": \"chem_student@dlsu.edu.ph\", \"user_id\": \"20244396\", \"is_staff\": 0, \"lastname\": \"Student\", \"password\": \"pbkdf2_sha256$870000$WCRrEvCcW072Bp1Lxrf98r$QbRKStc/pj+qGGl4vAb6vuJZImEzLaEHsRy/Ec0sdSg=\", \"username\": \"ChemStudent\", \"firstname\": \"Chem\", \"last_login\": \"2025-03-06 12:30:12.230085\", \"date_joined\": \"2024-11-18 07:22:49.415580\", \"personal_id\": \"None\", \"is_superuser\": 0, \"is_deactivated\": 0}','{\"email\": \"chem_student@dlsu.edu.ph\", \"user_id\": \"20244396\", \"is_staff\": 0, \"lastname\": \"Student\", \"password\": \"pbkdf2_sha256$870000$WCRrEvCcW072Bp1Lxrf98r$QbRKStc/pj+qGGl4vAb6vuJZImEzLaEHsRy/Ec0sdSg=\", \"username\": \"ChemStudent\", \"firstname\": \"Chem\", \"last_login\": \"2025-03-06 13:01:21.758654\", \"date_joined\": \"2024-11-18 07:22:49.415580\", \"personal_id\": \"None\", \"is_superuser\": 0, \"is_deactivated\": 0}'),(38,'UPDATE','2025-03-06 13:03:14',NULL,'13','{\"email\": \"chem_labtech@gmail.com\", \"user_id\": \"13\", \"is_staff\": 0, \"lastname\": \"labtech\", \"password\": \"pbkdf2_sha256$870000$o2ygBuGHGmiMu3gZvdZLj9$kXnyPxGpKsguK/7RxvzP4EMHzY8h+RtpDORQZrR1RtU=\", \"username\": \"chem_labtech@gmail.com\", \"firstname\": \"chem\", \"last_login\": \"2025-03-05 13:40:02.140122\", \"date_joined\": \"2024-10-29 15:27:51.246683\", \"personal_id\": \"\", \"is_superuser\": 0, \"is_deactivated\": 0}','{\"email\": \"chem_labtech@gmail.com\", \"user_id\": \"13\", \"is_staff\": 0, \"lastname\": \"labtech\", \"password\": \"pbkdf2_sha256$870000$o2ygBuGHGmiMu3gZvdZLj9$kXnyPxGpKsguK/7RxvzP4EMHzY8h+RtpDORQZrR1RtU=\", \"username\": \"chem_labtech@gmail.com\", \"firstname\": \"chem\", \"last_login\": \"2025-03-06 13:03:14.947360\", \"date_joined\": \"2024-10-29 15:27:51.246683\", \"personal_id\": \"\", \"is_superuser\": 0, \"is_deactivated\": 0}'),(39,'UPDATE','2025-03-06 13:03:56',NULL,'20244396','{\"email\": \"chem_student@dlsu.edu.ph\", \"user_id\": \"20244396\", \"is_staff\": 0, \"lastname\": \"Student\", \"password\": \"pbkdf2_sha256$870000$WCRrEvCcW072Bp1Lxrf98r$QbRKStc/pj+qGGl4vAb6vuJZImEzLaEHsRy/Ec0sdSg=\", \"username\": \"ChemStudent\", \"firstname\": \"Chem\", \"last_login\": \"2025-03-06 13:01:21.758654\", \"date_joined\": \"2024-11-18 07:22:49.415580\", \"personal_id\": \"None\", \"is_superuser\": 0, \"is_deactivated\": 0}','{\"email\": \"chem_student@dlsu.edu.ph\", \"user_id\": \"20244396\", \"is_staff\": 0, \"lastname\": \"Student\", \"password\": \"pbkdf2_sha256$870000$WCRrEvCcW072Bp1Lxrf98r$QbRKStc/pj+qGGl4vAb6vuJZImEzLaEHsRy/Ec0sdSg=\", \"username\": \"ChemStudent\", \"firstname\": \"Chem\", \"last_login\": \"2025-03-06 13:03:56.835276\", \"date_joined\": \"2024-11-18 07:22:49.415580\", \"personal_id\": \"None\", \"is_superuser\": 0, \"is_deactivated\": 0}'),(40,'UPDATE','2025-03-06 13:05:10','20244396','20244396','{\"email\": \"chem_student@dlsu.edu.ph\", \"user_id\": \"20244396\", \"is_staff\": 0, \"lastname\": \"Student\", \"password\": \"pbkdf2_sha256$870000$WCRrEvCcW072Bp1Lxrf98r$QbRKStc/pj+qGGl4vAb6vuJZImEzLaEHsRy/Ec0sdSg=\", \"username\": \"ChemStudent\", \"firstname\": \"Chem\", \"last_login\": \"2025-03-06 13:03:56.835276\", \"date_joined\": \"2024-11-18 07:22:49.415580\", \"personal_id\": \"None\", \"is_superuser\": 0, \"is_deactivated\": 0}','{\"email\": \"chem_student@dlsu.edu.ph\", \"user_id\": \"20244396\", \"is_staff\": 0, \"lastname\": \"Student\", \"password\": \"pbkdf2_sha256$870000$WCRrEvCcW072Bp1Lxrf98r$QbRKStc/pj+qGGl4vAb6vuJZImEzLaEHsRy/Ec0sdSg=\", \"username\": \"ChemStudent\", \"firstname\": \"Chem\", \"last_login\": \"2025-03-06 13:03:56.835276\", \"date_joined\": \"2024-11-18 07:22:49.415580\", \"personal_id\": \"12007889\", \"is_superuser\": 0, \"is_deactivated\": 0}'),(41,'UPDATE','2025-03-06 13:06:58',NULL,'13','{\"email\": \"chem_labtech@gmail.com\", \"user_id\": \"13\", \"is_staff\": 0, \"lastname\": \"labtech\", \"password\": \"pbkdf2_sha256$870000$o2ygBuGHGmiMu3gZvdZLj9$kXnyPxGpKsguK/7RxvzP4EMHzY8h+RtpDORQZrR1RtU=\", \"username\": \"chem_labtech@gmail.com\", \"firstname\": \"chem\", \"last_login\": \"2025-03-06 13:03:14.947360\", \"date_joined\": \"2024-10-29 15:27:51.246683\", \"personal_id\": \"\", \"is_superuser\": 0, \"is_deactivated\": 0}','{\"email\": \"chem_labtech@gmail.com\", \"user_id\": \"13\", \"is_staff\": 0, \"lastname\": \"labtech\", \"password\": \"pbkdf2_sha256$870000$o2ygBuGHGmiMu3gZvdZLj9$kXnyPxGpKsguK/7RxvzP4EMHzY8h+RtpDORQZrR1RtU=\", \"username\": \"chem_labtech@gmail.com\", \"firstname\": \"chem\", \"last_login\": \"2025-03-06 13:06:58.451634\", \"date_joined\": \"2024-10-29 15:27:51.246683\", \"personal_id\": \"\", \"is_superuser\": 0, \"is_deactivated\": 0}'),(42,'UPDATE','2025-03-06 14:04:32',NULL,'20249750','{\"email\": \"juancrooz@dlsu.edu.ph\", \"user_id\": \"20249750\", \"is_staff\": 0, \"lastname\": \"Crooz\", \"password\": \"pbkdf2_sha256$870000$sL6kRxak28j7NWp5GsCuk2$FXOgSu+UE5mVUJSKFRWq03ltzNHyi6FcRvceQkUaUO4=\", \"username\": \"juancrooz@dlsu.edu.ph\", \"firstname\": \"Juan\", \"last_login\": \"2025-02-17 08:24:10.073201\", \"date_joined\": \"2024-11-19 00:56:34.178471\", \"personal_id\": \"12012345\", \"is_superuser\": 0, \"is_deactivated\": 0}','{\"email\": \"juancrooz@dlsu.edu.ph\", \"user_id\": \"20249750\", \"is_staff\": 0, \"lastname\": \"Crooz\", \"password\": \"pbkdf2_sha256$870000$sL6kRxak28j7NWp5GsCuk2$FXOgSu+UE5mVUJSKFRWq03ltzNHyi6FcRvceQkUaUO4=\", \"username\": \"juancrooz@dlsu.edu.ph\", \"firstname\": \"Juan\", \"last_login\": \"2025-03-06 14:04:32.128367\", \"date_joined\": \"2024-11-19 00:56:34.178471\", \"personal_id\": \"12012345\", \"is_superuser\": 0, \"is_deactivated\": 0}'),(43,'UPDATE','2025-03-06 14:34:16',NULL,'20244396','{\"email\": \"chem_student@dlsu.edu.ph\", \"user_id\": \"20244396\", \"is_staff\": 0, \"lastname\": \"Student\", \"password\": \"pbkdf2_sha256$870000$WCRrEvCcW072Bp1Lxrf98r$QbRKStc/pj+qGGl4vAb6vuJZImEzLaEHsRy/Ec0sdSg=\", \"username\": \"ChemStudent\", \"firstname\": \"Chem\", \"last_login\": \"2025-03-06 13:03:56.835276\", \"date_joined\": \"2024-11-18 07:22:49.415580\", \"personal_id\": \"12007889\", \"is_superuser\": 0, \"is_deactivated\": 0}','{\"email\": \"chem_student@dlsu.edu.ph\", \"user_id\": \"20244396\", \"is_staff\": 0, \"lastname\": \"Student\", \"password\": \"pbkdf2_sha256$870000$WCRrEvCcW072Bp1Lxrf98r$QbRKStc/pj+qGGl4vAb6vuJZImEzLaEHsRy/Ec0sdSg=\", \"username\": \"ChemStudent\", \"firstname\": \"Chem\", \"last_login\": \"2025-03-06 14:34:16.784524\", \"date_joined\": \"2024-11-18 07:22:49.415580\", \"personal_id\": \"12007889\", \"is_superuser\": 0, \"is_deactivated\": 0}'),(44,'UPDATE','2025-03-06 14:45:21',NULL,'13','{\"email\": \"chem_labtech@gmail.com\", \"user_id\": \"13\", \"is_staff\": 0, \"lastname\": \"labtech\", \"password\": \"pbkdf2_sha256$870000$o2ygBuGHGmiMu3gZvdZLj9$kXnyPxGpKsguK/7RxvzP4EMHzY8h+RtpDORQZrR1RtU=\", \"username\": \"chem_labtech@gmail.com\", \"firstname\": \"chem\", \"last_login\": \"2025-03-06 13:06:58.451634\", \"date_joined\": \"2024-10-29 15:27:51.246683\", \"personal_id\": \"\", \"is_superuser\": 0, \"is_deactivated\": 0}','{\"email\": \"chem_labtech@gmail.com\", \"user_id\": \"13\", \"is_staff\": 0, \"lastname\": \"labtech\", \"password\": \"pbkdf2_sha256$870000$o2ygBuGHGmiMu3gZvdZLj9$kXnyPxGpKsguK/7RxvzP4EMHzY8h+RtpDORQZrR1RtU=\", \"username\": \"chem_labtech@gmail.com\", \"firstname\": \"chem\", \"last_login\": \"2025-03-06 14:45:21.258716\", \"date_joined\": \"2024-10-29 15:27:51.246683\", \"personal_id\": \"\", \"is_superuser\": 0, \"is_deactivated\": 0}'),(45,'UPDATE','2025-03-06 14:52:22',NULL,'20244396','{\"email\": \"chem_student@dlsu.edu.ph\", \"user_id\": \"20244396\", \"is_staff\": 0, \"lastname\": \"Student\", \"password\": \"pbkdf2_sha256$870000$WCRrEvCcW072Bp1Lxrf98r$QbRKStc/pj+qGGl4vAb6vuJZImEzLaEHsRy/Ec0sdSg=\", \"username\": \"ChemStudent\", \"firstname\": \"Chem\", \"last_login\": \"2025-03-06 14:34:16.784524\", \"date_joined\": \"2024-11-18 07:22:49.415580\", \"personal_id\": \"12007889\", \"is_superuser\": 0, \"is_deactivated\": 0}','{\"email\": \"chem_student@dlsu.edu.ph\", \"user_id\": \"20244396\", \"is_staff\": 0, \"lastname\": \"Student\", \"password\": \"pbkdf2_sha256$870000$WCRrEvCcW072Bp1Lxrf98r$QbRKStc/pj+qGGl4vAb6vuJZImEzLaEHsRy/Ec0sdSg=\", \"username\": \"ChemStudent\", \"firstname\": \"Chem\", \"last_login\": \"2025-03-06 14:52:22.226313\", \"date_joined\": \"2024-11-18 07:22:49.415580\", \"personal_id\": \"12007889\", \"is_superuser\": 0, \"is_deactivated\": 0}'),(46,'UPDATE','2025-03-06 14:55:41',NULL,'13','{\"email\": \"chem_labtech@gmail.com\", \"user_id\": \"13\", \"is_staff\": 0, \"lastname\": \"labtech\", \"password\": \"pbkdf2_sha256$870000$o2ygBuGHGmiMu3gZvdZLj9$kXnyPxGpKsguK/7RxvzP4EMHzY8h+RtpDORQZrR1RtU=\", \"username\": \"chem_labtech@gmail.com\", \"firstname\": \"chem\", \"last_login\": \"2025-03-06 14:45:21.258716\", \"date_joined\": \"2024-10-29 15:27:51.246683\", \"personal_id\": \"\", \"is_superuser\": 0, \"is_deactivated\": 0}','{\"email\": \"chem_labtech@gmail.com\", \"user_id\": \"13\", \"is_staff\": 0, \"lastname\": \"labtech\", \"password\": \"pbkdf2_sha256$870000$o2ygBuGHGmiMu3gZvdZLj9$kXnyPxGpKsguK/7RxvzP4EMHzY8h+RtpDORQZrR1RtU=\", \"username\": \"chem_labtech@gmail.com\", \"firstname\": \"chem\", \"last_login\": \"2025-03-06 14:55:41.076298\", \"date_joined\": \"2024-10-29 15:27:51.246683\", \"personal_id\": \"\", \"is_superuser\": 0, \"is_deactivated\": 0}'),(47,'UPDATE','2025-03-06 14:57:04',NULL,'11','{\"email\": \"chem_labcoord@gmail.com\", \"user_id\": \"11\", \"is_staff\": 0, \"lastname\": \"labcoord\", \"password\": \"pbkdf2_sha256$870000$Mbz7qJhLtF7P6OM7s27xjI$03Ki/O3jwVri9lMNJjYCR8iShM0LCm3bSlHqGIFsmwE=\", \"username\": \"chem_labcoord@gmail.com\", \"firstname\": \"chem\", \"last_login\": \"2025-03-06 12:32:45.369477\", \"date_joined\": \"2024-10-29 16:06:45.001248\", \"personal_id\": \"\", \"is_superuser\": 0, \"is_deactivated\": 0}','{\"email\": \"chem_labcoord@gmail.com\", \"user_id\": \"11\", \"is_staff\": 0, \"lastname\": \"labcoord\", \"password\": \"pbkdf2_sha256$870000$Mbz7qJhLtF7P6OM7s27xjI$03Ki/O3jwVri9lMNJjYCR8iShM0LCm3bSlHqGIFsmwE=\", \"username\": \"chem_labcoord@gmail.com\", \"firstname\": \"chem\", \"last_login\": \"2025-03-06 14:57:04.835921\", \"date_joined\": \"2024-10-29 16:06:45.001248\", \"personal_id\": \"\", \"is_superuser\": 0, \"is_deactivated\": 0}'),(48,'UPDATE','2025-03-08 10:27:42',NULL,'11','{\"email\": \"chem_labcoord@gmail.com\", \"user_id\": \"11\", \"is_staff\": 0, \"lastname\": \"labcoord\", \"password\": \"pbkdf2_sha256$870000$Mbz7qJhLtF7P6OM7s27xjI$03Ki/O3jwVri9lMNJjYCR8iShM0LCm3bSlHqGIFsmwE=\", \"username\": \"chem_labcoord@gmail.com\", \"firstname\": \"chem\", \"last_login\": \"2025-03-06 14:57:04.835921\", \"date_joined\": \"2024-10-29 16:06:45.001248\", \"personal_id\": \"\", \"is_superuser\": 0, \"is_deactivated\": 0}','{\"email\": \"chem_labcoord@gmail.com\", \"user_id\": \"11\", \"is_staff\": 0, \"lastname\": \"labcoord\", \"password\": \"pbkdf2_sha256$870000$Mbz7qJhLtF7P6OM7s27xjI$03Ki/O3jwVri9lMNJjYCR8iShM0LCm3bSlHqGIFsmwE=\", \"username\": \"chem_labcoord@gmail.com\", \"firstname\": \"chem\", \"last_login\": \"2025-03-08 10:27:42.268022\", \"date_joined\": \"2024-10-29 16:06:45.001248\", \"personal_id\": \"\", \"is_superuser\": 0, \"is_deactivated\": 0}'),(49,'UPDATE','2025-03-08 10:32:32',NULL,'13','{\"email\": \"chem_labtech@gmail.com\", \"user_id\": \"13\", \"is_staff\": 0, \"lastname\": \"labtech\", \"password\": \"pbkdf2_sha256$870000$o2ygBuGHGmiMu3gZvdZLj9$kXnyPxGpKsguK/7RxvzP4EMHzY8h+RtpDORQZrR1RtU=\", \"username\": \"chem_labtech@gmail.com\", \"firstname\": \"chem\", \"last_login\": \"2025-03-06 14:55:41.076298\", \"date_joined\": \"2024-10-29 15:27:51.246683\", \"personal_id\": \"\", \"is_superuser\": 0, \"is_deactivated\": 0}','{\"email\": \"chem_labtech@gmail.com\", \"user_id\": \"13\", \"is_staff\": 0, \"lastname\": \"labtech\", \"password\": \"pbkdf2_sha256$870000$o2ygBuGHGmiMu3gZvdZLj9$kXnyPxGpKsguK/7RxvzP4EMHzY8h+RtpDORQZrR1RtU=\", \"username\": \"chem_labtech@gmail.com\", \"firstname\": \"chem\", \"last_login\": \"2025-03-08 10:32:32.350373\", \"date_joined\": \"2024-10-29 15:27:51.246683\", \"personal_id\": \"\", \"is_superuser\": 0, \"is_deactivated\": 0}'),(50,'UPDATE','2025-03-08 10:40:57',NULL,'20244396','{\"email\": \"chem_student@dlsu.edu.ph\", \"user_id\": \"20244396\", \"is_staff\": 0, \"lastname\": \"Student\", \"password\": \"pbkdf2_sha256$870000$WCRrEvCcW072Bp1Lxrf98r$QbRKStc/pj+qGGl4vAb6vuJZImEzLaEHsRy/Ec0sdSg=\", \"username\": \"ChemStudent\", \"firstname\": \"Chem\", \"last_login\": \"2025-03-06 14:52:22.226313\", \"date_joined\": \"2024-11-18 07:22:49.415580\", \"personal_id\": \"12007889\", \"is_superuser\": 0, \"is_deactivated\": 0}','{\"email\": \"chem_student@dlsu.edu.ph\", \"user_id\": \"20244396\", \"is_staff\": 0, \"lastname\": \"Student\", \"password\": \"pbkdf2_sha256$870000$WCRrEvCcW072Bp1Lxrf98r$QbRKStc/pj+qGGl4vAb6vuJZImEzLaEHsRy/Ec0sdSg=\", \"username\": \"ChemStudent\", \"firstname\": \"Chem\", \"last_login\": \"2025-03-08 10:40:57.381533\", \"date_joined\": \"2024-11-18 07:22:49.415580\", \"personal_id\": \"12007889\", \"is_superuser\": 0, \"is_deactivated\": 0}'),(51,'UPDATE','2025-03-08 10:44:52',NULL,'11','{\"email\": \"chem_labcoord@gmail.com\", \"user_id\": \"11\", \"is_staff\": 0, \"lastname\": \"labcoord\", \"password\": \"pbkdf2_sha256$870000$Mbz7qJhLtF7P6OM7s27xjI$03Ki/O3jwVri9lMNJjYCR8iShM0LCm3bSlHqGIFsmwE=\", \"username\": \"chem_labcoord@gmail.com\", \"firstname\": \"chem\", \"last_login\": \"2025-03-08 10:27:42.268022\", \"date_joined\": \"2024-10-29 16:06:45.001248\", \"personal_id\": \"\", \"is_superuser\": 0, \"is_deactivated\": 0}','{\"email\": \"chem_labcoord@gmail.com\", \"user_id\": \"11\", \"is_staff\": 0, \"lastname\": \"labcoord\", \"password\": \"pbkdf2_sha256$870000$Mbz7qJhLtF7P6OM7s27xjI$03Ki/O3jwVri9lMNJjYCR8iShM0LCm3bSlHqGIFsmwE=\", \"username\": \"chem_labcoord@gmail.com\", \"firstname\": \"chem\", \"last_login\": \"2025-03-08 10:44:52.332676\", \"date_joined\": \"2024-10-29 16:06:45.001248\", \"personal_id\": \"\", \"is_superuser\": 0, \"is_deactivated\": 0}'),(52,'UPDATE','2025-03-08 10:46:06',NULL,'20244396','{\"email\": \"chem_student@dlsu.edu.ph\", \"user_id\": \"20244396\", \"is_staff\": 0, \"lastname\": \"Student\", \"password\": \"pbkdf2_sha256$870000$WCRrEvCcW072Bp1Lxrf98r$QbRKStc/pj+qGGl4vAb6vuJZImEzLaEHsRy/Ec0sdSg=\", \"username\": \"ChemStudent\", \"firstname\": \"Chem\", \"last_login\": \"2025-03-08 10:40:57.381533\", \"date_joined\": \"2024-11-18 07:22:49.415580\", \"personal_id\": \"12007889\", \"is_superuser\": 0, \"is_deactivated\": 0}','{\"email\": \"chem_student@dlsu.edu.ph\", \"user_id\": \"20244396\", \"is_staff\": 0, \"lastname\": \"Student\", \"password\": \"pbkdf2_sha256$870000$WCRrEvCcW072Bp1Lxrf98r$QbRKStc/pj+qGGl4vAb6vuJZImEzLaEHsRy/Ec0sdSg=\", \"username\": \"ChemStudent\", \"firstname\": \"Chem\", \"last_login\": \"2025-03-08 10:46:06.622370\", \"date_joined\": \"2024-11-18 07:22:49.415580\", \"personal_id\": \"12007889\", \"is_superuser\": 0, \"is_deactivated\": 0}'),(53,'UPDATE','2025-03-08 10:54:49',NULL,'11','{\"email\": \"chem_labcoord@gmail.com\", \"user_id\": \"11\", \"is_staff\": 0, \"lastname\": \"labcoord\", \"password\": \"pbkdf2_sha256$870000$Mbz7qJhLtF7P6OM7s27xjI$03Ki/O3jwVri9lMNJjYCR8iShM0LCm3bSlHqGIFsmwE=\", \"username\": \"chem_labcoord@gmail.com\", \"firstname\": \"chem\", \"last_login\": \"2025-03-08 10:44:52.332676\", \"date_joined\": \"2024-10-29 16:06:45.001248\", \"personal_id\": \"\", \"is_superuser\": 0, \"is_deactivated\": 0}','{\"email\": \"chem_labcoord@gmail.com\", \"user_id\": \"11\", \"is_staff\": 0, \"lastname\": \"labcoord\", \"password\": \"pbkdf2_sha256$870000$Mbz7qJhLtF7P6OM7s27xjI$03Ki/O3jwVri9lMNJjYCR8iShM0LCm3bSlHqGIFsmwE=\", \"username\": \"chem_labcoord@gmail.com\", \"firstname\": \"chem\", \"last_login\": \"2025-03-08 10:54:49.261662\", \"date_joined\": \"2024-10-29 16:06:45.001248\", \"personal_id\": \"\", \"is_superuser\": 0, \"is_deactivated\": 0}'),(54,'UPDATE','2025-03-08 10:57:55',NULL,'11','{\"email\": \"chem_labcoord@gmail.com\", \"user_id\": \"11\", \"is_staff\": 0, \"lastname\": \"labcoord\", \"password\": \"pbkdf2_sha256$870000$Mbz7qJhLtF7P6OM7s27xjI$03Ki/O3jwVri9lMNJjYCR8iShM0LCm3bSlHqGIFsmwE=\", \"username\": \"chem_labcoord@gmail.com\", \"firstname\": \"chem\", \"last_login\": \"2025-03-08 10:54:49.261662\", \"date_joined\": \"2024-10-29 16:06:45.001248\", \"personal_id\": \"\", \"is_superuser\": 0, \"is_deactivated\": 0}','{\"email\": \"chem_labcoord@gmail.com\", \"user_id\": \"11\", \"is_staff\": 0, \"lastname\": \"labcoord\", \"password\": \"pbkdf2_sha256$870000$Mbz7qJhLtF7P6OM7s27xjI$03Ki/O3jwVri9lMNJjYCR8iShM0LCm3bSlHqGIFsmwE=\", \"username\": \"chem_labcoord@gmail.com\", \"firstname\": \"chem\", \"last_login\": \"2025-03-08 10:57:55.870350\", \"date_joined\": \"2024-10-29 16:06:45.001248\", \"personal_id\": \"\", \"is_superuser\": 0, \"is_deactivated\": 0}'),(55,'UPDATE','2025-03-08 11:26:06',NULL,'2','{\"email\": \"kenneth_uy@dlsu.edu.ph\", \"user_id\": \"2\", \"is_staff\": 0, \"lastname\": \"uy\", \"password\": \"\", \"username\": \"kenneth_uy\", \"firstname\": \"ken\", \"last_login\": \"2025-03-06 13:00:20.482291\", \"date_joined\": \"2024-10-28 09:45:35.136035\", \"personal_id\": \"12027774\", \"is_superuser\": 0, \"is_deactivated\": 0}','{\"email\": \"kenneth_uy@dlsu.edu.ph\", \"user_id\": \"2\", \"is_staff\": 0, \"lastname\": \"uy\", \"password\": \"\", \"username\": \"kenneth_uy\", \"firstname\": \"ken\", \"last_login\": \"2025-03-08 11:26:06.219203\", \"date_joined\": \"2024-10-28 09:45:35.136035\", \"personal_id\": \"12027774\", \"is_superuser\": 0, \"is_deactivated\": 0}'),(56,'UPDATE','2025-03-08 11:26:11',NULL,'11','{\"email\": \"chem_labcoord@gmail.com\", \"user_id\": \"11\", \"is_staff\": 0, \"lastname\": \"labcoord\", \"password\": \"pbkdf2_sha256$870000$Mbz7qJhLtF7P6OM7s27xjI$03Ki/O3jwVri9lMNJjYCR8iShM0LCm3bSlHqGIFsmwE=\", \"username\": \"chem_labcoord@gmail.com\", \"firstname\": \"chem\", \"last_login\": \"2025-03-08 10:57:55.870350\", \"date_joined\": \"2024-10-29 16:06:45.001248\", \"personal_id\": \"\", \"is_superuser\": 0, \"is_deactivated\": 0}','{\"email\": \"chem_labcoord@gmail.com\", \"user_id\": \"11\", \"is_staff\": 0, \"lastname\": \"labcoord\", \"password\": \"pbkdf2_sha256$870000$Mbz7qJhLtF7P6OM7s27xjI$03Ki/O3jwVri9lMNJjYCR8iShM0LCm3bSlHqGIFsmwE=\", \"username\": \"chem_labcoord@gmail.com\", \"firstname\": \"chem\", \"last_login\": \"2025-03-08 11:26:11.085391\", \"date_joined\": \"2024-10-29 16:06:45.001248\", \"personal_id\": \"\", \"is_superuser\": 0, \"is_deactivated\": 0}'),(57,'UPDATE','2025-03-08 11:26:18',NULL,'2','{\"email\": \"kenneth_uy@dlsu.edu.ph\", \"user_id\": \"2\", \"is_staff\": 0, \"lastname\": \"uy\", \"password\": \"\", \"username\": \"kenneth_uy\", \"firstname\": \"ken\", \"last_login\": \"2025-03-08 11:26:06.219203\", \"date_joined\": \"2024-10-28 09:45:35.136035\", \"personal_id\": \"12027774\", \"is_superuser\": 0, \"is_deactivated\": 0}','{\"email\": \"kenneth_uy@dlsu.edu.ph\", \"user_id\": \"2\", \"is_staff\": 0, \"lastname\": \"uy\", \"password\": \"\", \"username\": \"kenneth_uy\", \"firstname\": \"ken\", \"last_login\": \"2025-03-08 11:26:18.025939\", \"date_joined\": \"2024-10-28 09:45:35.136035\", \"personal_id\": \"12027774\", \"is_superuser\": 0, \"is_deactivated\": 0}'),(58,'UPDATE','2025-03-08 11:28:02',NULL,'2','{\"email\": \"kenneth_uy@dlsu.edu.ph\", \"user_id\": \"2\", \"is_staff\": 0, \"lastname\": \"uy\", \"password\": \"\", \"username\": \"kenneth_uy\", \"firstname\": \"ken\", \"last_login\": \"2025-03-08 11:26:18.025939\", \"date_joined\": \"2024-10-28 09:45:35.136035\", \"personal_id\": \"12027774\", \"is_superuser\": 0, \"is_deactivated\": 0}','{\"email\": \"kenneth_uy@dlsu.edu.ph\", \"user_id\": \"2\", \"is_staff\": 0, \"lastname\": \"uy\", \"password\": \"\", \"username\": \"kenneth_uy\", \"firstname\": \"ken\", \"last_login\": \"2025-03-08 11:28:03.203160\", \"date_joined\": \"2024-10-28 09:45:35.136035\", \"personal_id\": \"12027774\", \"is_superuser\": 0, \"is_deactivated\": 0}'),(59,'UPDATE','2025-03-08 15:46:10',NULL,'1','{\"email\": \"system.admin@dlsu.edu.ph\", \"user_id\": \"1\", \"is_staff\": 1, \"lastname\": \"Admin\", \"password\": \"pbkdf2_sha256$870000$CIsd1eN4rhiUOrAIoTbzhk$+dywwKDSbWGq7a/WEFQRXJ9+W46EFTfleRFHlyDd17I=\", \"username\": \"system.admin@dlsu.edu.ph\", \"firstname\": \"System\", \"last_login\": \"2025-03-05 12:54:24.777924\", \"date_joined\": \"2024-10-31 06:36:08.067298\", \"personal_id\": \"1202\", \"is_superuser\": 1, \"is_deactivated\": 0}','{\"email\": \"system.admin@dlsu.edu.ph\", \"user_id\": \"1\", \"is_staff\": 1, \"lastname\": \"Admin\", \"password\": \"pbkdf2_sha256$870000$CIsd1eN4rhiUOrAIoTbzhk$+dywwKDSbWGq7a/WEFQRXJ9+W46EFTfleRFHlyDd17I=\", \"username\": \"system.admin@dlsu.edu.ph\", \"firstname\": \"System\", \"last_login\": \"2025-03-08 15:46:10.621052\", \"date_joined\": \"2024-10-31 06:36:08.067298\", \"personal_id\": \"1202\", \"is_superuser\": 1, \"is_deactivated\": 0}'),(60,'UPDATE','2025-03-08 15:47:57',NULL,'2','{\"email\": \"kenneth_uy@dlsu.edu.ph\", \"user_id\": \"2\", \"is_staff\": 0, \"lastname\": \"uy\", \"password\": \"\", \"username\": \"kenneth_uy\", \"firstname\": \"ken\", \"last_login\": \"2025-03-08 11:28:03.203160\", \"date_joined\": \"2024-10-28 09:45:35.136035\", \"personal_id\": \"12027774\", \"is_superuser\": 0, \"is_deactivated\": 0}','{\"email\": \"kenneth_uy@dlsu.edu.ph\", \"user_id\": \"2\", \"is_staff\": 0, \"lastname\": \"uy\", \"password\": \"\", \"username\": \"kenneth_uy\", \"firstname\": \"ken\", \"last_login\": \"2025-03-08 15:47:57.533137\", \"date_joined\": \"2024-10-28 09:45:35.136035\", \"personal_id\": \"12027774\", \"is_superuser\": 0, \"is_deactivated\": 0}'),(61,'UPDATE','2025-03-09 07:28:16',NULL,'11','{\"email\": \"chem_labcoord@gmail.com\", \"user_id\": \"11\", \"is_staff\": 0, \"lastname\": \"labcoord\", \"password\": \"pbkdf2_sha256$870000$Mbz7qJhLtF7P6OM7s27xjI$03Ki/O3jwVri9lMNJjYCR8iShM0LCm3bSlHqGIFsmwE=\", \"username\": \"chem_labcoord@gmail.com\", \"firstname\": \"chem\", \"last_login\": \"2025-03-08 11:26:11.085391\", \"date_joined\": \"2024-10-29 16:06:45.001248\", \"personal_id\": \"\", \"is_superuser\": 0, \"is_deactivated\": 0}','{\"email\": \"chem_labcoord@gmail.com\", \"user_id\": \"11\", \"is_staff\": 0, \"lastname\": \"labcoord\", \"password\": \"pbkdf2_sha256$870000$Mbz7qJhLtF7P6OM7s27xjI$03Ki/O3jwVri9lMNJjYCR8iShM0LCm3bSlHqGIFsmwE=\", \"username\": \"chem_labcoord@gmail.com\", \"firstname\": \"chem\", \"last_login\": \"2025-03-09 07:28:16.792353\", \"date_joined\": \"2024-10-29 16:06:45.001248\", \"personal_id\": \"\", \"is_superuser\": 0, \"is_deactivated\": 0}'),(62,'UPDATE','2025-03-09 08:14:48',NULL,'11','{\"email\": \"chem_labcoord@gmail.com\", \"user_id\": \"11\", \"is_staff\": 0, \"lastname\": \"labcoord\", \"password\": \"pbkdf2_sha256$870000$Mbz7qJhLtF7P6OM7s27xjI$03Ki/O3jwVri9lMNJjYCR8iShM0LCm3bSlHqGIFsmwE=\", \"username\": \"chem_labcoord@gmail.com\", \"firstname\": \"chem\", \"last_login\": \"2025-03-09 07:28:16.792353\", \"date_joined\": \"2024-10-29 16:06:45.001248\", \"personal_id\": \"\", \"is_superuser\": 0, \"is_deactivated\": 0}','{\"email\": \"chem_labcoord@gmail.com\", \"user_id\": \"11\", \"is_staff\": 0, \"lastname\": \"labcoord\", \"password\": \"pbkdf2_sha256$870000$Mbz7qJhLtF7P6OM7s27xjI$03Ki/O3jwVri9lMNJjYCR8iShM0LCm3bSlHqGIFsmwE=\", \"username\": \"chem_labcoord@gmail.com\", \"firstname\": \"chem\", \"last_login\": \"2025-03-09 08:14:48.990832\", \"date_joined\": \"2024-10-29 16:06:45.001248\", \"personal_id\": \"\", \"is_superuser\": 0, \"is_deactivated\": 0}'),(63,'UPDATE','2025-03-09 08:45:25',NULL,'1','{\"email\": \"system.admin@dlsu.edu.ph\", \"user_id\": \"1\", \"is_staff\": 1, \"lastname\": \"Admin\", \"password\": \"pbkdf2_sha256$870000$CIsd1eN4rhiUOrAIoTbzhk$+dywwKDSbWGq7a/WEFQRXJ9+W46EFTfleRFHlyDd17I=\", \"username\": \"system.admin@dlsu.edu.ph\", \"firstname\": \"System\", \"last_login\": \"2025-03-08 15:46:10.621052\", \"date_joined\": \"2024-10-31 06:36:08.067298\", \"personal_id\": \"1202\", \"is_superuser\": 1, \"is_deactivated\": 0}','{\"email\": \"system.admin@dlsu.edu.ph\", \"user_id\": \"1\", \"is_staff\": 1, \"lastname\": \"Admin\", \"password\": \"pbkdf2_sha256$870000$CIsd1eN4rhiUOrAIoTbzhk$+dywwKDSbWGq7a/WEFQRXJ9+W46EFTfleRFHlyDd17I=\", \"username\": \"system.admin@dlsu.edu.ph\", \"firstname\": \"System\", \"last_login\": \"2025-03-09 08:45:24.147374\", \"date_joined\": \"2024-10-31 06:36:08.067298\", \"personal_id\": \"1202\", \"is_superuser\": 1, \"is_deactivated\": 0}'),(64,'UPDATE','2025-03-09 08:47:14',NULL,'1','{\"email\": \"system.admin@dlsu.edu.ph\", \"user_id\": \"1\", \"is_staff\": 1, \"lastname\": \"Admin\", \"password\": \"pbkdf2_sha256$870000$CIsd1eN4rhiUOrAIoTbzhk$+dywwKDSbWGq7a/WEFQRXJ9+W46EFTfleRFHlyDd17I=\", \"username\": \"system.admin@dlsu.edu.ph\", \"firstname\": \"System\", \"last_login\": \"2025-03-09 08:45:24.147374\", \"date_joined\": \"2024-10-31 06:36:08.067298\", \"personal_id\": \"1202\", \"is_superuser\": 1, \"is_deactivated\": 0}','{\"email\": \"system.admin@dlsu.edu.ph\", \"user_id\": \"1\", \"is_staff\": 1, \"lastname\": \"Admin\", \"password\": \"pbkdf2_sha256$870000$CIsd1eN4rhiUOrAIoTbzhk$+dywwKDSbWGq7a/WEFQRXJ9+W46EFTfleRFHlyDd17I=\", \"username\": \"system.admin@dlsu.edu.ph\", \"firstname\": \"System\", \"last_login\": \"2025-03-09 08:47:13.465509\", \"date_joined\": \"2024-10-31 06:36:08.067298\", \"personal_id\": \"1202\", \"is_superuser\": 1, \"is_deactivated\": 0}'),(65,'INSERT','2025-03-09 08:53:36','1','20254932',NULL,'{\"email\": \"bell_cranel@gmail.com\", \"user_id\": \"20254932\", \"is_staff\": 0, \"lastname\": \"Cranel\", \"password\": \"pbkdf2_sha256$870000$xrwhPZJnij0zvuvPevCfGF$Iiz4aGXgwisvmyMVfABkJtcwEjBgp/CYtHnyWPWvSyQ=\", \"username\": \"bell_cranel@gmail.com\", \"firstname\": \"Bell\", \"last_login\": null, \"date_joined\": \"2025-03-09 08:53:35.011380\", \"personal_id\": \"12015623\", \"is_superuser\": 0, \"is_deactivated\": 0}'),(66,'INSERT','2025-03-09 08:54:20','1','20253797',NULL,'{\"email\": \"ryu_cranel@gmail.com\", \"user_id\": \"20253797\", \"is_staff\": 0, \"lastname\": \"Cranel\", \"password\": \"pbkdf2_sha256$870000$S7AqCxVLXLQJjtpLmbNrbW$EsY3/x+tQiXqS0XZ5qbxf2DlC7ahsn2ozQhUMgPayEQ=\", \"username\": \"ryu_cranel@gmail.com\", \"firstname\": \"Ryu\", \"last_login\": null, \"date_joined\": \"2025-03-09 08:54:19.475512\", \"personal_id\": \"11823452\", \"is_superuser\": 0, \"is_deactivated\": 0}'),(67,'UPDATE','2025-03-09 08:55:54',NULL,'20254932','{\"email\": \"bell_cranel@gmail.com\", \"user_id\": \"20254932\", \"is_staff\": 0, \"lastname\": \"Cranel\", \"password\": \"pbkdf2_sha256$870000$xrwhPZJnij0zvuvPevCfGF$Iiz4aGXgwisvmyMVfABkJtcwEjBgp/CYtHnyWPWvSyQ=\", \"username\": \"bell_cranel@gmail.com\", \"firstname\": \"Bell\", \"last_login\": null, \"date_joined\": \"2025-03-09 08:53:35.011380\", \"personal_id\": \"12015623\", \"is_superuser\": 0, \"is_deactivated\": 0}','{\"email\": \"bell_cranel@gmail.com\", \"user_id\": \"20254932\", \"is_staff\": 0, \"lastname\": \"Cranel\", \"password\": \"pbkdf2_sha256$870000$xrwhPZJnij0zvuvPevCfGF$Iiz4aGXgwisvmyMVfABkJtcwEjBgp/CYtHnyWPWvSyQ=\", \"username\": \"bell_cranel@gmail.com\", \"firstname\": \"Bell\", \"last_login\": \"2025-03-09 08:55:53.102964\", \"date_joined\": \"2025-03-09 08:53:35.011380\", \"personal_id\": \"12015623\", \"is_superuser\": 0, \"is_deactivated\": 0}'),(68,'UPDATE','2025-03-09 10:14:28',NULL,'11','{\"email\": \"chem_labcoord@gmail.com\", \"user_id\": \"11\", \"is_staff\": 0, \"lastname\": \"labcoord\", \"password\": \"pbkdf2_sha256$870000$Mbz7qJhLtF7P6OM7s27xjI$03Ki/O3jwVri9lMNJjYCR8iShM0LCm3bSlHqGIFsmwE=\", \"username\": \"chem_labcoord@gmail.com\", \"firstname\": \"chem\", \"last_login\": \"2025-03-09 08:14:48.990832\", \"date_joined\": \"2024-10-29 16:06:45.001248\", \"personal_id\": \"\", \"is_superuser\": 0, \"is_deactivated\": 0}','{\"email\": \"chem_labcoord@gmail.com\", \"user_id\": \"11\", \"is_staff\": 0, \"lastname\": \"labcoord\", \"password\": \"pbkdf2_sha256$870000$Mbz7qJhLtF7P6OM7s27xjI$03Ki/O3jwVri9lMNJjYCR8iShM0LCm3bSlHqGIFsmwE=\", \"username\": \"chem_labcoord@gmail.com\", \"firstname\": \"chem\", \"last_login\": \"2025-03-09 10:14:28.670678\", \"date_joined\": \"2024-10-29 16:06:45.001248\", \"personal_id\": \"\", \"is_superuser\": 0, \"is_deactivated\": 0}'),(69,'UPDATE','2025-03-09 10:34:53',NULL,'13','{\"email\": \"chem_labtech@gmail.com\", \"user_id\": \"13\", \"is_staff\": 0, \"lastname\": \"labtech\", \"password\": \"pbkdf2_sha256$870000$o2ygBuGHGmiMu3gZvdZLj9$kXnyPxGpKsguK/7RxvzP4EMHzY8h+RtpDORQZrR1RtU=\", \"username\": \"chem_labtech@gmail.com\", \"firstname\": \"chem\", \"last_login\": \"2025-03-08 10:32:32.350373\", \"date_joined\": \"2024-10-29 15:27:51.246683\", \"personal_id\": \"\", \"is_superuser\": 0, \"is_deactivated\": 0}','{\"email\": \"chem_labtech@gmail.com\", \"user_id\": \"13\", \"is_staff\": 0, \"lastname\": \"labtech\", \"password\": \"pbkdf2_sha256$870000$o2ygBuGHGmiMu3gZvdZLj9$kXnyPxGpKsguK/7RxvzP4EMHzY8h+RtpDORQZrR1RtU=\", \"username\": \"chem_labtech@gmail.com\", \"firstname\": \"chem\", \"last_login\": \"2025-03-09 10:34:53.146777\", \"date_joined\": \"2024-10-29 15:27:51.246683\", \"personal_id\": \"\", \"is_superuser\": 0, \"is_deactivated\": 0}'),(70,'UPDATE','2025-03-09 10:35:29',NULL,'11','{\"email\": \"chem_labcoord@gmail.com\", \"user_id\": \"11\", \"is_staff\": 0, \"lastname\": \"labcoord\", \"password\": \"pbkdf2_sha256$870000$Mbz7qJhLtF7P6OM7s27xjI$03Ki/O3jwVri9lMNJjYCR8iShM0LCm3bSlHqGIFsmwE=\", \"username\": \"chem_labcoord@gmail.com\", \"firstname\": \"chem\", \"last_login\": \"2025-03-09 10:14:28.670678\", \"date_joined\": \"2024-10-29 16:06:45.001248\", \"personal_id\": \"\", \"is_superuser\": 0, \"is_deactivated\": 0}','{\"email\": \"chem_labcoord@gmail.com\", \"user_id\": \"11\", \"is_staff\": 0, \"lastname\": \"labcoord\", \"password\": \"pbkdf2_sha256$870000$Mbz7qJhLtF7P6OM7s27xjI$03Ki/O3jwVri9lMNJjYCR8iShM0LCm3bSlHqGIFsmwE=\", \"username\": \"chem_labcoord@gmail.com\", \"firstname\": \"chem\", \"last_login\": \"2025-03-09 10:35:29.862785\", \"date_joined\": \"2024-10-29 16:06:45.001248\", \"personal_id\": \"\", \"is_superuser\": 0, \"is_deactivated\": 0}'),(71,'UPDATE','2025-03-09 11:10:24',NULL,'11','{\"email\": \"chem_labcoord@gmail.com\", \"user_id\": \"11\", \"is_staff\": 0, \"lastname\": \"labcoord\", \"password\": \"pbkdf2_sha256$870000$Mbz7qJhLtF7P6OM7s27xjI$03Ki/O3jwVri9lMNJjYCR8iShM0LCm3bSlHqGIFsmwE=\", \"username\": \"chem_labcoord@gmail.com\", \"firstname\": \"chem\", \"last_login\": \"2025-03-09 10:35:29.862785\", \"date_joined\": \"2024-10-29 16:06:45.001248\", \"personal_id\": \"\", \"is_superuser\": 0, \"is_deactivated\": 0}','{\"email\": \"chem_labcoord@gmail.com\", \"user_id\": \"11\", \"is_staff\": 0, \"lastname\": \"labcoord\", \"password\": \"pbkdf2_sha256$870000$Mbz7qJhLtF7P6OM7s27xjI$03Ki/O3jwVri9lMNJjYCR8iShM0LCm3bSlHqGIFsmwE=\", \"username\": \"chem_labcoord@gmail.com\", \"firstname\": \"chem\", \"last_login\": \"2025-03-09 11:10:25.648443\", \"date_joined\": \"2024-10-29 16:06:45.001248\", \"personal_id\": \"\", \"is_superuser\": 0, \"is_deactivated\": 0}'),(72,'UPDATE','2025-03-09 11:58:30',NULL,'13','{\"email\": \"chem_labtech@gmail.com\", \"user_id\": \"13\", \"is_staff\": 0, \"lastname\": \"labtech\", \"password\": \"pbkdf2_sha256$870000$o2ygBuGHGmiMu3gZvdZLj9$kXnyPxGpKsguK/7RxvzP4EMHzY8h+RtpDORQZrR1RtU=\", \"username\": \"chem_labtech@gmail.com\", \"firstname\": \"chem\", \"last_login\": \"2025-03-09 10:34:53.146777\", \"date_joined\": \"2024-10-29 15:27:51.246683\", \"personal_id\": \"\", \"is_superuser\": 0, \"is_deactivated\": 0}','{\"email\": \"chem_labtech@gmail.com\", \"user_id\": \"13\", \"is_staff\": 0, \"lastname\": \"labtech\", \"password\": \"pbkdf2_sha256$870000$o2ygBuGHGmiMu3gZvdZLj9$kXnyPxGpKsguK/7RxvzP4EMHzY8h+RtpDORQZrR1RtU=\", \"username\": \"chem_labtech@gmail.com\", \"firstname\": \"chem\", \"last_login\": \"2025-03-09 11:58:30.446418\", \"date_joined\": \"2024-10-29 15:27:51.246683\", \"personal_id\": \"\", \"is_superuser\": 0, \"is_deactivated\": 0}'),(73,'UPDATE','2025-03-09 12:00:09',NULL,'11','{\"email\": \"chem_labcoord@gmail.com\", \"user_id\": \"11\", \"is_staff\": 0, \"lastname\": \"labcoord\", \"password\": \"pbkdf2_sha256$870000$Mbz7qJhLtF7P6OM7s27xjI$03Ki/O3jwVri9lMNJjYCR8iShM0LCm3bSlHqGIFsmwE=\", \"username\": \"chem_labcoord@gmail.com\", \"firstname\": \"chem\", \"last_login\": \"2025-03-09 11:10:25.648443\", \"date_joined\": \"2024-10-29 16:06:45.001248\", \"personal_id\": \"\", \"is_superuser\": 0, \"is_deactivated\": 0}','{\"email\": \"chem_labcoord@gmail.com\", \"user_id\": \"11\", \"is_staff\": 0, \"lastname\": \"labcoord\", \"password\": \"pbkdf2_sha256$870000$Mbz7qJhLtF7P6OM7s27xjI$03Ki/O3jwVri9lMNJjYCR8iShM0LCm3bSlHqGIFsmwE=\", \"username\": \"chem_labcoord@gmail.com\", \"firstname\": \"chem\", \"last_login\": \"2025-03-09 12:00:09.675558\", \"date_joined\": \"2024-10-29 16:06:45.001248\", \"personal_id\": \"\", \"is_superuser\": 0, \"is_deactivated\": 0}'),(74,'UPDATE','2025-03-09 12:02:51',NULL,'13','{\"email\": \"chem_labtech@gmail.com\", \"user_id\": \"13\", \"is_staff\": 0, \"lastname\": \"labtech\", \"password\": \"pbkdf2_sha256$870000$o2ygBuGHGmiMu3gZvdZLj9$kXnyPxGpKsguK/7RxvzP4EMHzY8h+RtpDORQZrR1RtU=\", \"username\": \"chem_labtech@gmail.com\", \"firstname\": \"chem\", \"last_login\": \"2025-03-09 11:58:30.446418\", \"date_joined\": \"2024-10-29 15:27:51.246683\", \"personal_id\": \"\", \"is_superuser\": 0, \"is_deactivated\": 0}','{\"email\": \"chem_labtech@gmail.com\", \"user_id\": \"13\", \"is_staff\": 0, \"lastname\": \"labtech\", \"password\": \"pbkdf2_sha256$870000$o2ygBuGHGmiMu3gZvdZLj9$kXnyPxGpKsguK/7RxvzP4EMHzY8h+RtpDORQZrR1RtU=\", \"username\": \"chem_labtech@gmail.com\", \"firstname\": \"chem\", \"last_login\": \"2025-03-09 12:02:51.199725\", \"date_joined\": \"2024-10-29 15:27:51.246683\", \"personal_id\": \"\", \"is_superuser\": 0, \"is_deactivated\": 0}'),(75,'INSERT','2025-03-09 12:56:17',NULL,'20251302',NULL,'{\"email\": \"welf_crozzo@gmail.com\", \"user_id\": \"20251302\", \"is_staff\": 0, \"lastname\": \"Crozzo\", \"password\": \"pbkdf2_sha256$870000$pe4YtuakSm02hZeos5KBgR$n+SBk1vUfD6+kkD9KenkADwAPWUH7YDwC6tkmKXZiig=\", \"username\": null, \"firstname\": \"Welf\", \"last_login\": null, \"date_joined\": \"2025-03-09 12:56:17.746308\", \"personal_id\": null, \"is_superuser\": 0, \"is_deactivated\": 1}'),(76,'INSERT','2025-03-09 12:57:33',NULL,'20253420',NULL,'{\"email\": \"luis.ostiaa@gmail.com\", \"user_id\": \"20253420\", \"is_staff\": 0, \"lastname\": \"Bond\", \"password\": \"pbkdf2_sha256$870000$0120yHaTkv28iIKRYh46z4$cN+qzToQIrYJnHqsJHHC0g7jVff5bVcnucnkRv8XgCQ=\", \"username\": null, \"firstname\": \"Agent\", \"last_login\": null, \"date_joined\": \"2025-03-09 12:57:33.775454\", \"personal_id\": null, \"is_superuser\": 0, \"is_deactivated\": 1}'),(77,'UPDATE','2025-03-09 12:57:53',NULL,'20253420','{\"email\": \"luis.ostiaa@gmail.com\", \"user_id\": \"20253420\", \"is_staff\": 0, \"lastname\": \"Bond\", \"password\": \"pbkdf2_sha256$870000$0120yHaTkv28iIKRYh46z4$cN+qzToQIrYJnHqsJHHC0g7jVff5bVcnucnkRv8XgCQ=\", \"username\": null, \"firstname\": \"Agent\", \"last_login\": null, \"date_joined\": \"2025-03-09 12:57:33.775454\", \"personal_id\": null, \"is_superuser\": 0, \"is_deactivated\": 1}','{\"email\": \"luis.ostiaa@gmail.com\", \"user_id\": \"20253420\", \"is_staff\": 0, \"lastname\": \"Bond\", \"password\": \"pbkdf2_sha256$870000$0120yHaTkv28iIKRYh46z4$cN+qzToQIrYJnHqsJHHC0g7jVff5bVcnucnkRv8XgCQ=\", \"username\": null, \"firstname\": \"Agent\", \"last_login\": null, \"date_joined\": \"2025-03-09 12:57:33.775454\", \"personal_id\": null, \"is_superuser\": 0, \"is_deactivated\": 0}'),(78,'UPDATE','2025-03-09 12:59:02',NULL,'20241125','{\"email\": \"biologylabcoor@dlsu.edu.ph\", \"user_id\": \"20241125\", \"is_staff\": 0, \"lastname\": \"LabCoor\", \"password\": \"pbkdf2_sha256$870000$LKh88AmVodaSrpxYi5olWu$y7lEZoz6i4zcObc1RlwsCJaQPgYptEH2Dv0jRQ0MG/E=\", \"username\": \"biologylabcoor@dlsu.edu.ph\", \"firstname\": \"Biology\", \"last_login\": \"2025-02-21 03:23:11.342294\", \"date_joined\": \"2024-11-17 14:44:54.717767\", \"personal_id\": \"11507889\", \"is_superuser\": 0, \"is_deactivated\": 0}','{\"email\": \"biologylabcoor@dlsu.edu.ph\", \"user_id\": \"20241125\", \"is_staff\": 0, \"lastname\": \"LabCoor\", \"password\": \"pbkdf2_sha256$870000$LKh88AmVodaSrpxYi5olWu$y7lEZoz6i4zcObc1RlwsCJaQPgYptEH2Dv0jRQ0MG/E=\", \"username\": \"biologylabcoor@dlsu.edu.ph\", \"firstname\": \"Biology\", \"last_login\": \"2025-03-09 12:59:02.376842\", \"date_joined\": \"2024-11-17 14:44:54.717767\", \"personal_id\": \"11507889\", \"is_superuser\": 0, \"is_deactivated\": 0}'),(79,'UPDATE','2025-03-09 13:03:46',NULL,'20253420','{\"email\": \"luis.ostiaa@gmail.com\", \"user_id\": \"20253420\", \"is_staff\": 0, \"lastname\": \"Bond\", \"password\": \"pbkdf2_sha256$870000$0120yHaTkv28iIKRYh46z4$cN+qzToQIrYJnHqsJHHC0g7jVff5bVcnucnkRv8XgCQ=\", \"username\": null, \"firstname\": \"Agent\", \"last_login\": null, \"date_joined\": \"2025-03-09 12:57:33.775454\", \"personal_id\": null, \"is_superuser\": 0, \"is_deactivated\": 0}','{\"email\": \"luis.ostiaa@gmail.com\", \"user_id\": \"20253420\", \"is_staff\": 0, \"lastname\": \"Bond\", \"password\": \"pbkdf2_sha256$870000$0120yHaTkv28iIKRYh46z4$cN+qzToQIrYJnHqsJHHC0g7jVff5bVcnucnkRv8XgCQ=\", \"username\": null, \"firstname\": \"Agent\", \"last_login\": \"2025-03-09 13:03:46.551012\", \"date_joined\": \"2025-03-09 12:57:33.775454\", \"personal_id\": null, \"is_superuser\": 0, \"is_deactivated\": 0}'),(80,'UPDATE','2025-03-09 13:04:23',NULL,'20241125','{\"email\": \"biologylabcoor@dlsu.edu.ph\", \"user_id\": \"20241125\", \"is_staff\": 0, \"lastname\": \"LabCoor\", \"password\": \"pbkdf2_sha256$870000$LKh88AmVodaSrpxYi5olWu$y7lEZoz6i4zcObc1RlwsCJaQPgYptEH2Dv0jRQ0MG/E=\", \"username\": \"biologylabcoor@dlsu.edu.ph\", \"firstname\": \"Biology\", \"last_login\": \"2025-03-09 12:59:02.376842\", \"date_joined\": \"2024-11-17 14:44:54.717767\", \"personal_id\": \"11507889\", \"is_superuser\": 0, \"is_deactivated\": 0}','{\"email\": \"biologylabcoor@dlsu.edu.ph\", \"user_id\": \"20241125\", \"is_staff\": 0, \"lastname\": \"LabCoor\", \"password\": \"pbkdf2_sha256$870000$LKh88AmVodaSrpxYi5olWu$y7lEZoz6i4zcObc1RlwsCJaQPgYptEH2Dv0jRQ0MG/E=\", \"username\": \"biologylabcoor@dlsu.edu.ph\", \"firstname\": \"Biology\", \"last_login\": \"2025-03-09 13:04:23.285869\", \"date_joined\": \"2024-11-17 14:44:54.717767\", \"personal_id\": \"11507889\", \"is_superuser\": 0, \"is_deactivated\": 0}'),(81,'UPDATE','2025-03-09 13:05:03',NULL,'20253420','{\"email\": \"luis.ostiaa@gmail.com\", \"user_id\": \"20253420\", \"is_staff\": 0, \"lastname\": \"Bond\", \"password\": \"pbkdf2_sha256$870000$0120yHaTkv28iIKRYh46z4$cN+qzToQIrYJnHqsJHHC0g7jVff5bVcnucnkRv8XgCQ=\", \"username\": null, \"firstname\": \"Agent\", \"last_login\": \"2025-03-09 13:03:46.551012\", \"date_joined\": \"2025-03-09 12:57:33.775454\", \"personal_id\": null, \"is_superuser\": 0, \"is_deactivated\": 0}','{\"email\": \"luis.ostiaa@gmail.com\", \"user_id\": \"20253420\", \"is_staff\": 0, \"lastname\": \"Bond\", \"password\": \"pbkdf2_sha256$870000$0120yHaTkv28iIKRYh46z4$cN+qzToQIrYJnHqsJHHC0g7jVff5bVcnucnkRv8XgCQ=\", \"username\": null, \"firstname\": \"Agent\", \"last_login\": \"2025-03-09 13:05:03.195302\", \"date_joined\": \"2025-03-09 12:57:33.775454\", \"personal_id\": null, \"is_superuser\": 0, \"is_deactivated\": 0}'),(82,'UPDATE','2025-03-09 13:06:06',NULL,'20241125','{\"email\": \"biologylabcoor@dlsu.edu.ph\", \"user_id\": \"20241125\", \"is_staff\": 0, \"lastname\": \"LabCoor\", \"password\": \"pbkdf2_sha256$870000$LKh88AmVodaSrpxYi5olWu$y7lEZoz6i4zcObc1RlwsCJaQPgYptEH2Dv0jRQ0MG/E=\", \"username\": \"biologylabcoor@dlsu.edu.ph\", \"firstname\": \"Biology\", \"last_login\": \"2025-03-09 13:04:23.285869\", \"date_joined\": \"2024-11-17 14:44:54.717767\", \"personal_id\": \"11507889\", \"is_superuser\": 0, \"is_deactivated\": 0}','{\"email\": \"biologylabcoor@dlsu.edu.ph\", \"user_id\": \"20241125\", \"is_staff\": 0, \"lastname\": \"LabCoor\", \"password\": \"pbkdf2_sha256$870000$LKh88AmVodaSrpxYi5olWu$y7lEZoz6i4zcObc1RlwsCJaQPgYptEH2Dv0jRQ0MG/E=\", \"username\": \"biologylabcoor@dlsu.edu.ph\", \"firstname\": \"Biology\", \"last_login\": \"2025-03-09 13:06:06.030233\", \"date_joined\": \"2024-11-17 14:44:54.717767\", \"personal_id\": \"11507889\", \"is_superuser\": 0, \"is_deactivated\": 0}'),(83,'UPDATE','2025-03-09 13:10:05',NULL,'20248874','{\"email\": \"biologylabtech@dlsu.edu.ph\", \"user_id\": \"20248874\", \"is_staff\": 0, \"lastname\": \"LabTech\", \"password\": \"pbkdf2_sha256$870000$3wlMeQ3e3Ja0ng4PVsZwPl$dHfbm+rnthiPfhbqyG0akO5GHiwHm6ku1UmmbvkPk+I=\", \"username\": \"biologylabtech@dlsu.edu.ph\", \"firstname\": \"Biology\", \"last_login\": \"2025-02-21 03:15:19.051498\", \"date_joined\": \"2024-11-17 14:45:08.693624\", \"personal_id\": \"11569887\", \"is_superuser\": 0, \"is_deactivated\": 0}','{\"email\": \"biologylabtech@dlsu.edu.ph\", \"user_id\": \"20248874\", \"is_staff\": 0, \"lastname\": \"LabTech\", \"password\": \"pbkdf2_sha256$870000$3wlMeQ3e3Ja0ng4PVsZwPl$dHfbm+rnthiPfhbqyG0akO5GHiwHm6ku1UmmbvkPk+I=\", \"username\": \"biologylabtech@dlsu.edu.ph\", \"firstname\": \"Biology\", \"last_login\": \"2025-03-09 13:10:05.401332\", \"date_joined\": \"2024-11-17 14:45:08.693624\", \"personal_id\": \"11569887\", \"is_superuser\": 0, \"is_deactivated\": 0}'),(84,'UPDATE','2025-03-09 13:10:53',NULL,'1','{\"email\": \"system.admin@dlsu.edu.ph\", \"user_id\": \"1\", \"is_staff\": 1, \"lastname\": \"Admin\", \"password\": \"pbkdf2_sha256$870000$CIsd1eN4rhiUOrAIoTbzhk$+dywwKDSbWGq7a/WEFQRXJ9+W46EFTfleRFHlyDd17I=\", \"username\": \"system.admin@dlsu.edu.ph\", \"firstname\": \"System\", \"last_login\": \"2025-03-09 08:47:13.465509\", \"date_joined\": \"2024-10-31 06:36:08.067298\", \"personal_id\": \"1202\", \"is_superuser\": 1, \"is_deactivated\": 0}','{\"email\": \"system.admin@dlsu.edu.ph\", \"user_id\": \"1\", \"is_staff\": 1, \"lastname\": \"Admin\", \"password\": \"pbkdf2_sha256$870000$CIsd1eN4rhiUOrAIoTbzhk$+dywwKDSbWGq7a/WEFQRXJ9+W46EFTfleRFHlyDd17I=\", \"username\": \"system.admin@dlsu.edu.ph\", \"firstname\": \"System\", \"last_login\": \"2025-03-09 13:10:53.190468\", \"date_joined\": \"2024-10-31 06:36:08.067298\", \"personal_id\": \"1202\", \"is_superuser\": 1, \"is_deactivated\": 0}'),(85,'UPDATE','2025-03-09 13:13:26',NULL,'11','{\"email\": \"chem_labcoord@gmail.com\", \"user_id\": \"11\", \"is_staff\": 0, \"lastname\": \"labcoord\", \"password\": \"pbkdf2_sha256$870000$Mbz7qJhLtF7P6OM7s27xjI$03Ki/O3jwVri9lMNJjYCR8iShM0LCm3bSlHqGIFsmwE=\", \"username\": \"chem_labcoord@gmail.com\", \"firstname\": \"chem\", \"last_login\": \"2025-03-09 12:00:09.675558\", \"date_joined\": \"2024-10-29 16:06:45.001248\", \"personal_id\": \"\", \"is_superuser\": 0, \"is_deactivated\": 0}','{\"email\": \"chem_labcoord@gmail.com\", \"user_id\": \"11\", \"is_staff\": 0, \"lastname\": \"labcoord\", \"password\": \"pbkdf2_sha256$870000$Mbz7qJhLtF7P6OM7s27xjI$03Ki/O3jwVri9lMNJjYCR8iShM0LCm3bSlHqGIFsmwE=\", \"username\": \"chem_labcoord@gmail.com\", \"firstname\": \"chem\", \"last_login\": \"2025-03-09 13:13:26.169790\", \"date_joined\": \"2024-10-29 16:06:45.001248\", \"personal_id\": \"\", \"is_superuser\": 0, \"is_deactivated\": 0}'),(86,'UPDATE','2025-03-09 13:15:01',NULL,'20248874','{\"email\": \"biologylabtech@dlsu.edu.ph\", \"user_id\": \"20248874\", \"is_staff\": 0, \"lastname\": \"LabTech\", \"password\": \"pbkdf2_sha256$870000$3wlMeQ3e3Ja0ng4PVsZwPl$dHfbm+rnthiPfhbqyG0akO5GHiwHm6ku1UmmbvkPk+I=\", \"username\": \"biologylabtech@dlsu.edu.ph\", \"firstname\": \"Biology\", \"last_login\": \"2025-03-09 13:10:05.401332\", \"date_joined\": \"2024-11-17 14:45:08.693624\", \"personal_id\": \"11569887\", \"is_superuser\": 0, \"is_deactivated\": 0}','{\"email\": \"biologylabtech@dlsu.edu.ph\", \"user_id\": \"20248874\", \"is_staff\": 0, \"lastname\": \"LabTech\", \"password\": \"pbkdf2_sha256$870000$3wlMeQ3e3Ja0ng4PVsZwPl$dHfbm+rnthiPfhbqyG0akO5GHiwHm6ku1UmmbvkPk+I=\", \"username\": \"biologylabtech@dlsu.edu.ph\", \"firstname\": \"Biology\", \"last_login\": \"2025-03-09 13:15:01.639154\", \"date_joined\": \"2024-11-17 14:45:08.693624\", \"personal_id\": \"11569887\", \"is_superuser\": 0, \"is_deactivated\": 0}'),(87,'UPDATE','2025-03-09 13:16:53',NULL,'20241125','{\"email\": \"biologylabcoor@dlsu.edu.ph\", \"user_id\": \"20241125\", \"is_staff\": 0, \"lastname\": \"LabCoor\", \"password\": \"pbkdf2_sha256$870000$LKh88AmVodaSrpxYi5olWu$y7lEZoz6i4zcObc1RlwsCJaQPgYptEH2Dv0jRQ0MG/E=\", \"username\": \"biologylabcoor@dlsu.edu.ph\", \"firstname\": \"Biology\", \"last_login\": \"2025-03-09 13:06:06.030233\", \"date_joined\": \"2024-11-17 14:44:54.717767\", \"personal_id\": \"11507889\", \"is_superuser\": 0, \"is_deactivated\": 0}','{\"email\": \"biologylabcoor@dlsu.edu.ph\", \"user_id\": \"20241125\", \"is_staff\": 0, \"lastname\": \"LabCoor\", \"password\": \"pbkdf2_sha256$870000$LKh88AmVodaSrpxYi5olWu$y7lEZoz6i4zcObc1RlwsCJaQPgYptEH2Dv0jRQ0MG/E=\", \"username\": \"biologylabcoor@dlsu.edu.ph\", \"firstname\": \"Biology\", \"last_login\": \"2025-03-09 13:16:53.098567\", \"date_joined\": \"2024-11-17 14:44:54.717767\", \"personal_id\": \"11507889\", \"is_superuser\": 0, \"is_deactivated\": 0}'),(88,'UPDATE','2025-03-09 13:44:56',NULL,'1','{\"email\": \"system.admin@dlsu.edu.ph\", \"user_id\": \"1\", \"is_staff\": 1, \"lastname\": \"Admin\", \"password\": \"pbkdf2_sha256$870000$CIsd1eN4rhiUOrAIoTbzhk$+dywwKDSbWGq7a/WEFQRXJ9+W46EFTfleRFHlyDd17I=\", \"username\": \"system.admin@dlsu.edu.ph\", \"firstname\": \"System\", \"last_login\": \"2025-03-09 13:10:53.190468\", \"date_joined\": \"2024-10-31 06:36:08.067298\", \"personal_id\": \"1202\", \"is_superuser\": 1, \"is_deactivated\": 0}','{\"email\": \"system.admin@dlsu.edu.ph\", \"user_id\": \"1\", \"is_staff\": 1, \"lastname\": \"Admin\", \"password\": \"pbkdf2_sha256$870000$CIsd1eN4rhiUOrAIoTbzhk$+dywwKDSbWGq7a/WEFQRXJ9+W46EFTfleRFHlyDd17I=\", \"username\": \"system.admin@dlsu.edu.ph\", \"firstname\": \"System\", \"last_login\": \"2025-03-09 13:44:56.460672\", \"date_joined\": \"2024-10-31 06:36:08.067298\", \"personal_id\": \"1202\", \"is_superuser\": 1, \"is_deactivated\": 0}'),(89,'UPDATE','2025-03-09 13:45:24',NULL,'1','{\"email\": \"system.admin@dlsu.edu.ph\", \"user_id\": \"1\", \"is_staff\": 1, \"lastname\": \"Admin\", \"password\": \"pbkdf2_sha256$870000$CIsd1eN4rhiUOrAIoTbzhk$+dywwKDSbWGq7a/WEFQRXJ9+W46EFTfleRFHlyDd17I=\", \"username\": \"system.admin@dlsu.edu.ph\", \"firstname\": \"System\", \"last_login\": \"2025-03-09 13:44:56.460672\", \"date_joined\": \"2024-10-31 06:36:08.067298\", \"personal_id\": \"1202\", \"is_superuser\": 1, \"is_deactivated\": 0}','{\"email\": \"system.admin@dlsu.edu.ph\", \"user_id\": \"1\", \"is_staff\": 1, \"lastname\": \"Admin\", \"password\": \"pbkdf2_sha256$870000$CIsd1eN4rhiUOrAIoTbzhk$+dywwKDSbWGq7a/WEFQRXJ9+W46EFTfleRFHlyDd17I=\", \"username\": \"system.admin@dlsu.edu.ph\", \"firstname\": \"System\", \"last_login\": \"2025-03-09 13:45:24.469847\", \"date_joined\": \"2024-10-31 06:36:08.067298\", \"personal_id\": \"1202\", \"is_superuser\": 1, \"is_deactivated\": 0}'),(90,'UPDATE','2025-03-09 13:45:33',NULL,'2','{\"email\": \"kenneth_uy@dlsu.edu.ph\", \"user_id\": \"2\", \"is_staff\": 0, \"lastname\": \"uy\", \"password\": \"\", \"username\": \"kenneth_uy\", \"firstname\": \"ken\", \"last_login\": \"2025-03-08 15:47:57.533137\", \"date_joined\": \"2024-10-28 09:45:35.136035\", \"personal_id\": \"12027774\", \"is_superuser\": 0, \"is_deactivated\": 0}','{\"email\": \"kenneth_uy@dlsu.edu.ph\", \"user_id\": \"2\", \"is_staff\": 0, \"lastname\": \"uy\", \"password\": \"\", \"username\": \"kenneth_uy\", \"firstname\": \"ken\", \"last_login\": \"2025-03-09 13:45:33.845199\", \"date_joined\": \"2024-10-28 09:45:35.136035\", \"personal_id\": \"12027774\", \"is_superuser\": 0, \"is_deactivated\": 0}'),(91,'UPDATE','2025-03-09 14:15:48',NULL,'20250673','{\"email\": \"ctlabcoord@dlsu.edu.ph\", \"user_id\": \"20250673\", \"is_staff\": 0, \"lastname\": \"LabCoord\", \"password\": \"pbkdf2_sha256$870000$UKXOI2b5BJHNFkEbbTQQzm$YQvuZi8C/WCJVba1I+WXcCb6Hc+ssLfIwM5+yW/ZZkY=\", \"username\": \"ctlabcoord@dlsu.edu.ph\", \"firstname\": \"CT\", \"last_login\": \"2025-02-21 08:13:10.251189\", \"date_joined\": \"2025-02-19 10:46:10.667810\", \"personal_id\": \"24059869\", \"is_superuser\": 0, \"is_deactivated\": 0}','{\"email\": \"ctlabcoord@dlsu.edu.ph\", \"user_id\": \"20250673\", \"is_staff\": 0, \"lastname\": \"LabCoord\", \"password\": \"pbkdf2_sha256$870000$UKXOI2b5BJHNFkEbbTQQzm$YQvuZi8C/WCJVba1I+WXcCb6Hc+ssLfIwM5+yW/ZZkY=\", \"username\": \"ctlabcoord@dlsu.edu.ph\", \"firstname\": \"CT\", \"last_login\": \"2025-03-09 14:15:49.620021\", \"date_joined\": \"2025-02-19 10:46:10.667810\", \"personal_id\": \"24059869\", \"is_superuser\": 0, \"is_deactivated\": 0}'),(92,'UPDATE','2025-03-09 14:16:53',NULL,'11','{\"email\": \"chem_labcoord@gmail.com\", \"user_id\": \"11\", \"is_staff\": 0, \"lastname\": \"labcoord\", \"password\": \"pbkdf2_sha256$870000$Mbz7qJhLtF7P6OM7s27xjI$03Ki/O3jwVri9lMNJjYCR8iShM0LCm3bSlHqGIFsmwE=\", \"username\": \"chem_labcoord@gmail.com\", \"firstname\": \"chem\", \"last_login\": \"2025-03-09 13:13:26.169790\", \"date_joined\": \"2024-10-29 16:06:45.001248\", \"personal_id\": \"\", \"is_superuser\": 0, \"is_deactivated\": 0}','{\"email\": \"chem_labcoord@gmail.com\", \"user_id\": \"11\", \"is_staff\": 0, \"lastname\": \"labcoord\", \"password\": \"pbkdf2_sha256$870000$Mbz7qJhLtF7P6OM7s27xjI$03Ki/O3jwVri9lMNJjYCR8iShM0LCm3bSlHqGIFsmwE=\", \"username\": \"chem_labcoord@gmail.com\", \"firstname\": \"chem\", \"last_login\": \"2025-03-09 14:16:55.081455\", \"date_joined\": \"2024-10-29 16:06:45.001248\", \"personal_id\": \"\", \"is_superuser\": 0, \"is_deactivated\": 0}'),(93,'UPDATE','2025-03-09 14:20:20',NULL,'20250673','{\"email\": \"ctlabcoord@dlsu.edu.ph\", \"user_id\": \"20250673\", \"is_staff\": 0, \"lastname\": \"LabCoord\", \"password\": \"pbkdf2_sha256$870000$UKXOI2b5BJHNFkEbbTQQzm$YQvuZi8C/WCJVba1I+WXcCb6Hc+ssLfIwM5+yW/ZZkY=\", \"username\": \"ctlabcoord@dlsu.edu.ph\", \"firstname\": \"CT\", \"last_login\": \"2025-03-09 14:15:49.620021\", \"date_joined\": \"2025-02-19 10:46:10.667810\", \"personal_id\": \"24059869\", \"is_superuser\": 0, \"is_deactivated\": 0}','{\"email\": \"ctlabcoord@dlsu.edu.ph\", \"user_id\": \"20250673\", \"is_staff\": 0, \"lastname\": \"LabCoord\", \"password\": \"pbkdf2_sha256$870000$UKXOI2b5BJHNFkEbbTQQzm$YQvuZi8C/WCJVba1I+WXcCb6Hc+ssLfIwM5+yW/ZZkY=\", \"username\": \"ctlabcoord@dlsu.edu.ph\", \"firstname\": \"CT\", \"last_login\": \"2025-03-09 14:20:22.367402\", \"date_joined\": \"2025-02-19 10:46:10.667810\", \"personal_id\": \"24059869\", \"is_superuser\": 0, \"is_deactivated\": 0}'),(94,'UPDATE','2025-03-09 14:20:49',NULL,'11','{\"email\": \"chem_labcoord@gmail.com\", \"user_id\": \"11\", \"is_staff\": 0, \"lastname\": \"labcoord\", \"password\": \"pbkdf2_sha256$870000$Mbz7qJhLtF7P6OM7s27xjI$03Ki/O3jwVri9lMNJjYCR8iShM0LCm3bSlHqGIFsmwE=\", \"username\": \"chem_labcoord@gmail.com\", \"firstname\": \"chem\", \"last_login\": \"2025-03-09 14:16:55.081455\", \"date_joined\": \"2024-10-29 16:06:45.001248\", \"personal_id\": \"\", \"is_superuser\": 0, \"is_deactivated\": 0}','{\"email\": \"chem_labcoord@gmail.com\", \"user_id\": \"11\", \"is_staff\": 0, \"lastname\": \"labcoord\", \"password\": \"pbkdf2_sha256$870000$Mbz7qJhLtF7P6OM7s27xjI$03Ki/O3jwVri9lMNJjYCR8iShM0LCm3bSlHqGIFsmwE=\", \"username\": \"chem_labcoord@gmail.com\", \"firstname\": \"chem\", \"last_login\": \"2025-03-09 14:20:51.115888\", \"date_joined\": \"2024-10-29 16:06:45.001248\", \"personal_id\": \"\", \"is_superuser\": 0, \"is_deactivated\": 0}'),(95,'UPDATE','2025-03-09 14:33:47',NULL,'20253420','{\"email\": \"luis.ostiaa@gmail.com\", \"user_id\": \"20253420\", \"is_staff\": 0, \"lastname\": \"Bond\", \"password\": \"pbkdf2_sha256$870000$0120yHaTkv28iIKRYh46z4$cN+qzToQIrYJnHqsJHHC0g7jVff5bVcnucnkRv8XgCQ=\", \"username\": null, \"firstname\": \"Agent\", \"last_login\": \"2025-03-09 13:05:03.195302\", \"date_joined\": \"2025-03-09 12:57:33.775454\", \"personal_id\": null, \"is_superuser\": 0, \"is_deactivated\": 0}','{\"email\": \"luis.ostiaa@gmail.com\", \"user_id\": \"20253420\", \"is_staff\": 0, \"lastname\": \"Bond\", \"password\": \"pbkdf2_sha256$870000$0120yHaTkv28iIKRYh46z4$cN+qzToQIrYJnHqsJHHC0g7jVff5bVcnucnkRv8XgCQ=\", \"username\": null, \"firstname\": \"Agent\", \"last_login\": \"2025-03-09 14:33:47.208003\", \"date_joined\": \"2025-03-09 12:57:33.775454\", \"personal_id\": null, \"is_superuser\": 0, \"is_deactivated\": 0}'),(96,'UPDATE','2025-03-09 15:16:23',NULL,'11','{\"email\": \"chem_labcoord@gmail.com\", \"user_id\": \"11\", \"is_staff\": 0, \"lastname\": \"labcoord\", \"password\": \"pbkdf2_sha256$870000$Mbz7qJhLtF7P6OM7s27xjI$03Ki/O3jwVri9lMNJjYCR8iShM0LCm3bSlHqGIFsmwE=\", \"username\": \"chem_labcoord@gmail.com\", \"firstname\": \"chem\", \"last_login\": \"2025-03-09 14:20:51.115888\", \"date_joined\": \"2024-10-29 16:06:45.001248\", \"personal_id\": \"\", \"is_superuser\": 0, \"is_deactivated\": 0}','{\"email\": \"chem_labcoord@gmail.com\", \"user_id\": \"11\", \"is_staff\": 0, \"lastname\": \"labcoord\", \"password\": \"pbkdf2_sha256$870000$Mbz7qJhLtF7P6OM7s27xjI$03Ki/O3jwVri9lMNJjYCR8iShM0LCm3bSlHqGIFsmwE=\", \"username\": \"chem_labcoord@gmail.com\", \"firstname\": \"chem\", \"last_login\": \"2025-03-09 15:16:23.266493\", \"date_joined\": \"2024-10-29 16:06:45.001248\", \"personal_id\": \"\", \"is_superuser\": 0, \"is_deactivated\": 0}'),(97,'UPDATE','2025-03-09 15:18:50',NULL,'13','{\"email\": \"chem_labtech@gmail.com\", \"user_id\": \"13\", \"is_staff\": 0, \"lastname\": \"labtech\", \"password\": \"pbkdf2_sha256$870000$o2ygBuGHGmiMu3gZvdZLj9$kXnyPxGpKsguK/7RxvzP4EMHzY8h+RtpDORQZrR1RtU=\", \"username\": \"chem_labtech@gmail.com\", \"firstname\": \"chem\", \"last_login\": \"2025-03-09 12:02:51.199725\", \"date_joined\": \"2024-10-29 15:27:51.246683\", \"personal_id\": \"\", \"is_superuser\": 0, \"is_deactivated\": 0}','{\"email\": \"chem_labtech@gmail.com\", \"user_id\": \"13\", \"is_staff\": 0, \"lastname\": \"labtech\", \"password\": \"pbkdf2_sha256$870000$o2ygBuGHGmiMu3gZvdZLj9$kXnyPxGpKsguK/7RxvzP4EMHzY8h+RtpDORQZrR1RtU=\", \"username\": \"chem_labtech@gmail.com\", \"firstname\": \"chem\", \"last_login\": \"2025-03-09 15:18:50.910093\", \"date_joined\": \"2024-10-29 15:27:51.246683\", \"personal_id\": \"\", \"is_superuser\": 0, \"is_deactivated\": 0}'),(98,'UPDATE','2025-03-09 15:20:07',NULL,'13','{\"email\": \"chem_labtech@gmail.com\", \"user_id\": \"13\", \"is_staff\": 0, \"lastname\": \"labtech\", \"password\": \"pbkdf2_sha256$870000$o2ygBuGHGmiMu3gZvdZLj9$kXnyPxGpKsguK/7RxvzP4EMHzY8h+RtpDORQZrR1RtU=\", \"username\": \"chem_labtech@gmail.com\", \"firstname\": \"chem\", \"last_login\": \"2025-03-09 15:18:50.910093\", \"date_joined\": \"2024-10-29 15:27:51.246683\", \"personal_id\": \"\", \"is_superuser\": 0, \"is_deactivated\": 0}','{\"email\": \"chem_labtech@gmail.com\", \"user_id\": \"13\", \"is_staff\": 0, \"lastname\": \"labtech\", \"password\": \"pbkdf2_sha256$870000$o2ygBuGHGmiMu3gZvdZLj9$kXnyPxGpKsguK/7RxvzP4EMHzY8h+RtpDORQZrR1RtU=\", \"username\": \"chem_labtech@gmail.com\", \"firstname\": \"chem\", \"last_login\": \"2025-03-09 15:20:07.779698\", \"date_joined\": \"2024-10-29 15:27:51.246683\", \"personal_id\": \"\", \"is_superuser\": 0, \"is_deactivated\": 0}'),(99,'UPDATE','2025-03-09 15:28:32',NULL,'11','{\"email\": \"chem_labcoord@gmail.com\", \"user_id\": \"11\", \"is_staff\": 0, \"lastname\": \"labcoord\", \"password\": \"pbkdf2_sha256$870000$Mbz7qJhLtF7P6OM7s27xjI$03Ki/O3jwVri9lMNJjYCR8iShM0LCm3bSlHqGIFsmwE=\", \"username\": \"chem_labcoord@gmail.com\", \"firstname\": \"chem\", \"last_login\": \"2025-03-09 15:16:23.266493\", \"date_joined\": \"2024-10-29 16:06:45.001248\", \"personal_id\": \"\", \"is_superuser\": 0, \"is_deactivated\": 0}','{\"email\": \"chem_labcoord@gmail.com\", \"user_id\": \"11\", \"is_staff\": 0, \"lastname\": \"labcoord\", \"password\": \"pbkdf2_sha256$870000$Mbz7qJhLtF7P6OM7s27xjI$03Ki/O3jwVri9lMNJjYCR8iShM0LCm3bSlHqGIFsmwE=\", \"username\": \"chem_labcoord@gmail.com\", \"firstname\": \"chem\", \"last_login\": \"2025-03-09 15:28:32.540057\", \"date_joined\": \"2024-10-29 16:06:45.001248\", \"personal_id\": \"\", \"is_superuser\": 0, \"is_deactivated\": 0}'),(100,'UPDATE','2025-03-09 16:45:12',NULL,'11','{\"email\": \"chem_labcoord@gmail.com\", \"user_id\": \"11\", \"is_staff\": 0, \"lastname\": \"labcoord\", \"password\": \"pbkdf2_sha256$870000$Mbz7qJhLtF7P6OM7s27xjI$03Ki/O3jwVri9lMNJjYCR8iShM0LCm3bSlHqGIFsmwE=\", \"username\": \"chem_labcoord@gmail.com\", \"firstname\": \"chem\", \"last_login\": \"2025-03-09 15:28:32.540057\", \"date_joined\": \"2024-10-29 16:06:45.001248\", \"personal_id\": \"\", \"is_superuser\": 0, \"is_deactivated\": 0}','{\"email\": \"chem_labcoord@gmail.com\", \"user_id\": \"11\", \"is_staff\": 0, \"lastname\": \"labcoord\", \"password\": \"pbkdf2_sha256$870000$Mbz7qJhLtF7P6OM7s27xjI$03Ki/O3jwVri9lMNJjYCR8iShM0LCm3bSlHqGIFsmwE=\", \"username\": \"chem_labcoord@gmail.com\", \"firstname\": \"chem\", \"last_login\": \"2025-03-09 16:45:12.995771\", \"date_joined\": \"2024-10-29 16:06:45.001248\", \"personal_id\": \"\", \"is_superuser\": 0, \"is_deactivated\": 0}'),(101,'UPDATE','2025-03-09 17:07:32',NULL,'20249750','{\"email\": \"juancrooz@dlsu.edu.ph\", \"user_id\": \"20249750\", \"is_staff\": 0, \"lastname\": \"Crooz\", \"password\": \"pbkdf2_sha256$870000$sL6kRxak28j7NWp5GsCuk2$FXOgSu+UE5mVUJSKFRWq03ltzNHyi6FcRvceQkUaUO4=\", \"username\": \"juancrooz@dlsu.edu.ph\", \"firstname\": \"Juan\", \"last_login\": \"2025-03-06 14:04:32.128367\", \"date_joined\": \"2024-11-19 00:56:34.178471\", \"personal_id\": \"12012345\", \"is_superuser\": 0, \"is_deactivated\": 0}','{\"email\": \"juancrooz@dlsu.edu.ph\", \"user_id\": \"20249750\", \"is_staff\": 0, \"lastname\": \"Crooz\", \"password\": \"pbkdf2_sha256$870000$sL6kRxak28j7NWp5GsCuk2$FXOgSu+UE5mVUJSKFRWq03ltzNHyi6FcRvceQkUaUO4=\", \"username\": \"juancrooz@dlsu.edu.ph\", \"firstname\": \"Juan\", \"last_login\": \"2025-03-09 17:07:32.290080\", \"date_joined\": \"2024-11-19 00:56:34.178471\", \"personal_id\": \"12012345\", \"is_superuser\": 0, \"is_deactivated\": 0}'),(102,'UPDATE','2025-03-10 03:20:10',NULL,'20244396','{\"email\": \"chem_student@dlsu.edu.ph\", \"user_id\": \"20244396\", \"is_staff\": 0, \"lastname\": \"Student\", \"password\": \"pbkdf2_sha256$870000$WCRrEvCcW072Bp1Lxrf98r$QbRKStc/pj+qGGl4vAb6vuJZImEzLaEHsRy/Ec0sdSg=\", \"username\": \"ChemStudent\", \"firstname\": \"Chem\", \"last_login\": \"2025-03-08 10:46:06.622370\", \"date_joined\": \"2024-11-18 07:22:49.415580\", \"personal_id\": \"12007889\", \"is_superuser\": 0, \"is_deactivated\": 0}','{\"email\": \"chem_student@dlsu.edu.ph\", \"user_id\": \"20244396\", \"is_staff\": 0, \"lastname\": \"Student\", \"password\": \"pbkdf2_sha256$870000$WCRrEvCcW072Bp1Lxrf98r$QbRKStc/pj+qGGl4vAb6vuJZImEzLaEHsRy/Ec0sdSg=\", \"username\": \"ChemStudent\", \"firstname\": \"Chem\", \"last_login\": \"2025-03-10 03:20:10.143671\", \"date_joined\": \"2024-11-18 07:22:49.415580\", \"personal_id\": \"12007889\", \"is_superuser\": 0, \"is_deactivated\": 0}'),(103,'UPDATE','2025-03-10 03:27:36',NULL,'2','{\"email\": \"kenneth_uy@dlsu.edu.ph\", \"user_id\": \"2\", \"is_staff\": 0, \"lastname\": \"uy\", \"password\": \"\", \"username\": \"kenneth_uy\", \"firstname\": \"ken\", \"last_login\": \"2025-03-09 13:45:33.845199\", \"date_joined\": \"2024-10-28 09:45:35.136035\", \"personal_id\": \"12027774\", \"is_superuser\": 0, \"is_deactivated\": 0}','{\"email\": \"kenneth_uy@dlsu.edu.ph\", \"user_id\": \"2\", \"is_staff\": 0, \"lastname\": \"uy\", \"password\": \"\", \"username\": \"kenneth_uy\", \"firstname\": \"ken\", \"last_login\": \"2025-03-10 03:27:36.431433\", \"date_joined\": \"2024-10-28 09:45:35.136035\", \"personal_id\": \"12027774\", \"is_superuser\": 0, \"is_deactivated\": 0}'),(104,'UPDATE','2025-03-10 03:28:32',NULL,'20244396','{\"email\": \"chem_student@dlsu.edu.ph\", \"user_id\": \"20244396\", \"is_staff\": 0, \"lastname\": \"Student\", \"password\": \"pbkdf2_sha256$870000$WCRrEvCcW072Bp1Lxrf98r$QbRKStc/pj+qGGl4vAb6vuJZImEzLaEHsRy/Ec0sdSg=\", \"username\": \"ChemStudent\", \"firstname\": \"Chem\", \"last_login\": \"2025-03-10 03:20:10.143671\", \"date_joined\": \"2024-11-18 07:22:49.415580\", \"personal_id\": \"12007889\", \"is_superuser\": 0, \"is_deactivated\": 0}','{\"email\": \"chem_student@dlsu.edu.ph\", \"user_id\": \"20244396\", \"is_staff\": 0, \"lastname\": \"Student\", \"password\": \"pbkdf2_sha256$870000$WCRrEvCcW072Bp1Lxrf98r$QbRKStc/pj+qGGl4vAb6vuJZImEzLaEHsRy/Ec0sdSg=\", \"username\": \"ChemStudent\", \"firstname\": \"Chem\", \"last_login\": \"2025-03-10 03:28:32.152748\", \"date_joined\": \"2024-11-18 07:22:49.415580\", \"personal_id\": \"12007889\", \"is_superuser\": 0, \"is_deactivated\": 0}'),(105,'UPDATE','2025-03-10 03:42:09',NULL,'20244396','{\"email\": \"chem_student@dlsu.edu.ph\", \"user_id\": \"20244396\", \"is_staff\": 0, \"lastname\": \"Student\", \"password\": \"pbkdf2_sha256$870000$WCRrEvCcW072Bp1Lxrf98r$QbRKStc/pj+qGGl4vAb6vuJZImEzLaEHsRy/Ec0sdSg=\", \"username\": \"ChemStudent\", \"firstname\": \"Chem\", \"last_login\": \"2025-03-10 03:28:32.152748\", \"date_joined\": \"2024-11-18 07:22:49.415580\", \"personal_id\": \"12007889\", \"is_superuser\": 0, \"is_deactivated\": 0}','{\"email\": \"chem_student@dlsu.edu.ph\", \"user_id\": \"20244396\", \"is_staff\": 0, \"lastname\": \"Student\", \"password\": \"pbkdf2_sha256$870000$WCRrEvCcW072Bp1Lxrf98r$QbRKStc/pj+qGGl4vAb6vuJZImEzLaEHsRy/Ec0sdSg=\", \"username\": \"ChemStudent\", \"firstname\": \"Chem\", \"last_login\": \"2025-03-10 03:42:10.401236\", \"date_joined\": \"2024-11-18 07:22:49.415580\", \"personal_id\": \"12007889\", \"is_superuser\": 0, \"is_deactivated\": 0}');
/*!40000 ALTER TABLE `audit_core_user` ENABLE KEYS */;
UNLOCK TABLES;

--
-- Table structure for table `audit_core_workinprogress`
--

DROP TABLE IF EXISTS `audit_core_workinprogress`;
/*!40101 SET @saved_cs_client     = @@character_set_client */;
/*!50503 SET character_set_client = utf8mb4 */;
CREATE TABLE `audit_core_workinprogress` (
  `id` bigint NOT NULL AUTO_INCREMENT,
  `operation` enum('INSERT','UPDATE','DELETE') NOT NULL,
  `changed_at` timestamp NULL DEFAULT CURRENT_TIMESTAMP,
  `changed_by` varchar(255) DEFAULT NULL,
  `primary_key` varchar(20) NOT NULL,
  `old_values` json DEFAULT NULL,
  `new_values` json DEFAULT NULL,
  PRIMARY KEY (`id`)
) ENGINE=InnoDB AUTO_INCREMENT=13 DEFAULT CHARSET=utf8mb4 COLLATE=utf8mb4_0900_ai_ci;
/*!40101 SET character_set_client = @saved_cs_client */;

--
-- Dumping data for table `audit_core_workinprogress`
--

LOCK TABLES `audit_core_workinprogress` WRITE;
/*!40000 ALTER TABLE `audit_core_workinprogress` DISABLE KEYS */;
INSERT INTO `audit_core_workinprogress` VALUES (1,'UPDATE','2025-03-05 12:43:23','2','50120254805','{\"status\": \"A\", \"wip_id\": \"50120254805\", \"remarks\": \"no name\", \"room_id\": \"90220243443\", \"user_id\": \"2\", \"end_time\": \"2025-02-23 17:33:00.000000\", \"wip_image\": \"uploads/wip_images/452269573_1000232445086416_4168848485558538638_n.png\", \"start_time\": \"2025-02-24 17:34:16.220719\", \"description\": \"black bottle\", \"laboratory_id\": \"1\"}','{\"status\": \"C\", \"wip_id\": \"50120254805\", \"remarks\": \"no name\", \"room_id\": \"90220243443\", \"user_id\": \"2\", \"end_time\": \"2025-02-23 17:33:00.000000\", \"wip_image\": \"uploads/wip_images/452269573_1000232445086416_4168848485558538638_n.png\", \"start_time\": \"2025-02-24 17:34:16.220719\", \"description\": \"black bottle\", \"laboratory_id\": \"1\"}'),(2,'INSERT','2025-03-05 12:52:58','20244396','50120256792',NULL,'{\"status\": \"A\", \"wip_id\": \"50120256792\", \"remarks\": \"For Thesis\", \"room_id\": \"90220243443\", \"user_id\": \"20244396\", \"end_time\": \"2025-03-03 21:49:00.000000\", \"wip_image\": \"\", \"start_time\": \"2025-03-05 12:52:58.883219\", \"description\": \"Thesis Project\", \"laboratory_id\": \"1\"}'),(3,'UPDATE','2025-03-05 13:19:19','11','50120256792','{\"status\": \"A\", \"wip_id\": \"50120256792\", \"remarks\": \"For Thesis\", \"room_id\": \"90220243443\", \"user_id\": \"20244396\", \"end_time\": \"2025-03-03 21:49:00.000000\", \"wip_image\": \"\", \"start_time\": \"2025-03-05 12:52:58.883219\", \"description\": \"Thesis Project\", \"laboratory_id\": \"1\"}','{\"status\": \"C\", \"wip_id\": \"50120256792\", \"remarks\": \"For Thesis\", \"room_id\": \"90220243443\", \"user_id\": \"20244396\", \"end_time\": \"2025-03-03 21:49:00.000000\", \"wip_image\": \"\", \"start_time\": \"2025-03-05 12:52:58.883219\", \"description\": \"Thesis Project\", \"laboratory_id\": \"1\"}'),(4,'UPDATE','2025-03-05 13:21:26','11','50120258394','{\"status\": \"A\", \"wip_id\": \"50120258394\", \"remarks\": \"fhdfh\", \"room_id\": \"90220247773\", \"user_id\": \"5\", \"end_time\": null, \"wip_image\": null, \"start_time\": \"2025-02-06 17:08:17.964731\", \"description\": \"ryrty\", \"laboratory_id\": \"1\"}','{\"status\": \"C\", \"wip_id\": \"50120258394\", \"remarks\": \"fhdfh\", \"room_id\": \"90220247773\", \"user_id\": \"5\", \"end_time\": null, \"wip_image\": \"\", \"start_time\": \"2025-02-06 17:08:17.964731\", \"description\": \"ryrty\", \"laboratory_id\": \"1\"}'),(5,'INSERT','2025-03-05 13:24:33','2','50120253583',NULL,'{\"status\": \"A\", \"wip_id\": \"50120253583\", \"remarks\": \"in shelf 1\", \"room_id\": \"90220247773\", \"user_id\": \"2\", \"end_time\": \"2025-03-20 05:24:00.000000\", \"wip_image\": \"\", \"start_time\": \"2025-03-05 13:24:33.652669\", \"description\": \"black tube\", \"laboratory_id\": \"1\"}'),(6,'UPDATE','2025-03-05 13:24:58','11','50120253583','{\"status\": \"A\", \"wip_id\": \"50120253583\", \"remarks\": \"in shelf 1\", \"room_id\": \"90220247773\", \"user_id\": \"2\", \"end_time\": \"2025-03-20 05:24:00.000000\", \"wip_image\": \"\", \"start_time\": \"2025-03-05 13:24:33.652669\", \"description\": \"black tube\", \"laboratory_id\": \"1\"}','{\"status\": \"C\", \"wip_id\": \"50120253583\", \"remarks\": \"in shelf 1\", \"room_id\": \"90220247773\", \"user_id\": \"2\", \"end_time\": \"2025-03-20 05:24:00.000000\", \"wip_image\": \"\", \"start_time\": \"2025-03-05 13:24:33.652669\", \"description\": \"black tube\", \"laboratory_id\": \"1\"}'),(7,'INSERT','2025-03-05 13:25:38','2','50120253531',NULL,'{\"status\": \"A\", \"wip_id\": \"50120253531\", \"remarks\": \"blue box\", \"room_id\": \"90220243443\", \"user_id\": \"2\", \"end_time\": \"2025-03-26 13:25:00.000000\", \"wip_image\": \"\", \"start_time\": \"2025-03-05 13:25:38.305499\", \"description\": \"matchbox\", \"laboratory_id\": \"1\"}'),(8,'UPDATE','2025-03-05 13:25:51','2','50120253531','{\"status\": \"A\", \"wip_id\": \"50120253531\", \"remarks\": \"blue box\", \"room_id\": \"90220243443\", \"user_id\": \"2\", \"end_time\": \"2025-03-26 13:25:00.000000\", \"wip_image\": \"\", \"start_time\": \"2025-03-05 13:25:38.305499\", \"description\": \"matchbox\", \"laboratory_id\": \"1\"}','{\"status\": \"C\", \"wip_id\": \"50120253531\", \"remarks\": \"blue box\", \"room_id\": \"90220243443\", \"user_id\": \"2\", \"end_time\": \"2025-03-26 13:25:00.000000\", \"wip_image\": \"\", \"start_time\": \"2025-03-05 13:25:38.305499\", \"description\": \"matchbox\", \"laboratory_id\": \"1\"}'),(9,'INSERT','2025-03-05 13:39:52','20244396','50120251582',NULL,'{\"status\": \"A\", \"wip_id\": \"50120251582\", \"remarks\": \"Thesis\", \"room_id\": \"90220243443\", \"user_id\": \"20244396\", \"end_time\": \"2025-03-11 09:40:00.000000\", \"wip_image\": \"\", \"start_time\": \"2025-03-05 13:39:52.530836\", \"description\": \"Thesis\", \"laboratory_id\": \"1\"}'),(10,'UPDATE','2025-03-05 13:41:04','13','50120251582','{\"status\": \"A\", \"wip_id\": \"50120251582\", \"remarks\": \"Thesis\", \"room_id\": \"90220243443\", \"user_id\": \"20244396\", \"end_time\": \"2025-03-11 09:40:00.000000\", \"wip_image\": \"\", \"start_time\": \"2025-03-05 13:39:52.530836\", \"description\": \"Thesis\", \"laboratory_id\": \"1\"}','{\"status\": \"C\", \"wip_id\": \"50120251582\", \"remarks\": \"Thesis\", \"room_id\": \"90220243443\", \"user_id\": \"20244396\", \"end_time\": \"2025-03-11 09:40:00.000000\", \"wip_image\": \"\", \"start_time\": \"2025-03-05 13:39:52.530836\", \"description\": \"Thesis\", \"laboratory_id\": \"1\"}'),(11,'INSERT','2025-03-05 13:42:00','20244396','50120252347',NULL,'{\"status\": \"A\", \"wip_id\": \"50120252347\", \"remarks\": \"asdf\", \"room_id\": \"90220243443\", \"user_id\": \"20244396\", \"end_time\": \"2025-03-14 01:41:00.000000\", \"wip_image\": \"uploads/wip_images/image_2025-03-05_214155318.png\", \"start_time\": \"2025-03-05 13:42:00.601519\", \"description\": \"assdf\", \"laboratory_id\": \"1\"}'),(12,'INSERT','2025-03-10 03:27:16','20244396','50120257645',NULL,'{\"status\": \"A\", \"wip_id\": \"50120257645\", \"remarks\": \"make sure to keep in shelf\", \"room_id\": \"90220243443\", \"user_id\": \"20244396\", \"end_time\": \"2025-03-13 03:25:00.000000\", \"wip_image\": \"uploads/wip_images/QR_Ammonium_Sulfate_102101202462390003.png\", \"start_time\": \"2025-03-10 03:27:16.250729\", \"description\": \"black box\", \"laboratory_id\": \"1\"}');
/*!40000 ALTER TABLE `audit_core_workinprogress` ENABLE KEYS */;
UNLOCK TABLES;

--
-- Table structure for table `auth_group`
--

DROP TABLE IF EXISTS `auth_group`;
/*!40101 SET @saved_cs_client     = @@character_set_client */;
/*!50503 SET character_set_client = utf8mb4 */;
CREATE TABLE `auth_group` (
  `id` int NOT NULL AUTO_INCREMENT,
  `name` varchar(150) NOT NULL,
  PRIMARY KEY (`id`),
  UNIQUE KEY `name` (`name`)
) ENGINE=InnoDB DEFAULT CHARSET=utf8mb4 COLLATE=utf8mb4_0900_ai_ci;
/*!40101 SET character_set_client = @saved_cs_client */;

--
-- Dumping data for table `auth_group`
--

LOCK TABLES `auth_group` WRITE;
/*!40000 ALTER TABLE `auth_group` DISABLE KEYS */;
/*!40000 ALTER TABLE `auth_group` ENABLE KEYS */;
UNLOCK TABLES;

--
-- Table structure for table `auth_group_permissions`
--

DROP TABLE IF EXISTS `auth_group_permissions`;
/*!40101 SET @saved_cs_client     = @@character_set_client */;
/*!50503 SET character_set_client = utf8mb4 */;
CREATE TABLE `auth_group_permissions` (
  `id` bigint NOT NULL AUTO_INCREMENT,
  `group_id` int NOT NULL,
  `permission_id` int NOT NULL,
  PRIMARY KEY (`id`),
  UNIQUE KEY `auth_group_permissions_group_id_permission_id_0cd325b0_uniq` (`group_id`,`permission_id`),
  KEY `auth_group_permissio_permission_id_84c5c92e_fk_auth_perm` (`permission_id`),
  CONSTRAINT `auth_group_permissio_permission_id_84c5c92e_fk_auth_perm` FOREIGN KEY (`permission_id`) REFERENCES `auth_permission` (`id`),
  CONSTRAINT `auth_group_permissions_group_id_b120cbf9_fk_auth_group_id` FOREIGN KEY (`group_id`) REFERENCES `auth_group` (`id`)
) ENGINE=InnoDB DEFAULT CHARSET=utf8mb4 COLLATE=utf8mb4_0900_ai_ci;
/*!40101 SET character_set_client = @saved_cs_client */;

--
-- Dumping data for table `auth_group_permissions`
--

LOCK TABLES `auth_group_permissions` WRITE;
/*!40000 ALTER TABLE `auth_group_permissions` DISABLE KEYS */;
/*!40000 ALTER TABLE `auth_group_permissions` ENABLE KEYS */;
UNLOCK TABLES;

--
-- Table structure for table `auth_permission`
--

DROP TABLE IF EXISTS `auth_permission`;
/*!40101 SET @saved_cs_client     = @@character_set_client */;
/*!50503 SET character_set_client = utf8mb4 */;
CREATE TABLE `auth_permission` (
  `id` int NOT NULL AUTO_INCREMENT,
  `name` varchar(255) NOT NULL,
  `content_type_id` int NOT NULL,
  `codename` varchar(100) NOT NULL,
  PRIMARY KEY (`id`),
  UNIQUE KEY `auth_permission_content_type_id_codename_01ab375a_uniq` (`content_type_id`,`codename`),
  CONSTRAINT `auth_permission_content_type_id_2f476e4b_fk_django_co` FOREIGN KEY (`content_type_id`) REFERENCES `django_content_type` (`id`)
) ENGINE=InnoDB AUTO_INCREMENT=145 DEFAULT CHARSET=utf8mb4 COLLATE=utf8mb4_0900_ai_ci;
/*!40101 SET character_set_client = @saved_cs_client */;

--
-- Dumping data for table `auth_permission`
--

LOCK TABLES `auth_permission` WRITE;
/*!40000 ALTER TABLE `auth_permission` DISABLE KEYS */;
INSERT INTO `auth_permission` VALUES (1,'Can add user',1,'add_user'),(2,'Can change user',1,'change_user'),(3,'Can delete user',1,'delete_user'),(4,'Can view user',1,'view_user'),(5,'Can add laboratory',2,'add_laboratory'),(6,'Can change laboratory',2,'change_laboratory'),(7,'Can delete laboratory',2,'delete_laboratory'),(8,'Can view laboratory',2,'view_laboratory'),(9,'Can add item_inventory',3,'add_item_inventory'),(10,'Can change item_inventory',3,'change_item_inventory'),(11,'Can delete item_inventory',3,'delete_item_inventory'),(12,'Can view item_inventory',3,'view_item_inventory'),(13,'Can add module',4,'add_module'),(14,'Can change module',4,'change_module'),(15,'Can delete module',4,'delete_module'),(16,'Can view module',4,'view_module'),(17,'Can add shopping item',5,'add_shoppingitem'),(18,'Can change shopping item',5,'change_shoppingitem'),(19,'Can delete shopping item',5,'delete_shoppingitem'),(20,'Can view shopping item',5,'view_shoppingitem'),(21,'Can add borrow_info',6,'add_borrow_info'),(22,'Can change borrow_info',6,'change_borrow_info'),(23,'Can delete borrow_info',6,'delete_borrow_info'),(24,'Can view borrow_info',6,'view_borrow_info'),(25,'Can add borrowing_config',7,'add_borrowing_config'),(26,'Can change borrowing_config',7,'change_borrowing_config'),(27,'Can delete borrowing_config',7,'delete_borrowing_config'),(28,'Can view borrowing_config',7,'view_borrowing_config'),(29,'Can add item_description',8,'add_item_description'),(30,'Can change item_description',8,'change_item_description'),(31,'Can delete item_description',8,'delete_item_description'),(32,'Can view item_description',8,'view_item_description'),(33,'Can add item_expirations',9,'add_item_expirations'),(34,'Can change item_expirations',9,'change_item_expirations'),(35,'Can delete item_expirations',9,'delete_item_expirations'),(36,'Can view item_expirations',9,'view_item_expirations'),(37,'Can add item_handling',10,'add_item_handling'),(38,'Can change item_handling',10,'change_item_handling'),(39,'Can delete item_handling',10,'delete_item_handling'),(40,'Can view item_handling',10,'view_item_handling'),(41,'Can add item_types',11,'add_item_types'),(42,'Can change item_types',11,'change_item_types'),(43,'Can delete item_types',11,'delete_item_types'),(44,'Can view item_types',11,'view_item_types'),(45,'Can add laboratory_roles',12,'add_laboratory_roles'),(46,'Can change laboratory_roles',12,'change_laboratory_roles'),(47,'Can delete laboratory_roles',12,'delete_laboratory_roles'),(48,'Can view laboratory_roles',12,'view_laboratory_roles'),(49,'Can add laboratory_users',13,'add_laboratory_users'),(50,'Can change laboratory_users',13,'change_laboratory_users'),(51,'Can delete laboratory_users',13,'delete_laboratory_users'),(52,'Can view laboratory_users',13,'view_laboratory_users'),(53,'Can add notification',14,'add_notification'),(54,'Can change notification',14,'change_notification'),(55,'Can delete notification',14,'delete_notification'),(56,'Can view notification',14,'view_notification'),(57,'Can add permissions',15,'add_permissions'),(58,'Can change permissions',15,'change_permissions'),(59,'Can delete permissions',15,'delete_permissions'),(60,'Can view permissions',15,'view_permissions'),(61,'Can add reported_items',16,'add_reported_items'),(62,'Can change reported_items',16,'change_reported_items'),(63,'Can delete reported_items',16,'delete_reported_items'),(64,'Can view reported_items',16,'view_reported_items'),(65,'Can add reservation_config',17,'add_reservation_config'),(66,'Can change reservation_config',17,'change_reservation_config'),(67,'Can delete reservation_config',17,'delete_reservation_config'),(68,'Can view reservation_config',17,'view_reservation_config'),(69,'Can add rooms',18,'add_rooms'),(70,'Can change rooms',18,'change_rooms'),(71,'Can delete rooms',18,'delete_rooms'),(72,'Can view rooms',18,'view_rooms'),(73,'Can add room table',19,'add_roomtable'),(74,'Can change room table',19,'change_roomtable'),(75,'Can delete room table',19,'delete_roomtable'),(76,'Can view room table',19,'view_roomtable'),(77,'Can add laboratory_reservations',20,'add_laboratory_reservations'),(78,'Can change laboratory_reservations',20,'change_laboratory_reservations'),(79,'Can delete laboratory_reservations',20,'delete_laboratory_reservations'),(80,'Can view laboratory_reservations',20,'view_laboratory_reservations'),(81,'Can add suppliers',21,'add_suppliers'),(82,'Can change suppliers',21,'change_suppliers'),(83,'Can delete suppliers',21,'delete_suppliers'),(84,'Can view suppliers',21,'view_suppliers'),(85,'Can add work in progress',22,'add_workinprogress'),(86,'Can change work in progress',22,'change_workinprogress'),(87,'Can delete work in progress',22,'delete_workinprogress'),(88,'Can view work in progress',22,'view_workinprogress'),(89,'Can add borrowed_items',23,'add_borrowed_items'),(90,'Can change borrowed_items',23,'change_borrowed_items'),(91,'Can delete borrowed_items',23,'delete_borrowed_items'),(92,'Can view borrowed_items',23,'view_borrowed_items'),(93,'Can add laboratory_permissions',24,'add_laboratory_permissions'),(94,'Can change laboratory_permissions',24,'change_laboratory_permissions'),(95,'Can delete laboratory_permissions',24,'delete_laboratory_permissions'),(96,'Can view laboratory_permissions',24,'view_laboratory_permissions'),(97,'Can add log entry',25,'add_logentry'),(98,'Can change log entry',25,'change_logentry'),(99,'Can delete log entry',25,'delete_logentry'),(100,'Can view log entry',25,'view_logentry'),(101,'Can add permission',26,'add_permission'),(102,'Can change permission',26,'change_permission'),(103,'Can delete permission',26,'delete_permission'),(104,'Can view permission',26,'view_permission'),(105,'Can add group',27,'add_group'),(106,'Can change group',27,'change_group'),(107,'Can delete group',27,'delete_group'),(108,'Can view group',27,'view_group'),(109,'Can add content type',28,'add_contenttype'),(110,'Can change content type',28,'change_contenttype'),(111,'Can delete content type',28,'delete_contenttype'),(112,'Can view content type',28,'view_contenttype'),(113,'Can add session',29,'add_session'),(114,'Can change session',29,'change_session'),(115,'Can delete session',29,'delete_session'),(116,'Can view session',29,'view_session'),(117,'Can add site',30,'add_site'),(118,'Can change site',30,'change_site'),(119,'Can delete site',30,'delete_site'),(120,'Can view site',30,'view_site'),(121,'Can add email address',31,'add_emailaddress'),(122,'Can change email address',31,'change_emailaddress'),(123,'Can delete email address',31,'delete_emailaddress'),(124,'Can view email address',31,'view_emailaddress'),(125,'Can add email confirmation',32,'add_emailconfirmation'),(126,'Can change email confirmation',32,'change_emailconfirmation'),(127,'Can delete email confirmation',32,'delete_emailconfirmation'),(128,'Can view email confirmation',32,'view_emailconfirmation'),(129,'Can add social account',33,'add_socialaccount'),(130,'Can change social account',33,'change_socialaccount'),(131,'Can delete social account',33,'delete_socialaccount'),(132,'Can view social account',33,'view_socialaccount'),(133,'Can add social application',34,'add_socialapp'),(134,'Can change social application',34,'change_socialapp'),(135,'Can delete social application',34,'delete_socialapp'),(136,'Can view social application',34,'view_socialapp'),(137,'Can add social application token',35,'add_socialtoken'),(138,'Can change social application token',35,'change_socialtoken'),(139,'Can delete social application token',35,'delete_socialtoken'),(140,'Can view social application token',35,'view_socialtoken'),(141,'Can add inventory file',36,'add_inventoryfile'),(142,'Can change inventory file',36,'change_inventoryfile'),(143,'Can delete inventory file',36,'delete_inventoryfile'),(144,'Can view inventory file',36,'view_inventoryfile');
/*!40000 ALTER TABLE `auth_permission` ENABLE KEYS */;
UNLOCK TABLES;

--
-- Table structure for table `core_borrow_info`
--

DROP TABLE IF EXISTS `core_borrow_info`;
/*!40101 SET @saved_cs_client     = @@character_set_client */;
/*!50503 SET character_set_client = utf8mb4 */;
CREATE TABLE `core_borrow_info` (
  `borrow_id` varchar(20) NOT NULL,
  `b_user_id` varchar(20) DEFAULT NULL,
  `request_date` datetime(6) DEFAULT NULL,
  `borrow_date` date DEFAULT NULL,
  `due_date` date DEFAULT NULL,
  `status` varchar(1) DEFAULT NULL,
  `questions_responses` json NOT NULL,
  `remarks` varchar(45) DEFAULT NULL,
  `notification_sent` tinyint(1) NOT NULL,
  `approved_by_id` varchar(20) DEFAULT NULL,
  `user_id` varchar(20) DEFAULT NULL,
  `laboratory_id` varchar(20) NOT NULL,
  PRIMARY KEY (`borrow_id`),
  KEY `core_borrow_info_approved_by_id_660d5ff4_fk_core_user_user_id` (`approved_by_id`),
  KEY `core_borrow_info_user_id_666f1b4a_fk_core_user_user_id` (`user_id`),
  KEY `core_borrow_info_laboratory_id_f00ec501_fk_core_labo` (`laboratory_id`),
  CONSTRAINT `core_borrow_info_approved_by_id_660d5ff4_fk_core_user_user_id` FOREIGN KEY (`approved_by_id`) REFERENCES `core_user` (`user_id`),
  CONSTRAINT `core_borrow_info_laboratory_id_f00ec501_fk_core_labo` FOREIGN KEY (`laboratory_id`) REFERENCES `core_laboratory` (`laboratory_id`),
  CONSTRAINT `core_borrow_info_user_id_666f1b4a_fk_core_user_user_id` FOREIGN KEY (`user_id`) REFERENCES `core_user` (`user_id`)
) ENGINE=InnoDB DEFAULT CHARSET=utf8mb4 COLLATE=utf8mb4_0900_ai_ci;
/*!40101 SET character_set_client = @saved_cs_client */;

--
-- Dumping data for table `core_borrow_info`
--

LOCK TABLES `core_borrow_info` WRITE;
/*!40000 ALTER TABLE `core_borrow_info` DISABLE KEYS */;
INSERT INTO `core_borrow_info` VALUES ('19',NULL,'2024-10-25 07:08:13.653478','2024-10-29','2024-10-29','X','{}',NULL,0,'2',NULL,'1'),('20120240446',NULL,'2024-11-16 09:50:56.912911','2024-11-16','2024-11-16','B','{\"Thesis or not\": \"yes\"}','',0,NULL,'2','1'),('20120240508',NULL,'2024-11-10 06:33:22.252705','2024-11-13','2024-11-13','X','{\"Faculty to charge\": \"smaple\"}',NULL,0,'2','2','1'),('20120240651',NULL,'2024-11-15 12:46:26.401751','2024-11-15','2024-11-15','B','{\"Thesis or not\": \"yes\"}','gdfg',0,NULL,'2','1'),('20120240696',NULL,'2024-11-16 09:25:27.368909','2024-11-26','2024-11-26','D','{\"Thesis or not\": \"yes\"}','not allowed',0,'2','2','1'),('20120240871',NULL,'2024-11-16 09:25:09.236624','2024-11-28','2024-11-28','A','{\"Thesis or not\": \"yes\"}',NULL,0,'2','2','1'),('20120240933','12027774','2024-11-15 07:40:42.830833','2024-11-21','2024-11-21','B','{\"Thesis or not\": \"yes\"}','low stock',0,'2','2','1'),('20120241462','None','2024-11-18 07:34:36.386033','2024-11-22','2024-11-22','X','{\"Thesis or not\": null}',NULL,0,'11','20244396','1'),('20120241609','12027774','2024-11-17 11:16:24.469834','2024-11-22','2024-11-22','B','{\"Thesis or not\": null}','Accepted',0,'2','2','1'),('20120241713','12027774','2024-11-15 02:27:40.915013','2024-11-27','2024-11-27','B','{\"Thesis or not\": \"yes\"}','Accepted',0,NULL,'2','1'),('20120241793',NULL,'2024-11-14 07:22:36.188645','2024-11-10','2024-11-18','X','{\"Thesis or not\": null}','did not get the items',0,NULL,'2','1'),('20120241849',NULL,'2024-11-16 09:49:14.353293','2024-11-16','2024-11-16','B','{\"Thesis or not\": \"\"}',NULL,0,NULL,'2','1'),('20120241870','12027774','2024-11-08 07:11:58.941415','2024-11-09','2024-11-09','X','{\"Faculty to charge\": \"smaple\"}','Accepted',0,NULL,'2','1'),('20120242159','12027774','2024-11-15 02:34:55.277472','2024-11-20','2024-11-20','B','{\"Thesis or not\": \"yes\"}','low qty',0,NULL,'2','1'),('20120242472',NULL,'2024-11-15 07:02:51.191249','2024-11-15','2024-11-15','B','{\"Thesis or not\": \"yes\"}',NULL,0,'2','2','1'),('20120242565',NULL,'2024-11-15 07:04:24.710793','2024-11-15','2024-11-15','B','{\"Thesis or not\": \"\"}',NULL,0,'2','2','1'),('20120243112','12027774','2024-11-11 13:31:35.211659','2024-11-14','2024-11-14','B','{\"Faculty to charge\": \"testing on hold\"}',NULL,0,'2','2','1'),('20120243677',NULL,'2024-11-10 06:27:13.237344','2024-11-01','2024-11-14','X','{\"Faculty to charge\": \"smaple\"}',NULL,0,'2','2','1'),('20120244782',NULL,'2024-11-16 09:50:04.144002','2024-11-16','2024-11-16','B','{\"Thesis or not\": \"yes\"}',NULL,0,NULL,'2','1'),('20120245783','12027774','2024-11-15 11:19:38.133097','2024-11-27','2024-11-27','B','{\"Thesis or not\": \"yes\"}',NULL,0,'2','2','1'),('20120245905',NULL,'2024-11-16 10:15:21.127043','2024-11-28','2024-11-28','A','{\"Thesis or not\": null}','low stock',0,'2','2','1'),('20120246370',NULL,'2024-11-17 11:16:55.302668','2024-11-17','2024-11-17','X','{\"Thesis or not\": \"\"}',NULL,0,NULL,'2','1'),('20120246582','12027774','2024-11-18 08:28:41.687074','2024-11-21','2024-11-21','A','{\"Thesis or not\": \"False\"}','lack of supply',0,'11','2','1'),('20120247566',NULL,'2024-11-15 01:52:44.865540','2024-11-29','2024-11-29','B','{\"Thesis or not\": \"yes\"}','Accepted',0,NULL,'2','1'),('20120247666',NULL,'2024-11-16 17:11:54.413315','2024-11-22','2024-11-22','A','{\"Thesis or not\": null}','Accepted',0,'2','2','1'),('20120248081',NULL,'2024-11-16 09:31:23.182014','2024-11-29','2024-11-29','A','{\"Thesis or not\": \"yes\"}','Accepted',0,'2','2','1'),('20120248237','12027774','2024-11-15 01:17:32.840836','2024-11-17','2024-11-17','X','{\"Thesis or not\": \"yes\"}','Accepted',0,NULL,'2','1'),('20120249113',NULL,'2024-11-15 07:05:44.430637','2024-11-15','2024-11-15','L','{\"Thesis or not\": \"no\"}','',0,'2','2','1'),('20120249134',NULL,'2024-11-11 12:52:10.351450','2024-11-21','2024-11-21','D','{\"Faculty to charge\": \"smaple\"}',NULL,0,'2','2','1'),('20120249262',NULL,'2024-11-10 18:50:19.560045','2024-11-13','2024-11-13','X','{\"Faculty to charge\": \"CHEM\"}',NULL,0,'20248922','20248922','1'),('20120249838','12027774','2024-11-16 09:12:13.681118','2024-11-19','2024-11-19','B','{\"Thesis or not\": null}','lo qual',0,'2','2','1'),('20120249997',NULL,'2024-11-15 12:04:49.957983','2024-11-15','2024-11-15','B','{\"Thesis or not\": \"yes\"}','fhgf',0,NULL,'2','1'),('20120250485','None','2025-03-04 12:42:38.942002','2025-03-07','2025-03-09','P','{\"Thesis or not\": null}',NULL,0,NULL,'20244396','1'),('20120250606','12027774','2025-02-21 07:10:00.396494','2025-02-27','2025-02-27','A','{\"Thesis or not\": null}',NULL,0,NULL,'2','1'),('20120251213',NULL,'2025-02-04 15:51:27.857331','2025-02-26','2025-02-26','A','{\"Thesis or not\": \"True\"}',NULL,0,NULL,'2','1'),('20120252000','None','2025-02-26 12:38:08.921834','2025-03-01','2025-03-01','A','{\"Thesis or not\": null}',NULL,0,NULL,'20244396','1'),('20120252406','None','2025-02-21 07:25:42.000000','2025-02-21','2025-02-21','L','{\"Chem Student\": \"False\", \"Thesis or not\": \"True\"}','',0,NULL,'20244396','1'),('20120252423','None','2025-02-21 06:36:55.575308','2025-02-24','2025-02-26','A','{\"Thesis or not\": \"True\"}',NULL,1,'11','20244396','1'),('20120252441','None','2025-02-21 06:50:12.000000','2025-02-21','2025-02-21','B','{\"Thesis or not\": \"False\"}',NULL,0,NULL,'20244396','1'),('20120252452','None','2025-02-16 04:25:35.000000','2025-02-16','2025-02-16','L','{\"Thesis or not\": \"True\"}','a',0,NULL,'20244396','1'),('20120252620','12027774','2025-02-09 17:52:23.638052','2025-02-20','2025-02-20','A','{\"Thesis or not\": null}',NULL,0,NULL,'2','1'),('20120252822','12012345','2025-02-17 06:00:18.000000','2025-02-17','2025-02-17','B','{\"Thesis or not\": \"True\"}',NULL,0,NULL,'20249750','1'),('20120253171',NULL,'2025-02-04 15:42:03.672509','2025-02-12','2025-02-12','P','{\"Thesis or not\": \"True\"}',NULL,1,NULL,'2','1'),('20120253819','12027774','2025-03-02 08:59:54.452299','2025-03-27','2025-03-27','A','{\"Thesis or not\": null}',NULL,0,NULL,'2','1'),('20120254031','12027774','2025-02-24 10:11:12.949709','2025-02-27','2025-02-27','A','{\"Thesis or not\": \"True\"}',NULL,0,NULL,'2','1'),('20120254117','12027774','2025-02-09 17:48:49.767185','2025-02-19','2025-02-19','A','{\"Thesis or not\": \"True\"}',NULL,0,NULL,'2','1'),('20120254397','12027774','2025-02-05 16:00:00.000000','2025-02-06','2025-02-06','A','{\"Thesis or not\": \"True\"}',NULL,0,NULL,'2','1'),('20120254423','12027774','2025-02-06 06:45:55.000000','2025-02-06','2025-02-06','A','{\"Thesis or not\": \"True\"}',NULL,0,NULL,'2','1'),('20120255237','None','2025-02-21 06:57:13.000000','2025-02-21','2025-02-21','X','{\"Thesis or not\": \"True\"}',NULL,0,NULL,'20244396','1'),('20120255290','None','2025-02-16 04:34:54.000000','2025-02-16','2025-02-16','X','{\"Thesis or not\": \"True\"}',NULL,0,NULL,'20244396','1'),('20120256373','12027774','2025-02-05 16:00:00.000000','2025-02-06','2025-02-06','A','{\"Thesis or not\": \"True\"}',NULL,0,NULL,'2','1'),('20120256769','12027774','2025-02-07 08:35:47.728657','2025-02-19','2025-02-19','A','{\"Thesis or not\": \"True\"}',NULL,0,NULL,'2','1'),('20120257875','12027774','2025-02-07 08:40:05.311538','2025-02-20','2025-02-21','P','{\"Thesis or not\": \"True\"}',NULL,0,NULL,'2','1'),('20120258548','12027774','2025-02-07 09:23:00.000000','2025-02-07','2025-02-07','B','{\"Thesis or not\": \"True\"}',NULL,0,NULL,'2','1'),('20120258747','12027774','2025-02-07 08:35:48.762324','2025-02-19','2025-02-19','A','{\"Thesis or not\": \"True\"}',NULL,0,NULL,'2','1'),('20120258828','12007889','2025-03-10 03:42:43.747819','2025-03-20','2025-03-20','A','{\"Thesis or not\": null}',NULL,0,NULL,'20244396','1'),('20120259168','12007889','2025-03-10 03:44:24.000000','2025-03-10','2025-03-10','A','{\"Chem Student\": \"True\", \"Thesis or not\": \"True\"}',NULL,0,NULL,'20244396','1'),('20120259746','12007889','2025-03-06 13:02:45.000000','2025-03-06','2025-03-06','X','{\"Chem Student\": \"True\", \"Thesis or not\": \"True\"}',NULL,0,NULL,'20244396','1'),('20120259899','12027774','2025-02-06 06:53:47.000000','2025-02-06','2025-02-06','A','{\"Thesis or not\": \"True\"}',NULL,0,NULL,'2','1'),('20120259994','12007889','2025-03-10 03:23:38.797399','2025-03-20','2025-03-20','A','{\"Thesis or not\": \"True\"}',NULL,0,NULL,'20244396','1');
/*!40000 ALTER TABLE `core_borrow_info` ENABLE KEYS */;
UNLOCK TABLES;

--
-- Table structure for table `core_borrowed_items`
--

DROP TABLE IF EXISTS `core_borrowed_items`;
/*!40101 SET @saved_cs_client     = @@character_set_client */;
/*!50503 SET character_set_client = utf8mb4 */;
CREATE TABLE `core_borrowed_items` (
  `id` bigint NOT NULL AUTO_INCREMENT,
  `inventory_item` varchar(255) DEFAULT NULL,
  `qty` int DEFAULT NULL,
  `unit` varchar(20) DEFAULT NULL,
  `returned_qty` int NOT NULL,
  `remarks` varchar(1) DEFAULT NULL,
  `borrow_id` varchar(20) NOT NULL,
  `item_id` varchar(20) NOT NULL,
  PRIMARY KEY (`id`),
  UNIQUE KEY `core_borrowed_items_borrow_id_item_id_a957da68_uniq` (`borrow_id`,`item_id`),
  KEY `core_borrowed_items_item_id_57af546b_fk_core_item` (`item_id`),
  CONSTRAINT `core_borrowed_items_borrow_id_9019ab22_fk_core_borr` FOREIGN KEY (`borrow_id`) REFERENCES `core_borrow_info` (`borrow_id`),
  CONSTRAINT `core_borrowed_items_item_id_57af546b_fk_core_item` FOREIGN KEY (`item_id`) REFERENCES `core_item_description` (`item_id`)
) ENGINE=InnoDB AUTO_INCREMENT=103 DEFAULT CHARSET=utf8mb4 COLLATE=utf8mb4_0900_ai_ci;
/*!40101 SET character_set_client = @saved_cs_client */;

--
-- Dumping data for table `core_borrowed_items`
--

LOCK TABLES `core_borrowed_items` WRITE;
/*!40000 ALTER TABLE `core_borrowed_items` DISABLE KEYS */;
INSERT INTO `core_borrowed_items` VALUES (19,NULL,2,NULL,2,NULL,'19','2'),(20,NULL,2,NULL,2,NULL,'19','3'),(21,NULL,3,NULL,3,NULL,'20120241870','14'),(22,NULL,5,NULL,5,NULL,'20120243677','11'),(23,NULL,5,NULL,5,NULL,'20120243677','14'),(24,NULL,10,NULL,10,NULL,'20120240508','2'),(25,NULL,1,NULL,1,NULL,'20120249262','15'),(26,NULL,1,NULL,0,NULL,'20120249134','11'),(27,NULL,2,NULL,0,NULL,'20120249134','14'),(28,NULL,1,NULL,0,NULL,'20120249134','15'),(29,NULL,1,NULL,1,NULL,'20120243112','11'),(30,NULL,1,NULL,1,NULL,'20120243112','14'),(31,NULL,1,NULL,0,NULL,'20120243112','15'),(32,NULL,2,NULL,2,NULL,'20120241793','11'),(33,NULL,1,NULL,1,NULL,'20120241793','15'),(34,NULL,1,NULL,1,NULL,'20120248237','11'),(35,NULL,2,NULL,0,NULL,'20120247566','11'),(36,NULL,3,NULL,0,NULL,'20120247566','14'),(37,NULL,5,NULL,0,NULL,'20120241713','11'),(38,NULL,2,'pcs',0,NULL,'20120242159','2'),(39,NULL,1,NULL,0,NULL,'20120242472','14'),(40,NULL,1,NULL,0,NULL,'20120242565','11'),(41,NULL,2,NULL,0,NULL,'20120249113','11'),(42,NULL,1,NULL,0,NULL,'20120249113','15'),(43,NULL,1,NULL,0,NULL,'20120240933','11'),(44,NULL,1,NULL,0,NULL,'20120240933','15'),(45,NULL,2,NULL,0,NULL,'20120245783','11'),(46,NULL,4,NULL,0,NULL,'20120249997','14'),(47,NULL,3,NULL,2,NULL,'20120240651','14'),(48,NULL,5,NULL,0,NULL,'20120249838','10120241077'),(49,NULL,1,NULL,0,NULL,'20120249838','10120247714'),(50,NULL,1,NULL,0,NULL,'20120240871','10120241077'),(51,NULL,1,NULL,0,NULL,'20120240871','10120247714'),(52,NULL,1,NULL,0,NULL,'20120240696','10120241077'),(53,NULL,1,NULL,0,NULL,'20120240696','10120247714'),(54,NULL,1,NULL,0,NULL,'20120248081','10120241077'),(55,NULL,1,NULL,0,NULL,'20120244782','10120241077'),(56,NULL,1,NULL,0,NULL,'20120244782','10120247714'),(57,NULL,3,NULL,0,NULL,'20120240446','10120247714'),(58,NULL,5,NULL,0,NULL,'20120245905','10120241077'),(59,NULL,10,'mL',0,NULL,'20120247666','11'),(60,NULL,5,'mL',0,NULL,'20120241609','10120241077'),(61,NULL,10,'mL',0,NULL,'20120241609','11'),(62,'74, 74',2,'pcs',0,NULL,'20120241609','16'),(63,NULL,4,'mL',4,NULL,'20120246370','10120241077'),(64,NULL,1,'pcs',1,NULL,'20120246370','16'),(65,NULL,1,'mL',1,NULL,'20120241462','10120241077'),(66,'',1,'pcs',1,NULL,'20120241462','16'),(67,NULL,3,'mL',0,NULL,'20120246582','10120241077'),(68,NULL,1,'pcs',0,NULL,'20120246582','16'),(69,NULL,1,'ml',0,NULL,'20120253171','10120241077'),(70,NULL,2,'mL',0,NULL,'20120251213','10120241077'),(72,NULL,1,'ml',0,NULL,'20120254397','10120241077'),(73,NULL,2,'ml',0,NULL,'20120256373','11'),(74,NULL,3,'ml',0,NULL,'20120254423','11'),(75,NULL,4,'ml',0,NULL,'20120259899','11'),(76,NULL,1,'pcs',0,NULL,'20120256769','10120241077'),(77,NULL,1,'pcs',0,NULL,'20120258747','10120241077'),(78,NULL,1,'ml',0,NULL,'20120257875','10120241077'),(79,NULL,1,'pcs',0,NULL,'20120257875','16'),(80,NULL,3,'pcs',0,NULL,'20120258548','10120257835'),(81,NULL,10,'milliliter',0,NULL,'20120254117','10120241077'),(82,NULL,1,'pcs',0,NULL,'20120252620','10120257835'),(83,NULL,1,'milliliter',0,NULL,'20120252452','10120241077'),(84,NULL,1,'milliliter',1,NULL,'20120255290','10120241077'),(85,NULL,10,'milliliter',10,NULL,'20120252822','10120241077'),(86,NULL,4,'pcs',3,NULL,'20120252822','16'),(87,NULL,1,'kilogram',0,NULL,'20120252423','16'),(88,'',1,'pcs',0,NULL,'20120252441','10120257835'),(89,NULL,1,'liter',1,NULL,'20120255237','2'),(90,NULL,1,'milliliter',0,NULL,'20120250606','10120241077'),(91,NULL,1,'milliliter',0,NULL,'20120250606','11'),(92,NULL,1,'milliliter',0,NULL,'20120252406','10120257835'),(93,NULL,2,'milliliter',0,NULL,'20120254031','10120241077'),(94,NULL,1,'milliliter',0,NULL,'20120252000','10120241077'),(95,NULL,2,'milliliter',0,NULL,'20120253819','10120240186'),(96,NULL,1,'milliliter',0,NULL,'20120250485','10120242830'),(97,NULL,1,'milliliter',1,NULL,'20120259746','10120240186'),(98,NULL,1,'milliliter',0,NULL,'20120259994','10120240186'),(99,NULL,1,'pcs',0,NULL,'20120259994','10120241939'),(100,NULL,2,'milliliter',0,NULL,'20120259994','10120241077'),(101,NULL,10,'milliliter',0,NULL,'20120258828','10120241077'),(102,NULL,1,'milliliter',0,NULL,'20120259168','10120240186');
/*!40000 ALTER TABLE `core_borrowed_items` ENABLE KEYS */;
UNLOCK TABLES;

--
-- Table structure for table `core_borrowing_config`
--

DROP TABLE IF EXISTS `core_borrowing_config`;
/*!40101 SET @saved_cs_client     = @@character_set_client */;
/*!50503 SET character_set_client = utf8mb4 */;
CREATE TABLE `core_borrowing_config` (
  `laboratory_id` varchar(20) NOT NULL,
  `allow_walkin` tinyint(1) NOT NULL,
  `allow_prebook` tinyint(1) NOT NULL,
  `prebook_lead_time` int NOT NULL,
  `allow_shortterm` tinyint(1) NOT NULL,
  `allow_longterm` tinyint(1) NOT NULL,
  `questions_config` json NOT NULL,
  PRIMARY KEY (`laboratory_id`),
  CONSTRAINT `core_borrowing_confi_laboratory_id_8acf5be1_fk_core_labo` FOREIGN KEY (`laboratory_id`) REFERENCES `core_laboratory` (`laboratory_id`)
) ENGINE=InnoDB DEFAULT CHARSET=utf8mb4 COLLATE=utf8mb4_0900_ai_ci;
/*!40101 SET character_set_client = @saved_cs_client */;

--
-- Dumping data for table `core_borrowing_config`
--

LOCK TABLES `core_borrowing_config` WRITE;
/*!40000 ALTER TABLE `core_borrowing_config` DISABLE KEYS */;
INSERT INTO `core_borrowing_config` VALUES ('1',1,1,2,1,1,'[{\"choices\": [], \"input_type\": \"true_false\", \"question_text\": \"Thesis or not\", \"borrowing_mode\": \"both\"}, {\"choices\": [], \"input_type\": \"true_false\", \"question_text\": \"Chem Student\", \"borrowing_mode\": \"walkin\"}]'),('90120242184',1,1,0,0,0,'[]'),('90120243485',0,0,0,1,1,'[]'),('90120245954',0,0,1,0,0,'[]'),('90120253568',0,1,1,1,1,'[]'),('90120256859',0,0,1,0,0,'[]'),('90120257523',0,0,1,0,0,'[]');
/*!40000 ALTER TABLE `core_borrowing_config` ENABLE KEYS */;
UNLOCK TABLES;

--
-- Table structure for table `core_item_description`
--

DROP TABLE IF EXISTS `core_item_description`;
/*!40101 SET @saved_cs_client     = @@character_set_client */;
/*!50503 SET character_set_client = utf8mb4 */;
CREATE TABLE `core_item_description` (
  `item_id` varchar(20) NOT NULL,
  `item_name` varchar(45) DEFAULT NULL,
  `alert_qty` int DEFAULT NULL,
  `add_cols` varchar(255) DEFAULT NULL,
  `is_disabled` tinyint(1) NOT NULL,
  `rec_per_inv` tinyint(1) NOT NULL,
  `allow_borrow` tinyint(1) NOT NULL,
  `is_consumable` tinyint(1) NOT NULL,
  `rec_expiration` tinyint(1) NOT NULL,
  `expiry_type` varchar(45) DEFAULT NULL,
  `max_uses` int DEFAULT NULL,
  `maintenance_interval` int DEFAULT NULL,
  `lead_time_prep` int DEFAULT NULL,
  `qty_limit` int DEFAULT NULL,
  `laboratory_id` varchar(20) DEFAULT NULL,
  `itemType_id` int DEFAULT NULL,
  PRIMARY KEY (`item_id`),
  KEY `core_item_descriptio_itemType_id_175cb0c4_fk_core_item` (`itemType_id`),
  KEY `core_item_descriptio_laboratory_id_544e816d_fk_core_labo` (`laboratory_id`),
  CONSTRAINT `core_item_descriptio_itemType_id_175cb0c4_fk_core_item` FOREIGN KEY (`itemType_id`) REFERENCES `core_item_types` (`itemType_id`),
  CONSTRAINT `core_item_descriptio_laboratory_id_544e816d_fk_core_labo` FOREIGN KEY (`laboratory_id`) REFERENCES `core_laboratory` (`laboratory_id`)
) ENGINE=InnoDB DEFAULT CHARSET=utf8mb4 COLLATE=utf8mb4_0900_ai_ci;
/*!40101 SET character_set_client = @saved_cs_client */;

--
-- Dumping data for table `core_item_description`
--

LOCK TABLES `core_item_description` WRITE;
/*!40000 ALTER TABLE `core_item_description` DISABLE KEYS */;
INSERT INTO `core_item_description` VALUES ('1','Beaker',0,'{\"Nature\": \"Non-Organic\", \"Grade\": \"A+\", \"Location\": \"GK305\", \"Kind\": \"Solid\"}',1,0,1,1,0,NULL,NULL,NULL,0,NULL,'1',2),('10','Iodine2',0,'{\"Nature\": \"organic\", \"Grade\": \"normal\", \"Location\": \"gk204\", \"Kind\": \"liquid\"}',1,0,1,1,0,NULL,NULL,NULL,0,NULL,'1',1),('10120240031','Microscope',0,'{\"Brand\": \"Olympus BX53\"}',0,0,0,0,0,NULL,NULL,NULL,0,NULL,'2',4),('10120240186','Potassium Nitrate',5,'{\"Nature\": \"Solid\", \"Grade\": \"Reagent\", \"chemical formula\": null, \"synonyms\": \"Saltpeter\"}',0,0,1,0,1,'Date',NULL,NULL,2,NULL,'1',1),('10120241077','Acetylene',0,'{\"Nature\": \"solid\", \"Grade\": \"good\", \"chemical formula\": \"ace\", \"synonyms\": \"acetyl\"}',0,0,1,1,0,NULL,NULL,NULL,NULL,NULL,'1',1),('10120241939','Bunsen Burner',0,'{\"Grade (A, B, C)\": \"A\"}',0,1,1,0,0,NULL,NULL,NULL,NULL,NULL,'1',3),('10120241950','Voltmeter',0,'{\"Brand\": \"Fluke 87V\"}',0,0,0,0,0,NULL,NULL,NULL,0,NULL,'2',4),('10120242377','Calcium Carbonate',10,'{\"Nature\": \"Solid\", \"Grade\": \"Analytical\", \"chemical formula\": null, \"synonyms\": \"Limestone\"}',0,0,1,0,0,NULL,NULL,NULL,NULL,NULL,'1',1),('10120242485','Acetylene',0,'{\"Brand\": \"Linde\", \"Cylinder (5 L, 10 L)\": null}',1,0,0,0,0,NULL,NULL,NULL,0,NULL,'1',NULL),('10120242830','Microscope',0,'{\"Grade (A, B, C)\": \"B\"}',0,1,1,0,0,NULL,NULL,NULL,NULL,NULL,'1',3),('10120243607','Magnesium Sulfate',7,'{\"Nature\": \"Solid\", \"Grade\": \"Reagent\", \"chemical formula\": null, \"synonyms\": \"Epsom salt\"}',0,1,1,0,0,NULL,NULL,NULL,NULL,NULL,'1',1),('10120243666','Spectrometer',0,'{\"Brand\": \"Ocean Optics\"}',0,0,0,0,0,NULL,NULL,NULL,0,NULL,'2',4),('10120243849','Ammeter',0,'{\"Brand\": \"Murata\"}',0,0,0,0,0,NULL,NULL,NULL,0,NULL,'2',4),('10120243969','Galvanometer',3,'{\"Brand\": \"ScannerMAX\"}',0,0,0,0,0,NULL,NULL,NULL,0,NULL,'2',4),('10120244169','Acetic Acid',0,'{\"Nature\": \"Non-Organic\", \"Grade\": \"A+ss\", \"chemical formula\": \"AcA\", \"synonyms\": \"HAHA\"}',0,0,1,0,0,'Date',NULL,NULL,NULL,NULL,'1',1),('10120245963','Beakers',0,'{}',0,0,0,0,0,NULL,NULL,NULL,0,NULL,'2',8),('10120246239','Ammonium Sulfate',8,'{\"Nature\": \"Solid\", \"Grade\": \"Laboratory\", \"chemical formula\": null, \"synonyms\": \"Diammonium sulfate\"}',0,0,1,0,1,'Date',NULL,NULL,NULL,NULL,'1',1),('10120246258','Acetylene',0,'{\"Brand\": \"Linde\", \"Cylinder (5 L, 10 L)\": null}',1,0,0,0,0,NULL,NULL,NULL,0,NULL,'1',NULL),('10120246316','Multimeter',0,'{\"Brand\": \"Bosch\"}',0,1,0,0,0,NULL,NULL,NULL,0,NULL,'90120243485',12),('10120246341','Flasks',0,'{}',0,0,0,0,0,NULL,NULL,NULL,0,NULL,'2',8),('10120246430','pH Meter',0,'{\"Grade (A, B, C)\": \"C\"}',0,1,1,0,0,NULL,NULL,NULL,NULL,NULL,'1',3),('10120246711','Test Tube',0,'{\"Nature\": \"Glass\", \"Brand\": \"VWR\", \"Location\": \"Shelf D\", \"Status\": \"Used\", \"L or S\": null, \"Capacity\": \"10 mL\", \"Dimension\": \"1.5 cm x 10 cm\"}',0,0,1,0,0,NULL,NULL,NULL,NULL,NULL,'1',2),('10120247205','Volumetric Flask',0,'{\"Nature\": \"Glass\", \"Brand\": \"Fisher\", \"Location\": \"Shelf E\", \"Status\": \"New\", \"L or S\": null, \"Capacity\": \"1000 mL\", \"Dimension\": \"12 cm x 25 cm\"}',0,0,0,0,0,NULL,NULL,NULL,0,NULL,'1',2),('10120247264','Hot Plate',0,'{\"Grade (A, B, C)\": \"B\"}',0,1,0,0,0,NULL,NULL,NULL,0,NULL,'1',3),('10120247432','Multimeter',0,'{\"Brand\": \"Bosch\"}',1,1,0,0,0,NULL,NULL,NULL,0,NULL,'90120243485',12),('10120247714','pH Meter',5,'{\"Grade (A, B, C)\": \"B\"}',0,0,0,0,1,'Date',NULL,NULL,0,NULL,'1',3),('10120247791','Bunsen Burner',0,'{\"Grade (A, B, C)\": \"C\"}',1,1,0,0,0,NULL,NULL,NULL,0,NULL,'1',3),('10120247977','Oscilloscope',0,'{\"Brand\": \"Tektronix TBS1052B\"}',0,0,0,0,0,NULL,NULL,NULL,0,NULL,'2',4),('10120248037','Erlenmeyer Flask',15,'{\"Nature\": \"Glass\", \"Brand\": \"Kimble\", \"Location\": \"Shelf B\", \"Status\": \"Used\", \"L or S\": null, \"Capacity\": \"250 mL\", \"Dimension\": \"8 cm x 14 cm\"}',0,0,0,0,0,NULL,NULL,NULL,0,NULL,'1',2),('10120248163','Centrifuge',0,'{\"Grade (A, B, C)\": \"A\"}',0,1,0,0,0,'Maintenance',NULL,2,0,NULL,'1',3),('10120248885','Multimeter',0,'{\"Grade (A, B, C)\": \"A\"}',0,1,0,0,0,NULL,NULL,NULL,0,NULL,'1',3),('10120249352','Graduated Cylinder',0,'{\"Nature\": \"Glass\", \"Brand\": \"Corning\", \"Location\": \"Shelf C\", \"Status\": \"New\", \"L or S\": null, \"Capacity\": \"100 mL\", \"Dimension\": \"3 cm x 30 cm\"}',0,0,0,0,0,NULL,NULL,NULL,0,NULL,'1',2),('10120249488','Acetic Acid',0,'{\"Nature\": \"Liquid\", \"Grade\": \"Glacial\", \"chemical formula\": null, \"synonyms\": \"Ethanoic acid\"}',1,0,1,1,1,'Date',NULL,NULL,0,NULL,'1',1),('10120250304','Alcohol',3,'{\"Grade\": \"A\", \"Nature\": \"liquid\", \"Quantity per Unit\": \"10\", \"Unit\": \"L\"}',0,0,0,0,0,'',NULL,NULL,0,NULL,'90120245954',13),('10120250497','Fire Extinguisher',0,'{\"Category\": \"Safety\", \"Notes\": \"COu2082 type\"}',0,0,0,0,0,'',NULL,NULL,0,NULL,'90120257523',22),('10120250500',' Beaker',0,'{\"Capacity\": null}',0,0,0,0,0,'',NULL,NULL,0,NULL,'90120245954',14),('10120250612','Micrometer Screw Gauge',0,'{\"Type\": \"Measurement Tool\", \"Condition\": \"Used\", \"Specifications / Notes\": \"0-25mm range, 0.01mm accuracy\"}',0,0,0,0,0,'',NULL,NULL,0,NULL,'90120257523',19),('10120250673','HP EliteBook 840 G8',0,'{\"Category\": \"Laptop\", \"Condition\": \"Good\"}',0,0,0,0,0,'',NULL,NULL,0,NULL,'90120242184',16),('10120250846','Sulphuric Acid',0,'{\"Nature\": \"acid\", \"Grade\": \"normal\", \"chemical formula\": NaN, \"synonyms\": NaN}',0,0,0,0,0,NULL,NULL,NULL,0,NULL,'1',1),('10120250923','flashlight',0,'{\"Grade (A, B, C)\": null}',0,0,0,0,0,'',NULL,NULL,NULL,NULL,'1',3),('10120251419','Nitric Acid',0,'{\"Nature\": \"inorganic\", \"Grade\": \"acid\", \"chemical formula\": \"NHO3\", \"synonyms\": \"nitrogen oxoacid\"}',0,0,0,0,0,'',NULL,NULL,0,NULL,'1',1),('10120251621','Test Tube',0,'{\"Capacity\": null}',0,0,0,0,0,'',NULL,NULL,0,NULL,'90120245954',14),('10120251702','Air Track',0,'{\"Type\": \"Mechanics Apparatus\", \"Condition\": \"Slightly Good\", \"Specifications / Notes\": \"0-500g, u00b10.01g accuracy\"}',0,0,0,0,0,'',NULL,NULL,0,NULL,'90120257523',19),('10120251827','Acer Nitro VG240Y',0,'{\"Category\": \"Monitor\", \"Condition\": \"Good\"}',0,0,0,0,0,'',NULL,NULL,0,NULL,'90120242184',16),('10120251921','Magnetic stirrer',0,'{\"Capacity\": null}',0,0,0,0,0,'',NULL,NULL,0,NULL,'90120245954',14),('10120252258','Magnesium Sulfate',0,'{\"Nature\": \"Solid\", \"Grade\": \"Reagent\", \"chemical formula\": NaN, \"synonyms\": \"Epsom salt\"}',0,0,0,0,0,NULL,NULL,NULL,0,NULL,'1',1),('10120252482','Hydrogen',0,'{\"Nature\": \"organic\", \"Grade\": \"normal\", \"chemical formula\": NaN, \"synonyms\": NaN}',0,0,0,0,0,NULL,NULL,NULL,0,NULL,'1',1),('10120252653','Hydrogen Peroxide',0,'{\"Nature\": \"Solid\", \"Grade\": \"N\", \"chemical formula\": \"h2o2\", \"synonyms\": \"agua oxinada, something\"}',0,0,0,0,0,NULL,NULL,NULL,0,NULL,'1',1),('10120252698','Logitech K120',0,'{\"Category\": \"Keyboard\", \"Condition\": \"Used\"}',0,0,0,0,0,'',NULL,NULL,0,NULL,'90120242184',16),('10120252939','Potassium Nitrate',0,'{\"Nature\": \"Solid\", \"Grade\": \"Reagent\", \"chemical formula\": NaN, \"synonyms\": \"Saltpeter\"}',0,0,0,0,0,NULL,NULL,NULL,0,NULL,'1',1),('10120253000','Iodine',0,'{\"Nature\": \"organic\", \"Grade\": \"normal\", \"chemical formula\": NaN, \"synonyms\": NaN}',0,0,0,0,0,NULL,NULL,NULL,0,NULL,'1',1),('10120253224','Adobe Creative Cloud',0,'{\"License Type\": \"Subscription\", \"Included Features\": \"Photoshop, Premiere Pro\"}',0,0,0,0,0,'Date',NULL,NULL,0,NULL,'90120242184',17),('10120253420','Safety Goggles',0,'{\"Category\": \"Personal Safety\", \"Notes\": \"Impact-resistant\"}',0,0,0,0,0,'',NULL,NULL,0,NULL,'90120257523',22),('10120253473','Microscope',1,'{\"Grade (A, B, C)\": \"A\"}',0,0,0,0,0,NULL,NULL,NULL,NULL,NULL,'1',3),('10120253532','Lab Coats',0,'{\"Category\": \"Safety Equipment\", \"Notes\": \"Various sizes available\"}',0,0,0,0,0,'',NULL,NULL,0,NULL,'90120257523',22),('10120253853','Calcium Carbonate',0,'{\"Nature\": \"Solid\", \"Grade\": \"Analytical\", \"chemical formula\": NaN, \"synonyms\": \"Limestone\"}',0,0,0,0,0,NULL,NULL,NULL,0,NULL,'1',1),('10120254167','Ethanol',0,'{\"Nature\": \"solid\", \"Grade\": \"good\", \"chemical formula\": \"Cu2082Hu2086O\", \"synonyms\": \"Alcohol\"}',0,0,0,0,0,NULL,NULL,NULL,0,NULL,'1',1),('10120254368','Dell OptiPlex 7090',0,'{\"Category\": \"Desktop PC\", \"Condition\": \"Good\"}',0,0,0,0,0,'',NULL,NULL,0,NULL,'90120242184',16),('10120254446','Optical Bench',0,'{\"Type\": \"Optics Equipment\", \"Condition\": \"Good\", \"Specifications / Notes\": \"1.5m length, with accessories\"}',0,0,0,0,0,'',NULL,NULL,0,NULL,'90120257523',19),('10120254571','Whiteboard',0,'{\"Purpose\": \"Classroom Use\", \"Remarks\": \"6ft x 4ft\"}',0,0,0,0,0,'',NULL,NULL,0,NULL,'90120242184',18),('10120254667','Centrifuge',0,'{}',0,0,0,0,0,'',NULL,NULL,0,NULL,'90120245954',15),('10120254670','Bunsen Burner',0,'{}',0,0,0,0,0,'',NULL,NULL,0,NULL,'90120245954',15),('10120254729','Multimeter',0,'{\"Model / Type\": \"Digital Auto-Range\", \"Status\": \"Good\", \"Additional Info\": \"Measures voltage, current, resistance\"}',0,0,0,0,0,'',NULL,NULL,0,NULL,'90120257523',20),('10120254749','Acetylene',0,'{\"Nature\": \"solid\", \"Grade\": \"good\", \"chemical formula\": \"ace\", \"synonyms\": \"acetyl\"}',0,0,0,0,0,NULL,NULL,NULL,0,NULL,'1',1),('10120254899','Logitech M185',0,'{\"Category\": \"Mouse\", \"Condition\": \"Used\"}',0,0,0,0,0,'',NULL,NULL,0,NULL,'90120242184',16),('10120254902','Function Generator',0,'{\"Model / Type\": \"1Hz-1MHz Output\", \"Status\": \"Used\", \"Additional Info\": \"Sine, square, triangle waves\"}',0,0,0,0,0,'',NULL,NULL,0,NULL,'90120257523',20),('10120254943','Power Supply Unit',0,'{\"Model / Type\": \"DC Variable 0-30V\", \"Status\": \"Good\", \"Additional Info\": \"Adjustable voltage & current\"}',0,0,0,0,0,'',NULL,NULL,0,NULL,'90120257523',20),('10120255250','Distilled water',1,'{\"Grade\": null, \"Nature\": null, \"Quantity per Unit\": null, \"Unit\": \"mL\"}',0,0,0,0,0,'',NULL,NULL,0,NULL,'90120245954',13),('10120255325','Alcohol',0,'{\"Amount\": \"200\", \"Brand\": \"Tylex\", \"Unit (Pcs, Box, Batch)\": null}',0,0,0,0,0,'',NULL,NULL,NULL,NULL,'1',NULL),('10120255363','Thermometer',0,'{}',0,0,0,0,0,'',NULL,NULL,0,NULL,'90120245954',15),('10120255592','Radwag Analytical Balance',3,'{\"Type\": \"Analytical Balance\", \"Condition\": \"Good\", \"Specifications / Notes\": \"good\"}',0,0,0,0,0,'',NULL,NULL,0,NULL,'90120257523',19),('10120255753','Mercury',0,'{\"Nature\": \"Liquid\", \"Grade\": \"G\", \"chemical formula\": \"Hg\", \"synonyms\": \"hydrargyrum \"}',0,0,0,0,0,NULL,NULL,NULL,0,NULL,'1',1),('10120255773','isopropyl alcohol',0,'{\"Nature\": \"inorganic\", \"Grade\": \"A\", \"chemical formula\": \"CuSO4\", \"synonyms\": \"nitrogen oxoacid\"}',0,0,0,0,0,'',NULL,NULL,0,NULL,'1',1),('10120255858','Weighing Scale',6,'{\"Grade (A, B, C)\": null, \"Brand\": \"Smartronic\"}',0,1,0,0,0,'',NULL,NULL,NULL,NULL,'1',3),('10120256486','Gloves',3,'{\"Grade (A, B, C)\": \"B\"}',0,0,0,0,0,NULL,NULL,NULL,NULL,NULL,'1',3),('10120256495','pH paper',0,'{\"Amount\": \"5\", \"Brand\": \"pyrex\", \"Unit (Pcs, Box, Batch)\": null}',0,0,0,0,0,'Date',NULL,NULL,0,NULL,'1',NULL),('10120256496','Spectrometer',0,'{\"Type\": \"Optics Equipment\", \"Condition\": \"Good\", \"Specifications / Notes\": \"With diffraction grating\"}',0,0,0,0,0,'',NULL,NULL,0,NULL,'90120257523',19),('10120256875','Ammonium Sulfate',0,'{\"Nature\": \"Solid\", \"Grade\": \"Laboratory\", \"chemical formula\": NaN, \"synonyms\": \"Diammonium sulfate\"}',0,0,0,0,0,NULL,NULL,NULL,0,NULL,'1',1),('10120256939','Acetic Acid',0,'{\"Nature\": \"Non-Organic\", \"Grade\": \"A+ss\", \"chemical formula\": \"AcA\", \"synonyms\": \"HAHA\"}',0,0,0,0,0,NULL,NULL,NULL,0,NULL,'1',1),('10120257075','Copper(II) Sulfate',0,'{\"Nature\": \"solid\", \"Grade\": \"A\", \"chemical formula\": \"CuSO4\", \"synonyms\": null}',0,0,0,0,0,'Date',NULL,NULL,0,NULL,'1',1),('10120257116','Desktop',5,'{\"ITEM SPECIFICATION\": \"Acer Veriton X6640G, 8GB DDR4, 1TB HDD\", \"Property Code\": \"092-101218\", \"Monitor\": \"0148148\", \"Keyboard\": \"121512532\", \"Mouse\": \"12512523\"}',0,0,0,0,0,'',NULL,NULL,0,NULL,'90120242184',16),('10120257410','Ethanol',0,'{\"Grade\": null, \"Nature\": null, \"Quantity per Unit\": null, \"Unit\": \"mL\"}',0,0,0,0,0,'',NULL,NULL,0,NULL,'90120245954',13),('10120257488','Weighing scale',0,'{\"Grade (A, B, C)\": null}',1,0,0,0,0,'',NULL,NULL,NULL,NULL,'1',3),('10120257835','Lab Gowns',0,'{\"Grade (A, B, C)\": \"B\"}',0,0,0,0,0,'Usage',10,NULL,0,NULL,'1',3),('10120257874','Sodium Chloride',0,'{\"Nature\": \"organic\", \"Grade\": \"normal\", \"chemical formula\": NaN, \"synonyms\": NaN}',0,0,0,0,0,NULL,NULL,NULL,0,NULL,'1',1),('10120258015','HDMI Cable',0,'{\"Purpose\": \"Display Setup\", \"Remarks\": \"2m length\"}',0,0,0,0,0,'',NULL,NULL,0,NULL,'90120242184',18),('10120258208','Mercury',0,'{\"Nature\": \"Liquid\", \"Grade\": \"G\", \"chemical formula\": \"Hg\", \"synonyms\": \"hydrargyrum\"}',0,0,0,0,0,NULL,NULL,NULL,0,NULL,'1',1),('10120258278','Vernier Caliper',0,'{\"Type\": \"Measurement Tool\", \"Condition\": \"Good\", \"Specifications / Notes\": \"0-150mm range, 0.02mm accuracy\"}',0,0,0,0,0,'',NULL,NULL,0,NULL,'90120257523',19),('10120258562','chair',0,'{\"Grade (A, B, C)\": null}',0,0,0,0,0,'',NULL,NULL,NULL,NULL,'1',3),('10120258651','Alcohol',3,'{\"Grade\": \"A\", \"Nature\": \"liquid\", \"Quantity per Unit\": \"10\", \"Unit\": \"L\"}',0,0,0,0,0,'',NULL,NULL,0,NULL,'90120245954',13),('10120258702','Microsoft Office 365',0,'{\"License Type\": \"Subscription\", \"Included Features\": \"Word, Excel, PowerPoint\"}',0,0,0,0,0,'Date',NULL,NULL,0,NULL,'90120242184',17),('10120258712','Thermometer',2,'{\"Grade (A, B, C)\": \"A\"}',0,0,0,0,0,NULL,NULL,NULL,NULL,NULL,'1',3),('10120258824','Thermometer',0,'{\"Grade (A, B, C)\": null}',0,0,0,0,0,NULL,NULL,NULL,0,NULL,'1',3),('10120259093','Bandage',0,'{\"Grade (A, B, C)\": null}',0,0,0,0,0,'',NULL,NULL,NULL,NULL,'1',3),('10120259173','Oscilloscope',0,'{\"Model / Type\": \"20MHz Digital\", \"Status\": \"Good\", \"Additional Info\": \"Dual-channel, LCD display\"}',0,0,0,0,0,'',NULL,NULL,0,NULL,'90120257523',20),('10120259246','Microscope',0,'{}',0,0,0,0,0,'',NULL,NULL,0,NULL,'90120245954',15),('10120259519','Windows 11 Pro',0,'{\"License Type\": \"Volume License\", \"Included Features\": \"64-bit OS\"}',0,0,0,0,0,'Date',NULL,NULL,0,NULL,'90120242184',17),('11','Hydrogen Peroxide',0,'{\"Nature\": \"Solid\", \"Grade\": \"N\", \"chemical formula\": \"h2o2\", \"synonyms\": \"agua oxinada, something\"}',0,0,0,0,0,NULL,NULL,NULL,0,NULL,'1',1),('12','Sulphuric Acid ',10,'{\"Nature\": \"acid\", \"Grade\": \"normal\", \"Location\": \"gk204\", \"Kind\": \"liquid\"}',1,0,1,1,1,'Date',NULL,NULL,0,NULL,'1',1),('13','Sulphuric Acid ',10,'{\"Nature\": \"acid\", \"Grade\": \"normal\", \"Location\": \"gk204\", \"Kind\": \"liquid\"}',1,0,1,1,1,'Date',NULL,NULL,0,NULL,'1',1),('14','Sulphuric Acid ',10,'{\"Nature\": \"acid\", \"Grade\": \"normal\", \"Location\": \"gk204\", \"Kind\": \"liquid\"}',0,0,0,0,1,'Date',NULL,NULL,0,3,'1',1),('15','Laptop',0,'{\"Brand (Apple, Windows)\": null, \"Grade (A, B, C)\": null}',1,0,0,0,0,NULL,NULL,NULL,0,NULL,'1',3),('16','Beaker',0,'{\"Nature\": \"organic\", \"Brand\": null, \"Location\": \"gk204\", \"Status\": null, \"L or S\": null, \"Capacity\": 200, \"Dimension\": \"mL\"}',0,1,0,0,0,NULL,NULL,NULL,0,NULL,'1',2),('17','Cobalt CHloride',0,'{\"Nature\": \"\", \"Grade\": \"\", \"Location\": \"\", \"Kind\": \"\", \"chemical formula\": \"\", \"synonyms\": \"\"}',1,0,1,1,0,NULL,NULL,NULL,0,NULL,'1',1),('18','pH meters',10,'{\"Capacity (1L, 2L, 3L)\": \"None\", \"Brand\": \"pyrex\"}',1,0,0,0,0,NULL,NULL,NULL,0,NULL,'1',NULL),('19','Ethanol',0,'{\"Nature\": \"organic\", \"Grade\": \"normal\", \"Location\": \"gk204\", \"Kind\": \"solid\", \"Amount\": \"5\", \"Dimension\": \"L\"}',1,0,1,1,0,NULL,NULL,NULL,0,NULL,'1',1),('2','Ethanol',30,'{\"Nature\": \"solid\", \"Grade\": \"good\", \"chemical formula\": \"Cu2082Hu2086O\", \"synonyms\": \"Alcohol\"}',0,0,0,0,1,'Date',NULL,NULL,0,4,'1',1),('3','Sodium Chloride',10,'{\"Nature\": \"organic\", \"Grade\": \"normal\", \"Location\": \"gk204\", \"Kind\": \"solid\"}',0,0,0,0,1,'Date',NULL,NULL,0,2,'1',1),('4','Beaker',0,'{\"Nature\": \"organic\", \"Brand\": \"pyrex\", \"Location\": \"gk204\", \"Status\": \"good\", \"L or S\": \"L\"}',1,0,1,1,0,NULL,NULL,NULL,0,NULL,'1',2),('5','Pitot Tube',10,'{\"Nature\": \"ffg\", \"Brand\": \"pyrex\", \"Location\": \"gk204\", \"Status\": \"good\", \"L or S\": \"L\"}',0,0,0,0,0,NULL,NULL,NULL,0,NULL,'1',2),('6','Hydrogen',0,'{\"Nature\": \"organic\", \"Grade\": \"normal\", \"Location\": \"gk204\", \"Kind\": \"solid\"}',0,0,0,0,0,NULL,NULL,NULL,0,NULL,'1',1),('7','Iodine',0,'{\"Nature\": \"organic\", \"Grade\": \"normal\", \"Location\": \"gk204\", \"Kind\": \"liquid\"}',0,0,0,0,0,NULL,NULL,NULL,0,NULL,'1',1),('8','Iodine',0,'{\"Nature\": \"organic\", \"Grade\": \"normal\", \"Location\": \"gk204\", \"Kind\": \"liquid\"}',1,0,1,1,0,NULL,NULL,NULL,0,NULL,'1',1),('9','Iodine',0,'{\"Nature\": \"organic\", \"Grade\": \"normal\", \"Location\": \"gk204\", \"Kind\": \"liquid\"}',1,0,1,1,0,NULL,NULL,NULL,0,NULL,'1',1);
/*!40000 ALTER TABLE `core_item_description` ENABLE KEYS */;
UNLOCK TABLES;

--
-- Table structure for table `core_item_expirations`
--

DROP TABLE IF EXISTS `core_item_expirations`;
/*!40101 SET @saved_cs_client     = @@character_set_client */;
/*!50503 SET character_set_client = utf8mb4 */;
CREATE TABLE `core_item_expirations` (
  `inventory_item_id` varchar(20) NOT NULL,
  `expired_date` date DEFAULT NULL,
  `remaining_uses` int DEFAULT NULL,
  `next_maintenance_date` date DEFAULT NULL,
  PRIMARY KEY (`inventory_item_id`),
  CONSTRAINT `core_item_expiration_inventory_item_id_d008ba34_fk_core_item` FOREIGN KEY (`inventory_item_id`) REFERENCES `core_item_inventory` (`inventory_item_id`)
) ENGINE=InnoDB DEFAULT CHARSET=utf8mb4 COLLATE=utf8mb4_0900_ai_ci;
/*!40101 SET character_set_client = @saved_cs_client */;

--
-- Dumping data for table `core_item_expirations`
--

LOCK TABLES `core_item_expirations` WRITE;
/*!40000 ALTER TABLE `core_item_expirations` DISABLE KEYS */;
INSERT INTO `core_item_expirations` VALUES ('102101202401860001','2025-03-12',NULL,NULL),('102101202441690012','2025-03-29',NULL,NULL),('102101202462390001','2024-11-26',NULL,NULL),('102101202462390003','2025-01-30',NULL,NULL),('102101202462390005','2025-03-06',NULL,NULL),('102101202481630004',NULL,NULL,'2027-02-07'),('102101202504970001',NULL,NULL,NULL),('102101202505000001',NULL,NULL,NULL),('102101202506120001',NULL,NULL,NULL),('102101202506730001',NULL,NULL,NULL),('102101202506730002',NULL,NULL,NULL),('102101202509230001',NULL,NULL,NULL),('102101202509230002',NULL,NULL,NULL),('102101202509230003',NULL,NULL,NULL),('102101202509230004',NULL,NULL,NULL),('102101202514190001',NULL,NULL,NULL),('102101202514190002',NULL,NULL,NULL),('102101202516210001',NULL,NULL,NULL),('102101202517020001',NULL,NULL,NULL),('102101202518270001',NULL,NULL,NULL),('102101202526980001',NULL,NULL,NULL),('102101202532240001','2025-04-24',NULL,NULL),('102101202534200001',NULL,NULL,NULL),('102101202535320001',NULL,NULL,NULL),('102101202543680001',NULL,NULL,NULL),('102101202543680002',NULL,NULL,NULL),('102101202543680003',NULL,NULL,NULL),('102101202543680004',NULL,NULL,NULL),('102101202544460001',NULL,NULL,NULL),('102101202546700001',NULL,NULL,NULL),('102101202547290001',NULL,NULL,NULL),('102101202548990001',NULL,NULL,NULL),('102101202549020001',NULL,NULL,NULL),('102101202549430001',NULL,NULL,NULL),('102101202552500001',NULL,NULL,NULL),('102101202553250001',NULL,NULL,NULL),('102101202553250002',NULL,NULL,NULL),('102101202553250003',NULL,NULL,NULL),('102101202553630001',NULL,NULL,NULL),('102101202564950001','2025-02-22',NULL,NULL),('102101202564960001',NULL,NULL,NULL),('102101202570750001','2025-02-28',NULL,NULL),('102101202570750002','2025-02-20',NULL,NULL),('102101202571160001',NULL,NULL,NULL),('102101202574100001',NULL,NULL,NULL),('102101202578350002',NULL,0,NULL),('102101202578350004',NULL,9,NULL),('102101202580150001',NULL,NULL,NULL),('102101202582780001',NULL,NULL,NULL),('102101202585620001',NULL,NULL,NULL),('102101202585620002',NULL,NULL,NULL),('102101202585620003',NULL,NULL,NULL),('102101202585620004',NULL,NULL,NULL),('102101202585620005',NULL,NULL,NULL),('102101202585620006',NULL,NULL,NULL),('102101202586510001',NULL,NULL,NULL),('102101202587020001','2025-05-30',NULL,NULL),('102101202590930001',NULL,NULL,NULL),('102101202591730001',NULL,NULL,NULL),('102101202592460001',NULL,NULL,NULL),('102101202595190001','2025-02-14',NULL,NULL),('10220001','2024-11-14',NULL,NULL),('10220002','2024-11-27',NULL,NULL),('10230001','2024-11-28',NULL,NULL),('77','2024-10-30',NULL,NULL),('78','2024-10-26',NULL,NULL),('79','2024-10-25',NULL,NULL),('91','2024-11-23',NULL,NULL),('93','2024-11-23',NULL,NULL),('94','2024-12-21',NULL,NULL);
/*!40000 ALTER TABLE `core_item_expirations` ENABLE KEYS */;
UNLOCK TABLES;

--
-- Table structure for table `core_item_handling`
--

DROP TABLE IF EXISTS `core_item_handling`;
/*!40101 SET @saved_cs_client     = @@character_set_client */;
/*!50503 SET character_set_client = utf8mb4 */;
CREATE TABLE `core_item_handling` (
  `item_handling_id` int NOT NULL AUTO_INCREMENT,
  `timestamp` datetime(6) DEFAULT NULL,
  `changes` varchar(1) NOT NULL,
  `qty` int NOT NULL,
  `remarks` varchar(45) DEFAULT NULL,
  `inventory_item_id` varchar(20) DEFAULT NULL,
  `updated_by_id` varchar(20) DEFAULT NULL,
  PRIMARY KEY (`item_handling_id`),
  KEY `core_item_handling_inventory_item_id_0453f3f1_fk_core_item` (`inventory_item_id`),
  KEY `core_item_handling_updated_by_id_69dbe00f_fk_core_user_user_id` (`updated_by_id`),
  CONSTRAINT `core_item_handling_inventory_item_id_0453f3f1_fk_core_item` FOREIGN KEY (`inventory_item_id`) REFERENCES `core_item_inventory` (`inventory_item_id`),
  CONSTRAINT `core_item_handling_updated_by_id_69dbe00f_fk_core_user_user_id` FOREIGN KEY (`updated_by_id`) REFERENCES `core_user` (`user_id`)
) ENGINE=InnoDB AUTO_INCREMENT=359 DEFAULT CHARSET=utf8mb4 COLLATE=utf8mb4_0900_ai_ci;
/*!40101 SET character_set_client = @saved_cs_client */;

--
-- Dumping data for table `core_item_handling`
--

LOCK TABLES `core_item_handling` WRITE;
/*!40000 ALTER TABLE `core_item_handling` DISABLE KEYS */;
INSERT INTO `core_item_handling` VALUES (85,'2024-10-24 18:09:10.602327','A',10,'Physical count adjustment','66','3'),(86,'2024-10-24 18:09:10.643297','A',10,'Physical count adjustment','67','3'),(87,'2024-10-24 18:09:10.681298','A',10,'Physical count adjustment','68','3'),(88,'2024-10-24 18:09:10.718949','A',10,'Physical count adjustment','69','3'),(89,'2024-10-24 18:09:10.763631','A',10,'Physical count adjustment','70','3'),(90,'2024-10-24 18:09:10.809167','A',10,'Physical count adjustment','71','3'),(91,'2024-10-24 18:09:10.860340','A',10,'Physical count adjustment','72','3'),(92,'2024-10-24 18:09:10.908339','A',10,'Physical count adjustment','73','3'),(93,'2024-10-24 18:09:10.961679','A',10,'Physical count adjustment','74','3'),(94,'2024-10-24 18:09:11.009834','A',10,'Physical count adjustment','75','3'),(95,'2024-10-24 18:09:11.065477','A',10,'Physical count adjustment','76','3'),(96,'2024-10-24 18:18:49.420755','A',20,'Add to Inventory','77','3'),(104,'2024-10-24 18:46:34.799298','R',-1,'Remove','66','3'),(105,'2024-10-24 18:49:52.655330','R',-1,'Remove','66','3'),(106,'2024-10-24 19:08:25.285872','R',-2,'damaged broken','66','3'),(107,'2024-10-24 19:12:20.268129','R',-1,'Remove','66','3'),(108,'2024-10-24 19:15:47.334541','R',-2,'Remove','66','3'),(109,'2024-10-24 19:19:37.574635','R',-1,'Remove','66','3'),(110,'2024-10-24 19:21:17.226685','R',-1,'Remove','66','3'),(111,'2024-10-24 19:24:06.229863','R',-1,'Remove','66','3'),(112,'2024-10-24 19:26:45.086430','R',-1,'Remove','77','3'),(113,'2024-10-24 19:28:31.889822','R',-1,'Remove','77','3'),(114,'2024-10-24 19:33:01.491758','R',-1,'Remove','77','3'),(115,'2024-10-24 19:33:27.759373','R',-1,'broken item','77','3'),(116,'2024-10-24 19:34:35.355645','A',10,'Add to Inventory','78','3'),(117,'2024-10-24 19:34:52.074771','R',-10,'Remove','78','3'),(118,'2024-10-24 19:34:52.105403','R',-10,'Remove','77','3'),(119,'2024-10-24 19:38:26.392637','A',10,'Add to Inventory','79','3'),(120,'2024-10-24 19:38:48.442705','R',-10,'Remove','67','3'),(121,'2024-10-24 19:38:48.526700','R',-5,'Remove','79','3'),(122,'2024-11-06 11:46:05.309211','A',20,'Add to Inventory','80','2'),(123,'2024-11-06 11:46:32.956926','A',20,'Add to Inventory','81','2'),(124,'2024-11-06 11:47:01.209936','A',30,'Add to Inventory','82','2'),(125,'2024-11-06 11:47:23.053324','A',40,'Add to Inventory','83','2'),(126,'2024-11-06 11:47:50.739196','A',50,'Add to Inventory','84','2'),(127,'2024-11-06 11:48:25.251962','A',60,'Add to Inventory','85','2'),(128,'2024-11-06 11:49:54.876052','R',-2,'Remove','80','2'),(129,'2024-11-06 11:51:53.988771','D',1,'Broken eyepiece','82','2'),(130,'2024-11-06 11:56:37.065357','P',-1,'Physical count adjustment','82','2'),(131,'2024-11-06 11:56:37.167444','A',1,'Physical count adjustment','86','2'),(132,'2024-11-06 11:56:37.220635','P',-1,'Physical count adjustment','81','2'),(133,'2024-11-06 11:58:28.261148','A',1,'Physical count adjustment','87','2'),(134,'2024-11-06 12:06:53.156766','A',30,'Add to Inventory','88','2'),(135,'2024-11-06 12:07:19.260115','R',-10,'Remove from inventory','82','2'),(136,'2024-11-08 06:54:50.223390','A',2,'Add to Inventory','89','2'),(137,'2024-11-08 06:57:22.395136','R',-6,'Remove from inventory','77','2'),(138,'2024-11-08 06:59:55.819543','D',1,'broken','68','2'),(139,'2024-11-08 07:01:30.039741','A',1,'Physical count adjustment','90','2'),(140,'2024-11-08 16:56:49.831289','R',-5,'Remove from inventory','81','2'),(141,'2024-11-08 17:05:24.312089','P',-4,'Physical Count Adjustment','82','2'),(142,'2024-11-09 06:04:54.249349','A',10,'Add to Inventory','91','2'),(143,'2024-11-09 06:04:54.342351','A',10,'Add to Inventory','92','2'),(144,'2024-11-09 06:14:42.692624','A',10,'Add to Inventory','93','2'),(145,'2024-11-14 06:58:16.454455','A',30,'Add to Inventory','94','2'),(146,'2024-11-14 06:59:37.299089','R',-2,'Remove from inventory','94','2'),(147,'2024-11-14 07:01:55.637941','D',-1,'broken','94','2'),(148,'2024-11-14 07:07:04.191312','P',-7,'Physical Count Adjustment','94','2'),(149,'2024-11-14 11:39:05.473632','A',30,'Add to Inventory','102101202439690001','2'),(150,'2024-11-14 11:41:47.544211','A',20,'Add to Inventory','102101202439690002','2'),(151,'2024-11-14 11:42:29.132324','A',40,'Add to Inventory','102101202400310001','2'),(152,'2024-11-14 11:57:55.235141','A',10,'Add to Inventory','10220001','2'),(153,'2024-11-14 13:46:10.630327','A',10,'Add to Inventory','10230001','2'),(154,'2024-11-14 13:49:48.912915','A',10,'Add to Inventory','10250001','2'),(155,'2024-11-14 14:25:58.253708','R',-5,'Remove from inventory','79','2'),(156,'2024-11-14 16:30:41.165686','A',20,'Add to Inventory','10250002','2'),(157,'2024-11-14 16:32:48.083887','R',5,'','68','2'),(158,'2024-11-14 16:33:37.348389','R',4,'Remove from inventory','68','2'),(159,'2024-11-14 16:33:37.373397','R',-1,'Remove from inventory','10250001','2'),(160,'2024-11-14 16:33:50.762424','R',-3,'Remove from inventory','10250001','2'),(161,'2024-11-14 16:44:16.730318','R',-2,'Remove from inventory','10250001','2'),(162,'2024-11-14 16:52:19.903234','D',-4,'stolen all','10250001','2'),(163,'2024-11-14 16:52:19.937254','D',-20,'stolen all','10250002','2'),(164,'2024-11-14 16:55:45.880784','A',20,'Add to Inventory','10230002','2'),(165,'2024-11-14 16:56:27.019673','D',-5,'lost','10230002','2'),(166,'2024-11-14 16:56:55.793304','D',-1,'spilled','10230001','2'),(167,'2024-11-14 16:58:42.372417','R',-9,'Remove from inventory','10230001','2'),(168,'2024-11-15 04:15:37.568584','A',20,'Add to Inventory','10260001','2'),(169,'2024-11-15 07:33:32.825161','A',20,'Add to Inventory','10270001','2'),(170,'2024-11-15 07:35:04.540583','R',-1,'Remove from inventory','70','2'),(171,'2024-11-15 07:37:36.401249','D',-2,'contaminated','10230002','2'),(172,'2024-11-15 08:12:37.450626','A',1,'Add to Inventory','102101202488850001','2'),(173,'2024-11-15 08:15:22.876812','A',1,'Add to Inventory','102101202488850002','2'),(174,'2024-11-15 11:39:05.548018','R',-2,'Remove from inventory','91','2'),(175,'2024-11-15 16:32:34.170232','A',30,'Add to Inventory','10220002','2'),(176,'2024-11-16 07:22:14.236323','A',3,'Add to Inventory','10250003','2'),(177,'2024-11-16 07:25:46.342590','A',4,'Add to Inventory','10270002','2'),(178,'2024-11-16 07:26:17.691566','A',2,'Add to Inventory','10270003','2'),(179,'2024-11-16 12:17:28.706382','A',1,'Add to Inventory','102101202463160001','2'),(180,'2024-11-16 12:18:00.368336','A',1,'Add to Inventory','102101202463160002','2'),(181,'2024-11-16 12:35:48.121782','R',-2,'Remove from inventory','91','2'),(182,'2024-11-16 12:36:21.687127','R',-1,'Remove from inventory','91','2'),(183,'2024-11-16 12:38:22.124808','R',-1,'Remove from inventory','102101202463160001','2'),(184,'2024-11-17 06:29:35.485808','A',1,'Add to Inventory','102101202481630001','2'),(185,'2024-11-17 07:43:24.936701','P',2,'Physical count adjustment','102101202410770001','2'),(186,'2024-11-17 07:53:50.416845','P',1,'Physical count adjustment','94','2'),(187,'2024-11-17 07:54:31.880548','P',7,'Physical count adjustment','102101202410770002','2'),(188,'2024-11-17 08:04:03.002053','P',-1,'Physical Count Adjustment','90','2'),(189,'2024-11-17 08:04:03.004386','P',-2,'Physical Count Adjustment','102101202410770001','2'),(190,'2024-11-17 08:04:17.524461','P',3,'Physical count adjustment','94','2'),(191,'2024-11-17 08:04:44.391048','P',2,'Physical count adjustment','91','2'),(192,'2024-11-17 08:04:53.368201','P',-1,'Physical count adjustment','92','2'),(193,'2024-11-17 10:50:35.983830','A',1,'Add to Inventory','102101202419390001','2'),(194,'2024-11-17 10:55:28.945564','A',3,'Add to Inventory','102101202441690001','2'),(195,'2024-11-17 10:58:28.298333','A',5,'Add to Inventory','102101202462390001','2'),(196,'2024-11-17 11:01:01.016695','A',10,'Add to Inventory','102101202423770001','2'),(197,'2024-11-17 11:01:55.967818','A',10,'Add to Inventory','102101202480370001','2'),(198,'2024-11-17 11:04:48.513788','A',20,'Add to Inventory','102101202467110001','2'),(199,'2024-11-17 11:08:20.643243','A',20,'Add to Inventory','102101202436070001','2'),(200,'2024-11-17 11:09:34.173232','A',1,'Add to Inventory','102101202436070002','2'),(201,'2024-11-17 11:10:09.218450','A',1,'Add to Inventory','102101202436070003','2'),(202,'2024-11-17 11:11:11.243025','A',1,'Add to Inventory','102101202436070004','2'),(203,'2024-11-18 10:18:21.318753','R',-1,'Remove from inventory','10250003','2'),(204,'2024-11-18 10:18:56.730099','R',-1,'Remove from inventory','10250003','2'),(205,'2024-11-18 10:28:14.581551','A',1,'Add to Inventory','10250004','2'),(206,'2024-11-18 10:31:44.654733','R',-1,'Remove from inventory','10250004','2'),(207,'2024-11-18 10:34:38.501468','A',1,'Add to Inventory','10250005','2'),(208,'2024-11-18 10:34:47.552950','R',-1,'Remove from inventory','10250005','2'),(209,'2024-11-18 10:35:07.243096','R',-1,'Remove from inventory','91','2'),(210,'2024-11-18 10:39:05.107431','R',-1,'Remove from inventory','91','2'),(211,'2024-11-18 10:40:02.138580','R',-1,'Remove from inventory','69','2'),(212,'2024-11-18 10:40:15.375278','A',3,'Add to Inventory','10230003','2'),(213,'2024-11-18 10:40:30.419405','A',1,'Add to Inventory','10250006','2'),(214,'2024-11-18 10:41:11.390146','D',-1,'contaminated','70','2'),(215,'2024-11-18 12:34:25.248138','R',-1,'Remove from inventory','10230002','2'),(216,'2025-01-25 07:54:01.431491','A',10,'Add to Inventory','102101202441690002','2'),(217,'2025-01-25 08:16:23.281425','A',2,'Add to Inventory','102101202441690003','2'),(218,'2025-01-25 08:18:23.400838','A',3,'Add to Inventory','102101202410770003','2'),(219,'2025-01-25 08:18:34.004195','A',3,'Add to Inventory','102101202441690004','2'),(220,'2025-01-25 08:19:36.818910','A',4,'Add to Inventory','102101202441690005','2'),(221,'2025-01-25 08:21:15.795196','A',3,'Add to Inventory','102101202441690006','2'),(222,'2025-01-25 08:23:27.364665','A',1,'Add to Inventory','102101202441690007','2'),(223,'2025-01-25 08:24:26.998699','A',2,'Add to Inventory','102101202441690008','2'),(224,'2025-01-25 08:25:13.407610','A',1,'Add to Inventory','102101202441690009','2'),(225,'2025-01-25 09:29:17.385857','A',5,'Add to Inventory','102101202441690010','2'),(226,'2025-01-25 10:29:00.122688','A',4,'Add to Inventory','102101202462390002','2'),(227,'2025-01-25 11:14:56.292564','A',6,'Add to Inventory','102101202462390003','2'),(228,'2025-01-25 11:18:33.906378','A',5,'Add to Inventory','10250007','2'),(229,'2025-01-25 11:19:11.738820','A',7,'Add to Inventory','10230004','2'),(230,'2025-01-25 12:06:52.982956','A',3,'Add to Inventory','102101202588240001','2'),(231,'2025-01-25 12:07:35.445055','A',1,'Add to Inventory','102101202588240002','2'),(232,'2025-01-25 12:09:00.662810','A',1,'Add to Inventory','102101202588240003','2'),(233,'2025-01-31 12:04:30.899119','R',-1,'Remove from inventory','102101202462390002','2'),(234,'2025-01-31 12:05:08.621789','R',-1,'Remove from inventory','102101202462390003','2'),(235,'2025-01-31 12:06:57.581369','A',3,'Add to Inventory','102101202462390004','2'),(236,'2025-01-31 12:07:25.640643','R',-1,'Remove from inventory','102101202462390004','2'),(237,'2025-01-31 12:08:03.765500','R',-1,'Remove from inventory','102101202462390002','2'),(238,'2025-01-31 12:21:04.577596','R',-2,'Remove from inventory','10230002','2'),(239,'2025-01-31 12:24:35.590020','A',10,'Add to Inventory','102101202441690011','2'),(240,'2025-01-31 12:27:05.958501','A',1,'Add to Inventory','10230005','2'),(241,'2025-01-31 12:27:17.777222','R',-1,'Remove from inventory','10230002','2'),(242,'2025-01-31 12:45:27.958287','R',-1,'Remove from inventory','102101202441690010','2'),(243,'2025-01-31 12:46:11.968899','A',1,'Add to Inventory','10230006','2'),(244,'2025-02-05 09:26:52.426068','A',10,'Add to Inventory','102101202570750001','2'),(245,'2025-02-05 09:30:13.850153','A',1,'Add to Inventory','102101202570750002','2'),(246,'2025-02-05 09:30:32.078294','A',1,'Add to Inventory','102101202578350001','2'),(247,'2025-02-05 09:31:13.778485','A',1,'Add to Inventory','10220003','2'),(248,'2025-02-05 09:33:00.632987','R',-1,'Remove from inventory','102101202570750002','2'),(249,'2025-02-05 09:33:27.180522','R',-1,'Remove from inventory','102101202570750001','2'),(250,'2025-02-05 09:35:36.431881','D',-1,'Spilled on the floor','102101202570750001','2'),(251,'2025-02-05 09:35:48.101467','R',-1,'Remove from inventory','102101202570750001','2'),(252,'2025-02-05 09:36:09.829043','R',-1,'Remove from inventory','10230003','2'),(253,'2025-02-05 09:39:08.604068','A',10,'Add to Inventory','10220004','2'),(254,'2025-02-05 10:53:08.536841','A',1,'Add to Inventory','102101202578350002','2'),(255,'2025-02-05 10:54:34.564274','A',1,'Add to Inventory','102101202578350003','2'),(256,'2025-02-05 10:58:18.479753','A',1,'Add to Inventory','102101202578350004','2'),(257,'2025-02-05 13:26:01.974682','R',-1,'Remove from inventory','102101202578350002','2'),(258,'2025-02-05 13:39:52.663120','A',1,'Add to Inventory','102101202481630002','2'),(259,'2025-02-05 13:43:09.333006','A',1,'Add to Inventory','102101202481630003','2'),(260,'2025-02-05 13:44:55.194750','A',1,'Add to Inventory','102101202481630004','2'),(261,'2025-02-12 08:09:09.856630','P',1,'Physical count adjustment','102101202419390002','2'),(262,'2025-02-12 08:12:34.484271','P',3,'Physical count adjustment','102101202419390003','2'),(263,'2025-02-12 08:16:55.364772','P',-1,'Physical Count Adjustment','102101202419390001','2'),(264,'2025-02-12 08:16:55.364772','P',-1,'Physical Count Adjustment','102101202419390002','2'),(265,'2025-02-12 08:16:55.372634','P',-2,'Physical Count Adjustment','102101202419390003','2'),(266,'2025-02-12 08:25:11.870970','P',1,'Physical count adjustment','102101202410770004','2'),(267,'2025-02-12 08:53:33.857038','P',-1,'Physical Count Adjustment','102101202410770003','2'),(268,'2025-02-12 08:56:21.905488','P',1,'Physical count adjustment','102101202419390003','2'),(269,'2025-02-13 10:37:51.205952','A',1,'Add to Inventory','102101202514190001','2'),(270,'2025-02-13 10:43:00.853251','A',2,'Add to Inventory','102101202514190002','2'),(271,'2025-02-19 13:32:33.672421','A',43,'Mass Upload','102101202569390001','2'),(272,'2025-02-19 13:32:33.682549','A',10,'Mass Upload','102101202547490001','2'),(273,'2025-02-19 13:32:33.682549','A',14,'Mass Upload','102101202568750001','2'),(274,'2025-02-19 13:32:33.696955','A',10,'Mass Upload','102101202538530001','2'),(275,'2025-02-19 13:32:33.701792','A',64,'Mass Upload','102101202541670001','2'),(276,'2025-02-19 13:32:33.710610','A',29,'Mass Upload','102101202524820001','2'),(277,'2025-02-19 13:32:33.715330','A',10,'Mass Upload','102101202526530001','2'),(278,'2025-02-19 13:32:33.715330','A',34,'Mass Upload','102101202530000001','2'),(279,'2025-02-19 13:32:33.734081','A',23,'Mass Upload','102101202522580001','2'),(280,'2025-02-19 13:32:33.739079','A',0,'Mass Upload','102101202582080001','2'),(281,'2025-02-19 13:32:33.748071','A',0,'Mass Upload','102101202529390001','2'),(282,'2025-02-19 13:32:33.749303','A',21,'Mass Upload','102101202578740001','2'),(283,'2025-02-19 13:32:33.749303','A',10,'Mass Upload','102101202508460001','2'),(284,'2025-02-20 11:26:57.201038','A',100,'Add to Inventory','102101202574100001','20241125'),(285,'2025-02-20 11:27:03.732288','A',7,'Add to Inventory','102101202592460001','20241125'),(286,'2025-02-20 11:27:10.270922','A',20,'Add to Inventory','102101202505000001','20241125'),(287,'2025-02-20 11:27:16.324246','A',33,'Add to Inventory','102101202516210001','20241125'),(288,'2025-02-20 11:27:21.896485','A',3,'Add to Inventory','102101202546700001','20241125'),(289,'2025-02-20 11:27:30.510504','A',300,'Add to Inventory','102101202552500001','20241125'),(290,'2025-02-20 11:27:46.700449','A',20,'Add to Inventory','102101202553630001','20241125'),(291,'2025-02-20 13:43:37.404807','A',20,'Add to Inventory','102101202543680001','20250719'),(292,'2025-02-20 13:44:11.191862','A',10,'Add to Inventory','102101202506730001','20250719'),(293,'2025-02-20 13:44:37.414871','A',5,'Add to Inventory','102101202526980001','20250719'),(294,'2025-02-20 13:45:11.187714','A',8,'Add to Inventory','102101202548990001','20250719'),(295,'2025-02-20 13:45:44.568049','A',10,'Add to Inventory','102101202518270001','20250719'),(296,'2025-02-20 13:53:01.708648','A',30,'Add to Inventory','102101202595190001','20250719'),(297,'2025-02-20 13:54:23.933710','A',10,'Add to Inventory','102101202587020001','20250719'),(298,'2025-02-20 13:55:10.654917','A',15,'Add to Inventory','102101202532240001','20250719'),(299,'2025-02-20 13:57:31.985594','A',5,'Add to Inventory','102101202580150001','20250719'),(300,'2025-02-20 14:13:24.004996','A',10,'Add to Inventory','102101202544460001','20251551'),(301,'2025-02-20 14:14:17.885261','A',12,'Add to Inventory','102101202582780001','20251551'),(302,'2025-02-20 14:14:42.274600','A',20,'Add to Inventory','102101202506120001','20251551'),(303,'2025-02-20 14:15:01.670758','A',8,'Add to Inventory','102101202517020001','20251551'),(304,'2025-02-20 14:15:26.108748','A',10,'Add to Inventory','102101202564960001','20251551'),(305,'2025-02-20 14:17:14.804018','A',5,'Add to Inventory','102101202504970001','20251551'),(306,'2025-02-20 14:18:14.001191','A',8,'Add to Inventory','102101202549020001','20251551'),(307,'2025-02-20 14:18:38.811960','A',15,'Add to Inventory','102101202535320001','20251551'),(308,'2025-02-20 14:19:00.086122','A',10,'Add to Inventory','102101202547290001','20251551'),(309,'2025-02-20 14:19:22.545666','A',5,'Add to Inventory','102101202591730001','20251551'),(310,'2025-02-20 14:20:08.180822','A',10,'Add to Inventory','102101202549430001','20251551'),(311,'2025-02-20 14:20:38.811719','A',5,'Add to Inventory','102101202534200001','20251551'),(312,'2025-02-21 03:20:29.782526','A',2,'Add to Inventory','102101202586510001','20248874'),(313,'2025-02-21 03:21:29.422453','P',-1,'Physical count adjustment','102101202505000001','20248874'),(314,'2025-02-21 03:25:54.761413','R',-1,'Remove from inventory','102101202574100001','20241125'),(315,'2025-02-21 06:07:21.048854','A',5,'Add to Inventory','102101202564950001','20252226'),(316,'2025-02-21 06:10:11.807294','P',3,'Physical count adjustment','102101202410770002','20252226'),(317,'2025-02-21 06:10:26.927063','P',5,'Physical count adjustment','102101202410770002','20252226'),(318,'2025-02-21 06:47:32.810849','A',1,'Add to Inventory','102101202543680002','2'),(319,'2025-02-21 06:49:12.132998','A',4,'Add to Inventory','102101202543680003','2'),(320,'2025-02-21 06:55:23.412855','A',1,'Add to Inventory','102101202506730002','2'),(321,'2025-02-21 07:57:21.990804','A',1,'Add to Inventory','102101202543680004','20259303'),(322,'2025-02-21 08:08:38.997587','A',3,'Add to Inventory','102101202571160001','20250673'),(323,'2025-02-26 16:47:31.230934','A',1,'Add to Inventory','102101202462390005','2'),(324,'2025-02-26 17:08:35.474779','R',-1,'Remove from inventory','102101202410770002','2'),(325,'2025-02-27 18:40:48.987975','A',4,'Add to Inventory','102101202410770005','2'),(327,'2025-03-04 12:34:36.692091','A',1,'Add to Inventory','102101202410770006','2'),(328,'2025-03-04 12:38:52.788368','A',2,'Add to Inventory','102101202410770007','13'),(329,'2025-03-04 12:42:23.901668','A',1,'Add to Inventory','102101202410770008','2'),(331,'2025-03-04 12:44:47.732391','A',1,'Add to Inventory','102101202410770009','2'),(332,'2025-03-04 12:45:56.252470','A',1,'Add to Inventory','102101202410770010','2'),(334,'2025-03-04 12:49:11.663809','A',200,'Add to Inventory','102101202590930001','13'),(335,'2025-03-04 12:53:27.963692','A',1,'Add to Inventory','102101202529390002','2'),(336,'2025-03-04 13:00:36.558983','A',1,'Add to Inventory','102101202401860001','2'),(339,'2025-03-04 13:18:12.816899','A',200,'Add to Inventory','102101202553250001','13'),(340,'2025-03-04 13:57:23.083236','A',2,'Add to Inventory','102101202553250002','13'),(341,'2025-03-04 14:38:29.275905','A',2,'Add to Inventory','102101202553250003','13'),(342,'2025-03-04 15:07:57.773065','A',5,'Add to Inventory','102101202585620001','13'),(343,'2025-03-04 15:26:02.575093','A',5,'Add to Inventory','102101202585620002','13'),(344,'2025-03-04 15:56:22.641048','A',20,'Add to Inventory','102101202585620003','13'),(345,'2025-03-04 16:42:28.993044','A',5,'Add to Inventory','102101202585620004','13'),(346,'2025-03-04 17:00:22.293188','A',65,'Add to Inventory','102101202585620005','13'),(347,'2025-03-04 17:16:02.716157','A',5,'Add to Inventory','102101202585620006','13'),(348,'2025-03-04 17:35:49.252898','A',5,'Add to Inventory','102101202509230001','13'),(349,'2025-03-04 18:26:01.187351','A',5,'Add to Inventory','102101202509230002','13'),(350,'2025-03-04 18:31:51.456799','A',5,'Add to Inventory','102101202509230003','13'),(351,'2025-03-04 18:42:24.079231','A',5,'Add to Inventory','102101202509230004','13'),(352,'2025-03-05 09:09:21.597230','A',3,'Add to Inventory','102101202419390004','11'),(353,'2025-03-06 12:40:41.602115','A',10,'Added Mass Upload','102101202534730001','11'),(354,'2025-03-06 12:40:41.611670','A',23,'Added Mass Upload','102101202587120001','11'),(355,'2025-03-06 12:40:41.619278','A',100,'Added Mass Upload','102101202564860001','11'),(357,'2025-03-06 12:55:44.835957','A',1,'Add to Inventory','102101202441690012','11'),(358,'2025-03-09 11:37:32.281571','A',1,'Add to Inventory','102101202419390005','11');
/*!40000 ALTER TABLE `core_item_handling` ENABLE KEYS */;
UNLOCK TABLES;

--
-- Table structure for table `core_item_inventory`
--

DROP TABLE IF EXISTS `core_item_inventory`;
/*!40101 SET @saved_cs_client     = @@character_set_client */;
/*!50503 SET character_set_client = utf8mb4 */;
CREATE TABLE `core_item_inventory` (
  `inventory_item_id` varchar(20) NOT NULL,
  `date_purchased` datetime(6) DEFAULT NULL,
  `date_received` datetime(6) DEFAULT NULL,
  `purchase_price` double DEFAULT NULL,
  `remarks` varchar(45) DEFAULT NULL,
  `qty` int NOT NULL,
  `uses` int NOT NULL,
  `item_id` varchar(20) NOT NULL,
  `supplier_id` varchar(20) DEFAULT NULL,
  `pdf_file` varchar(100) DEFAULT NULL,
  PRIMARY KEY (`inventory_item_id`),
  KEY `core_item_inventory_item_id_08cd8b93_fk_core_item` (`item_id`),
  KEY `core_item_inventory_supplier_id_6be69ccf_fk_core_supp` (`supplier_id`),
  CONSTRAINT `core_item_inventory_item_id_08cd8b93_fk_core_item` FOREIGN KEY (`item_id`) REFERENCES `core_item_description` (`item_id`),
  CONSTRAINT `core_item_inventory_supplier_id_6be69ccf_fk_core_supp` FOREIGN KEY (`supplier_id`) REFERENCES `core_suppliers` (`suppliers_id`)
) ENGINE=InnoDB DEFAULT CHARSET=utf8mb4 COLLATE=utf8mb4_0900_ai_ci;
/*!40101 SET character_set_client = @saved_cs_client */;

--
-- Dumping data for table `core_item_inventory`
--

LOCK TABLES `core_item_inventory` WRITE;
/*!40000 ALTER TABLE `core_item_inventory` DISABLE KEYS */;
INSERT INTO `core_item_inventory` VALUES ('102101202400310001','2024-11-22 00:00:00.000000','2024-11-22 00:00:00.000000',50000,NULL,40,0,'10120240031','5',NULL),('102101202401860001',NULL,NULL,0,NULL,1,0,'10120240186',NULL,NULL),('102101202410770001','2024-11-17 07:43:24.902674','2024-11-17 07:43:24.902674',NULL,NULL,0,0,'10120241077',NULL,NULL),('102101202410770002','2024-11-17 07:54:31.868024','2024-11-17 07:54:31.868024',NULL,NULL,14,0,'10120241077',NULL,NULL),('102101202410770003',NULL,NULL,0,NULL,2,0,'10120241077',NULL,NULL),('102101202410770004','2025-02-12 08:25:11.842141','2025-02-12 08:25:11.862111',NULL,NULL,1,0,'10120241077',NULL,NULL),('102101202410770005','2025-02-23 16:00:00.000000','2025-02-26 16:00:00.000000',2000,NULL,4,0,'10120241077','10220242723',NULL),('102101202410770006',NULL,NULL,0,NULL,1,0,'10120241077',NULL,NULL),('102101202410770007','2025-02-03 16:00:00.000000','2025-02-28 16:00:00.000000',220,NULL,2,0,'10120241077',NULL,NULL),('102101202410770008',NULL,NULL,0,NULL,1,0,'10120241077',NULL,NULL),('102101202410770009',NULL,NULL,0,NULL,1,0,'10120241077',NULL,NULL),('102101202410770010',NULL,NULL,0,NULL,1,0,'10120241077',NULL,NULL),('102101202419390001','2024-11-11 00:00:00.000000','2024-11-21 00:00:00.000000',30000,NULL,0,0,'10120241939','10220246857',NULL),('102101202419390002','2025-02-12 08:09:09.767089','2025-02-12 08:09:09.837382',NULL,NULL,0,0,'10120241939',NULL,NULL),('102101202419390003','2025-02-12 08:12:34.469293','2025-02-12 08:12:34.476230',NULL,NULL,2,0,'10120241939',NULL,NULL),('102101202419390004',NULL,NULL,0,NULL,3,0,'10120241939',NULL,''),('102101202419390005','2025-03-11 16:00:00.000000','2025-03-26 16:00:00.000000',2000,NULL,1,0,'10120241939','10220246857','inventory_pdfs/borrowrequest_20120259899_2025_02_06_to_2025_02_06.pdf'),('102101202423770001','2024-11-12 00:00:00.000000','2024-11-22 00:00:00.000000',6000,NULL,10,0,'10120242377','4',NULL),('102101202436070001','2024-11-14 00:00:00.000000','2024-11-23 00:00:00.000000',2000,NULL,20,0,'10120243607','4',NULL),('102101202436070002','2024-11-06 00:00:00.000000','2024-11-23 00:00:00.000000',2000,NULL,1,0,'10120243607','2',NULL),('102101202436070003','2024-11-10 00:00:00.000000','2024-11-20 00:00:00.000000',2000,NULL,1,0,'10120243607','4',NULL),('102101202436070004','2024-11-04 00:00:00.000000','2024-11-21 00:00:00.000000',3000,NULL,1,0,'10120243607','4',NULL),('102101202439690001','2024-11-19 00:00:00.000000','2024-11-13 00:00:00.000000',30000,NULL,30,0,'10120243969','5',NULL),('102101202439690002','2024-11-11 00:00:00.000000','2024-11-14 00:00:00.000000',40000,NULL,20,0,'10120243969','6',NULL),('102101202441690001','2024-11-11 00:00:00.000000','2024-11-21 00:00:00.000000',5000,NULL,3,0,'10120244169','3',NULL),('102101202441690002','2025-01-21 16:00:00.000000','2025-01-30 16:00:00.000000',2000,NULL,10,0,'10120244169','10220247836',NULL),('102101202441690003',NULL,NULL,0,NULL,2,0,'10120244169',NULL,NULL),('102101202441690004',NULL,NULL,0,NULL,3,0,'10120244169',NULL,NULL),('102101202441690005',NULL,NULL,0,NULL,4,0,'10120244169',NULL,NULL),('102101202441690006',NULL,NULL,0,NULL,3,0,'10120244169',NULL,NULL),('102101202441690007',NULL,NULL,0,NULL,1,0,'10120244169',NULL,NULL),('102101202441690008',NULL,NULL,0,NULL,2,0,'10120244169',NULL,NULL),('102101202441690009',NULL,NULL,0,NULL,1,0,'10120244169',NULL,NULL),('102101202441690010',NULL,NULL,0,NULL,4,0,'10120244169',NULL,NULL),('102101202441690011',NULL,NULL,0,NULL,10,0,'10120244169',NULL,NULL),('102101202441690012',NULL,NULL,0,NULL,1,0,'10120244169',NULL,''),('102101202462390001','2024-11-11 00:00:00.000000','2024-11-15 00:00:00.000000',5000,NULL,5,0,'10120246239','3',NULL),('102101202462390002',NULL,NULL,0,NULL,2,0,'10120246239',NULL,NULL),('102101202462390003','2025-01-20 16:00:00.000000','2025-01-22 16:00:00.000000',5000,NULL,5,0,'10120246239','4',NULL),('102101202462390004',NULL,NULL,0,NULL,2,0,'10120246239',NULL,NULL),('102101202462390005','2025-02-26 16:00:00.000000','2025-02-24 16:00:00.000000',2000,NULL,1,0,'10120246239','10220247836',NULL),('102101202463160001','2024-11-21 00:00:00.000000','2024-11-29 00:00:00.000000',2000,NULL,0,0,'10120246316','10220247939',NULL),('102101202463160002','2024-11-11 00:00:00.000000','2024-11-29 00:00:00.000000',2000,NULL,1,0,'10120246316','10220247939',NULL),('102101202467110001','2024-11-05 00:00:00.000000','2024-11-22 00:00:00.000000',1000,NULL,20,0,'10120246711','4',NULL),('102101202480370001','2024-11-04 00:00:00.000000','2024-11-22 00:00:00.000000',5000,NULL,10,0,'10120248037','3',NULL),('102101202481630001','2024-11-04 00:00:00.000000','2024-11-22 00:00:00.000000',3000,NULL,1,0,'10120248163','3',NULL),('102101202481630002',NULL,NULL,0,NULL,1,0,'10120248163',NULL,NULL),('102101202481630003',NULL,NULL,0,NULL,1,0,'10120248163',NULL,NULL),('102101202481630004',NULL,NULL,0,NULL,1,0,'10120248163',NULL,NULL),('102101202488850001','2024-11-10 00:00:00.000000','2024-11-22 00:00:00.000000',30000,NULL,1,0,'10120248885','3',NULL),('102101202488850002','2024-11-21 00:00:00.000000','2024-11-20 00:00:00.000000',3000,NULL,1,0,'10120248885','2',NULL),('102101202504970001','2024-10-21 16:00:00.000000','2024-11-20 16:00:00.000000',6523,NULL,5,0,'10120250497','10220259590',NULL),('102101202505000001',NULL,NULL,0,NULL,19,0,'10120250500',NULL,NULL),('102101202506120001','2024-11-19 16:00:00.000000','2024-11-28 16:00:00.000000',5221,NULL,20,0,'10120250612','10220257975',NULL),('102101202506730001','2024-06-19 16:00:00.000000','2024-07-19 16:00:00.000000',15000,NULL,10,0,'10120250673',NULL,NULL),('102101202506730002',NULL,NULL,0,NULL,1,0,'10120250673',NULL,NULL),('102101202508460001','2025-02-19 13:32:33.749303','2025-02-19 13:32:33.749303',NULL,NULL,10,0,'10120250846',NULL,NULL),('102101202509230001','2025-02-28 16:00:00.000000','2025-03-03 16:00:00.000000',221,NULL,5,0,'10120250923',NULL,''),('102101202509230002','2025-02-27 16:00:00.000000','2025-03-03 16:00:00.000000',120,NULL,5,0,'10120250923','10220242723',''),('102101202509230003','2025-02-28 16:00:00.000000','2025-03-02 16:00:00.000000',220,NULL,5,0,'10120250923','10220242723','inventory_pdfs/Guidelines_for_Practicumm_Students.pdf'),('102101202509230004','2025-02-27 16:00:00.000000','2025-03-03 16:00:00.000000',220,NULL,5,0,'10120250923',NULL,'inventory_pdfs/clearance_RFManual_Entry_ID1203342_Cleared.pdf'),('102101202514190001',NULL,NULL,0,NULL,1,0,'10120251419',NULL,NULL),('102101202514190002',NULL,NULL,0,NULL,2,0,'10120251419',NULL,NULL),('102101202516210001',NULL,NULL,0,NULL,33,0,'10120251621',NULL,NULL),('102101202517020001','2024-12-31 16:00:00.000000','2025-01-07 16:00:00.000000',4522,NULL,8,0,'10120251702','10220256766',NULL),('102101202518270001','2024-11-19 16:00:00.000000','2024-12-18 16:00:00.000000',25654,NULL,10,0,'10120251827',NULL,NULL),('102101202522580001','2025-02-19 13:32:33.729414','2025-02-19 13:32:33.729414',NULL,NULL,23,0,'10120252258',NULL,NULL),('102101202524820001','2025-02-19 13:32:33.701792','2025-02-19 13:32:33.701792',NULL,NULL,29,0,'10120252482',NULL,NULL),('102101202526530001','2025-02-19 13:32:33.715330','2025-02-19 13:32:33.715330',NULL,NULL,10,0,'10120252653',NULL,NULL),('102101202526980001','2024-11-19 16:00:00.000000','2024-12-02 16:00:00.000000',1565,NULL,5,0,'10120252698','10220259516',NULL),('102101202529390001','2025-02-19 13:32:33.742078','2025-02-19 13:32:33.742078',NULL,NULL,0,0,'10120252939',NULL,NULL),('102101202529390002',NULL,NULL,0,NULL,1,0,'10120252939',NULL,NULL),('102101202530000001','2025-02-19 13:32:33.715330','2025-02-19 13:32:33.715330',NULL,NULL,34,0,'10120253000',NULL,NULL),('102101202532240001','2025-02-11 16:00:00.000000','2025-02-12 16:00:00.000000',3520,NULL,15,0,'10120253224',NULL,NULL),('102101202534200001','2024-12-16 16:00:00.000000','2025-01-28 16:00:00.000000',500,NULL,5,0,'10120253420','10220259590',NULL),('102101202534730001','2025-03-06 12:40:41.594628','2025-03-06 12:40:41.594634',NULL,NULL,10,0,'10120253473',NULL,''),('102101202535320001','2024-09-10 16:00:00.000000','2024-09-30 16:00:00.000000',5211,NULL,15,0,'10120253532','10220259590',NULL),('102101202538530001','2025-02-19 13:32:33.682549','2025-02-19 13:32:33.682549',NULL,NULL,10,0,'10120253853',NULL,NULL),('102101202541670001','2025-02-19 13:32:33.700562','2025-02-19 13:32:33.700562',NULL,NULL,64,0,'10120254167',NULL,NULL),('102101202543680001','2024-12-31 16:00:00.000000','2025-01-31 16:00:00.000000',35000,NULL,20,0,'10120254368','10220255761',NULL),('102101202543680002','2025-02-18 16:00:00.000000','2025-02-20 16:00:00.000000',1000,NULL,1,0,'10120254368','10220259516',NULL),('102101202543680003','2025-02-20 16:00:00.000000','2025-02-26 16:00:00.000000',2,NULL,4,0,'10120254368','10220255761',NULL),('102101202543680004','2025-02-20 16:00:00.000000','2025-02-25 16:00:00.000000',10000,NULL,1,0,'10120254368','10220255761',NULL),('102101202544460001','2024-12-31 16:00:00.000000','2025-01-08 16:00:00.000000',1565,NULL,10,0,'10120254446','10220256766',NULL),('102101202546700001',NULL,NULL,0,NULL,3,0,'10120254670',NULL,NULL),('102101202547290001','2025-01-14 16:00:00.000000','2025-01-31 16:00:00.000000',5656,NULL,10,0,'10120254729',NULL,NULL),('102101202547490001','2025-02-19 13:32:33.677450','2025-02-19 13:32:33.677450',NULL,NULL,10,0,'10120254749',NULL,NULL),('102101202548990001','2024-12-03 16:00:00.000000','2024-12-10 16:00:00.000000',1856,NULL,8,0,'10120254899','10220259516',NULL),('102101202549020001','2024-12-03 16:00:00.000000','2025-01-06 16:00:00.000000',10521,NULL,8,0,'10120254902','10220259590',NULL),('102101202549430001','2025-01-21 16:00:00.000000','2025-01-27 16:00:00.000000',15323,NULL,10,0,'10120254943','10220259590',NULL),('102101202552500001',NULL,NULL,0,NULL,300,0,'10120255250',NULL,NULL),('102101202553250001','2025-02-03 16:00:00.000000','2025-02-11 16:00:00.000000',220,NULL,200,0,'10120255325',NULL,NULL),('102101202553250002','2025-02-02 16:00:00.000000','2025-02-10 16:00:00.000000',220,NULL,2,0,'10120255325','10220242723',NULL),('102101202553250003','2025-02-28 16:00:00.000000','2025-03-03 16:00:00.000000',220,NULL,2,0,'10120255325',NULL,NULL),('102101202553630001',NULL,NULL,0,NULL,20,0,'10120255363',NULL,NULL),('102101202564860001','2025-03-06 12:40:41.615346','2025-03-06 12:40:41.615354',NULL,NULL,100,0,'10120256486',NULL,''),('102101202564950001','2025-01-20 16:00:00.000000','2025-01-30 16:00:00.000000',2000,NULL,5,0,'10120256495','2',NULL),('102101202564960001','2024-01-04 16:00:00.000000','2024-02-12 16:00:00.000000',5212,NULL,10,0,'10120256496','10220257975',NULL),('102101202568750001','2025-02-19 13:32:33.682549','2025-02-19 13:32:33.682549',NULL,NULL,14,0,'10120256875',NULL,NULL),('102101202569390001','2025-02-19 13:32:33.667421','2025-02-19 13:32:33.667421',NULL,NULL,43,0,'10120256939',NULL,NULL),('102101202570750001','2025-02-10 16:00:00.000000','2025-02-18 16:00:00.000000',200,NULL,7,0,'10120257075','3',NULL),('102101202570750002',NULL,NULL,0,NULL,0,0,'10120257075',NULL,NULL),('102101202571160001','2025-01-06 16:00:00.000000','2025-02-03 16:00:00.000000',250000,NULL,3,0,'10120257116','10220255761',NULL),('102101202574100001',NULL,NULL,0,NULL,99,0,'10120257410',NULL,NULL),('102101202578350001',NULL,NULL,0,NULL,1,0,'10120257835',NULL,NULL),('102101202578350002',NULL,NULL,0,NULL,0,0,'10120257835',NULL,NULL),('102101202578350003',NULL,NULL,0,NULL,1,0,'10120257835',NULL,NULL),('102101202578350004',NULL,NULL,0,NULL,1,0,'10120257835',NULL,NULL),('102101202578740001','2025-02-19 13:32:33.749303','2025-02-19 13:32:33.749303',NULL,NULL,21,0,'10120257874',NULL,NULL),('102101202580150001','2025-02-05 16:00:00.000000','2025-02-06 16:00:00.000000',200,NULL,5,0,'10120258015',NULL,NULL),('102101202582080001','2025-02-19 13:32:33.737078','2025-02-19 13:32:33.737078',NULL,NULL,0,0,'10120258208',NULL,NULL),('102101202582780001','2024-02-20 16:00:00.000000','2024-03-20 16:00:00.000000',6532,NULL,12,0,'10120258278',NULL,NULL),('102101202585620001','2025-02-04 16:00:00.000000','2025-02-28 16:00:00.000000',122,NULL,5,0,'10120258562','10220242723',NULL),('102101202585620002','2025-02-28 16:00:00.000000','2025-03-01 16:00:00.000000',220,NULL,5,0,'10120258562',NULL,NULL),('102101202585620003','2025-01-13 16:00:00.000000','2025-02-02 16:00:00.000000',200,NULL,20,0,'10120258562','10220242723',NULL),('102101202585620004','2025-02-23 16:00:00.000000','2025-02-28 16:00:00.000000',222,NULL,5,0,'10120258562','10220242723',NULL),('102101202585620005','2025-02-28 16:00:00.000000','2025-03-04 16:00:00.000000',221,NULL,65,0,'10120258562','10220242723',NULL),('102101202585620006','2025-02-24 16:00:00.000000','2025-02-28 16:00:00.000000',220,NULL,5,0,'10120258562','10220242723',NULL),('102101202586510001','2025-02-11 16:00:00.000000','2025-02-25 16:00:00.000000',100,NULL,2,0,'10120258651','10220246356',NULL),('102101202587020001','2025-01-21 16:00:00.000000','2025-01-22 16:00:00.000000',0,NULL,10,0,'10120258702',NULL,NULL),('102101202587120001','2025-03-06 12:40:41.607630','2025-03-06 12:40:41.607636',NULL,NULL,23,0,'10120258712',NULL,''),('102101202588240001',NULL,NULL,0,NULL,3,0,'10120258824',NULL,NULL),('102101202588240002',NULL,NULL,0,NULL,1,0,'10120258824',NULL,NULL),('102101202588240003',NULL,NULL,0,NULL,1,0,'10120258824',NULL,NULL),('102101202590930001','2025-02-18 16:00:00.000000','2025-02-26 16:00:00.000000',250,NULL,200,0,'10120259093',NULL,NULL),('102101202591730001','2025-01-21 16:00:00.000000','2025-02-10 16:00:00.000000',15232,NULL,5,0,'10120259173','10220256766',NULL),('102101202592460001',NULL,NULL,0,NULL,7,0,'10120259246',NULL,NULL),('102101202595190001','2024-12-31 16:00:00.000000','2025-01-01 16:00:00.000000',500,NULL,30,0,'10120259519',NULL,NULL),('10220001','2024-11-12 00:00:00.000000','2024-11-14 00:00:00.000000',5000,NULL,10,0,'2','3',NULL),('10220002','2024-11-04 00:00:00.000000','2024-11-14 00:00:00.000000',3000,NULL,30,0,'2','4',NULL),('10220003',NULL,NULL,0,NULL,1,0,'2',NULL,NULL),('10220004',NULL,NULL,0,NULL,10,0,'2','4',NULL),('10230001','2024-11-10 00:00:00.000000','2024-11-14 00:00:00.000000',5000,NULL,0,0,'3','2',NULL),('10230002','2024-11-10 00:00:00.000000','2024-11-12 00:00:00.000000',4000,NULL,9,0,'3','4',NULL),('10230003',NULL,NULL,0,NULL,2,0,'3',NULL,NULL),('10230004',NULL,NULL,0,NULL,7,0,'3',NULL,NULL),('10230005',NULL,NULL,0,NULL,1,0,'3',NULL,NULL),('10230006',NULL,NULL,0,NULL,1,0,'3',NULL,NULL),('10250001','2024-11-04 00:00:00.000000','2024-11-14 00:00:00.000000',5000,NULL,0,0,'5','3',NULL),('10250002','2024-11-10 00:00:00.000000','2024-11-14 00:00:00.000000',4000,NULL,0,0,'5','3',NULL),('10250003','2024-11-03 00:00:00.000000','2024-11-21 00:00:00.000000',5000,NULL,1,0,'5','4',NULL),('10250004',NULL,NULL,0,NULL,0,0,'5',NULL,NULL),('10250005',NULL,NULL,0,NULL,0,0,'5',NULL,NULL),('10250006','2024-11-14 00:00:00.000000','2024-11-21 00:00:00.000000',4000,NULL,1,0,'5','4',NULL),('10250007',NULL,NULL,0,NULL,5,0,'5',NULL,NULL),('10260001','2024-11-11 00:00:00.000000','2024-11-29 00:00:00.000000',3000,NULL,20,0,'6','3',NULL),('10270001','2024-11-11 00:00:00.000000','2024-11-22 00:00:00.000000',4000,NULL,20,0,'7','3',NULL),('10270002','2024-11-03 00:00:00.000000','2024-11-21 00:00:00.000000',6000,NULL,4,0,'7','4',NULL),('10270003','2024-11-04 00:00:00.000000','2024-11-20 00:00:00.000000',4000,NULL,2,0,'7','4',NULL),('66','2024-10-24 18:09:10.589308','2024-10-24 18:09:10.589308',NULL,NULL,0,0,'2',NULL,NULL),('67','2024-10-24 18:09:10.630339','2024-10-24 18:09:10.630339',NULL,NULL,0,0,'3',NULL,NULL),('68','2024-10-24 18:09:10.669298','2024-10-24 18:09:10.669298',NULL,NULL,0,0,'5',NULL,NULL),('69','2024-10-24 18:09:10.706298','2024-10-24 18:09:10.706298',NULL,NULL,9,0,'6',NULL,NULL),('70','2024-10-24 18:09:10.749629','2024-10-24 18:09:10.749629',NULL,NULL,8,0,'7',NULL,NULL),('71','2024-10-24 18:09:10.793359','2024-10-24 18:09:10.793359',NULL,NULL,10,0,'11',NULL,NULL),('72','2024-10-24 18:09:10.842342','2024-10-24 18:09:10.842342',NULL,NULL,10,0,'14',NULL,NULL),('73','2024-10-24 18:09:10.893344','2024-10-24 18:09:10.893344',NULL,NULL,10,0,'15',NULL,NULL),('74','2024-10-24 18:09:10.945678','2024-10-24 18:09:10.945678',NULL,NULL,10,3,'16',NULL,NULL),('75','2024-10-24 18:09:10.992466','2024-10-24 18:09:10.992466',NULL,NULL,10,0,'17',NULL,NULL),('76','2024-10-24 18:09:11.046480','2024-10-24 18:09:11.046480',NULL,NULL,10,0,'18',NULL,NULL),('77','2024-10-25 02:18:00.000000','2024-10-23 02:18:00.000000',100,'add',0,0,'2','2',NULL),('78','2024-10-25 03:34:00.000000','2024-10-25 03:34:00.000000',100,NULL,0,0,'2','3',NULL),('79','2024-10-25 03:37:00.000000','2024-10-25 03:37:00.000000',100,NULL,0,0,'3','3',NULL),('80','2024-11-03 19:44:00.000000','2024-11-06 19:44:00.000000',100,NULL,18,0,'10120243849','5',NULL),('81','2024-11-06 19:46:00.000000','2024-11-06 19:46:00.000000',1000,NULL,14,0,'10120243969','6',NULL),('82','2024-11-06 19:46:00.000000','2024-11-06 19:46:00.000000',3000,NULL,14,0,'10120240031','6',NULL),('83','2024-11-06 19:47:00.000000','2024-11-06 19:47:00.000000',3000,NULL,40,0,'10120241950','7',NULL),('84','2024-11-06 19:47:00.000000','2024-11-06 19:47:00.000000',50000,NULL,50,0,'10120243666','7',NULL),('85','2024-11-06 19:48:00.000000','2024-11-06 19:48:00.000000',2000,NULL,60,0,'10120247977','6',NULL),('86','2024-11-06 11:56:37.152531','2024-11-06 11:56:37.152531',NULL,NULL,1,0,'10120243849',NULL,NULL),('87','2024-11-06 11:58:28.235420','2024-11-06 11:58:28.235420',NULL,NULL,1,0,'10120243969',NULL,NULL),('88','2024-11-06 00:00:00.000000','2024-11-06 00:00:00.000000',2000,NULL,30,0,'10120240031','6',NULL),('89','2024-11-15 00:00:00.000000','2024-11-22 00:00:00.000000',2000,NULL,2,0,'10120242485','2',NULL),('90','2024-11-08 07:01:30.022952','2024-11-08 07:01:30.022952',NULL,NULL,0,0,'10120241077',NULL,NULL),('91','2024-11-09 00:00:00.000000','2024-11-09 00:00:00.000000',200,NULL,5,0,'2','2',NULL),('92','2024-11-09 00:00:00.000000','2024-11-09 00:00:00.000000',200,NULL,9,0,'2','2',NULL),('93','2024-11-09 00:00:00.000000','2024-11-09 00:00:00.000000',200,NULL,10,0,'2','2',NULL),('94','2024-11-14 00:00:00.000000','2024-11-22 00:00:00.000000',5000,NULL,24,0,'10120247714','3',NULL);
/*!40000 ALTER TABLE `core_item_inventory` ENABLE KEYS */;
UNLOCK TABLES;

--
-- Table structure for table `core_item_types`
--

DROP TABLE IF EXISTS `core_item_types`;
/*!40101 SET @saved_cs_client     = @@character_set_client */;
/*!50503 SET character_set_client = utf8mb4 */;
CREATE TABLE `core_item_types` (
  `itemType_id` int NOT NULL AUTO_INCREMENT,
  `itemType_name` varchar(45) DEFAULT NULL,
  `add_cols` longtext NOT NULL,
  `is_consumable` tinyint(1) NOT NULL,
  `laboratory_id` varchar(20) NOT NULL,
  PRIMARY KEY (`itemType_id`),
  KEY `core_item_types_laboratory_id_6bdc239f_fk_core_labo` (`laboratory_id`),
  CONSTRAINT `core_item_types_laboratory_id_6bdc239f_fk_core_labo` FOREIGN KEY (`laboratory_id`) REFERENCES `core_laboratory` (`laboratory_id`)
) ENGINE=InnoDB AUTO_INCREMENT=25 DEFAULT CHARSET=utf8mb4 COLLATE=utf8mb4_0900_ai_ci;
/*!40101 SET character_set_client = @saved_cs_client */;

--
-- Dumping data for table `core_item_types`
--

LOCK TABLES `core_item_types` WRITE;
/*!40000 ALTER TABLE `core_item_types` DISABLE KEYS */;
INSERT INTO `core_item_types` VALUES (1,'Chemicals','[\"Nature\", \"Grade\", \"chemical formula\", \"synonyms\"]',0,'1'),(2,'Glasswares','[\"Nature\", \"Brand\", \"Location\", \"Status\", \"L or S\", \"Capacity\", \"Dimension\"]',0,'1'),(3,'Equipments','[\"Grade (A, B, C)\", \"Brand\"]',0,'1'),(4,'Equipments','[\"Brand\"]',0,'2'),(8,'Glasswares','[]',0,'2'),(12,'Test instrument','[\"Brand\"]',0,'90120243485'),(13,'Chemicals','[\"Grade\", \"Nature\", \"Quantity per Unit\", \"Unit\", \"price\"]',0,'90120245954'),(14,'Glassware','[\"Capacity\"]',0,'90120245954'),(15,'Tools','[]',0,'90120245954'),(16,'Computers & Peripherals','[\"ITEM SPECIFICATION\", \"Property Code\", \"Monitor\", \"Keyboard\", \"Mouse\"]',0,'90120242184'),(17,'Software & Licenses','[\"License Type\", \"Included Features\"]',0,'90120242184'),(18,'Miscellaneous Items','[\"Purpose\", \"Remarks\"]',0,'90120242184'),(19,'Equipment','[\"Type\", \"Condition\", \"Specifications / Notes\"]',0,'90120257523'),(20,'Electrical & Magnetism Apparatus','[\"Model / Type\", \"Status\", \"Additional Info\"]',0,'90120257523'),(22,'Miscellaneous & Safety Equipment','[\"Category\", \"Notes\"]',0,'90120257523'),(24,'Computers','[\"Brand\", \"Category\"]',0,'90120253568');
/*!40000 ALTER TABLE `core_item_types` ENABLE KEYS */;
UNLOCK TABLES;

--
-- Table structure for table `core_laboratory`
--

DROP TABLE IF EXISTS `core_laboratory`;
/*!40101 SET @saved_cs_client     = @@character_set_client */;
/*!50503 SET character_set_client = utf8mb4 */;
CREATE TABLE `core_laboratory` (
  `laboratory_id` varchar(20) NOT NULL,
  `name` varchar(45) DEFAULT NULL,
  `description` varchar(45) DEFAULT NULL,
  `department` varchar(45) DEFAULT NULL,
  `is_available` tinyint(1) NOT NULL,
  `date_created` datetime(6) NOT NULL,
  `modules` json NOT NULL,
  PRIMARY KEY (`laboratory_id`)
) ENGINE=InnoDB DEFAULT CHARSET=utf8mb4 COLLATE=utf8mb4_0900_ai_ci;
/*!40101 SET character_set_client = @saved_cs_client */;

--
-- Dumping data for table `core_laboratory`
--

LOCK TABLES `core_laboratory` WRITE;
/*!40000 ALTER TABLE `core_laboratory` DISABLE KEYS */;
INSERT INTO `core_laboratory` VALUES ('0',NULL,NULL,NULL,0,'1900-12-30 00:00:00.000000','[]'),('1','Chemistry Lab','Chem Lab','CHEMISTRY',1,'2024-10-26 06:07:51.948381','[1, 2, 3, 4, 5, 6]'),('13','Arts Lab','College of Liberal Arts','CLA',0,'2024-10-26 06:07:51.948381','[]'),('14','Engineering Lab','Engineering Laboratories ','GCOE',0,'2024-10-26 06:17:33.115529','[]'),('15','Physics Laboratory','Physs Lab','COS',0,'2024-10-26 06:57:48.618690','[]'),('16','Quantum Lab','QT','QTL',0,'2024-10-26 07:02:18.710881','[]'),('17','Sample Lab','sample test lab','test',0,'2024-10-29 15:53:14.422937','[]'),('18','Computer Technology Lab','ct lab ccs','ccs',0,'2024-10-29 15:59:55.727414','[]'),('19','Psychology Lab','psych','CLA',0,'2024-10-29 17:20:32.986858','[1, 2, 3]'),('2','Physics Laboratory','PhyLab','COS',0,'2024-10-26 06:07:51.948381','[1, 2, 3, 4, 5, 6]'),('3','Computer Laboratory','Comp Lab',NULL,0,'2024-10-26 06:07:51.948381','[1]'),('30','Speech Laboratory','test lab permissions','CLA',0,'2024-10-30 16:53:32.384072','[1]'),('31','Speech Laboratory','test lab permissions','CLA',0,'2024-10-30 16:54:46.642047','[1]'),('32','Math Laboratory','test lab permissions','COS',0,'2024-10-31 18:58:35.214119','[1]'),('34','Instrumentation Laboratory','test default permissions','COS',0,'2024-11-04 12:12:05.705988','[1, 2, 3, 4, 5]'),('35','test create lab','test create lab','test create lab',0,'2024-11-06 12:25:05.760686','[1, 2, 3, 4, 5, 6]'),('36','test lab','dec','ccs',0,'2024-11-07 08:38:48.382204','[1, 2, 3, 4]'),('4','General Lab','Gen Lab','GEN',0,'2024-10-26 06:07:51.948381','[1, 2, 3]'),('90120242184','Computer Technology Laboratory','Computer science and programming','CCS',1,'2024-11-16 10:59:42.134644','[1, 2, 3, 4, 5, 6]'),('90120243485','ECE Laboratory','electronic engineering laboratory ','GCOE',1,'2024-11-15 08:57:30.918719','[1, 2, 4, 5, 6]'),('90120245954','Biology Laboratory','Laboratory for Biology ','COS',1,'2024-11-17 14:44:36.760284','[1, 2, 3, 4, 5, 6]'),('90120253568','AI Laboratory','Artificial Intelligence Laboratory','CCS',1,'2025-03-09 08:51:31.601315','[1, 2, 3, 4, 5, 6]'),('90120256859','Psychology Lab','test disable lab','cla',0,'2025-03-08 15:47:17.547144','[1, 2, 3, 4, 5, 6]'),('90120257523','Physics Laboratory','physics','COS',1,'2025-02-19 10:39:35.424649','[1, 2, 3, 4, 5, 6]');
/*!40000 ALTER TABLE `core_laboratory` ENABLE KEYS */;
UNLOCK TABLES;

--
-- Table structure for table `core_laboratory_permissions`
--

DROP TABLE IF EXISTS `core_laboratory_permissions`;
/*!40101 SET @saved_cs_client     = @@character_set_client */;
/*!50503 SET character_set_client = utf8mb4 */;
CREATE TABLE `core_laboratory_permissions` (
  `id` bigint NOT NULL AUTO_INCREMENT,
  `laboratory_id` varchar(20) NOT NULL,
  `role_id` int NOT NULL,
  `permissions_id` int NOT NULL,
  PRIMARY KEY (`id`),
  UNIQUE KEY `core_laboratory_permissi_role_id_laboratory_id_pe_24944900_uniq` (`role_id`,`laboratory_id`,`permissions_id`),
  KEY `core_laboratory_perm_laboratory_id_e02dcadd_fk_core_labo` (`laboratory_id`),
  KEY `core_laboratory_perm_permissions_id_41789e3d_fk_core_perm` (`permissions_id`),
  CONSTRAINT `core_laboratory_perm_laboratory_id_e02dcadd_fk_core_labo` FOREIGN KEY (`laboratory_id`) REFERENCES `core_laboratory` (`laboratory_id`),
  CONSTRAINT `core_laboratory_perm_permissions_id_41789e3d_fk_core_perm` FOREIGN KEY (`permissions_id`) REFERENCES `core_permissions` (`permission_id`),
  CONSTRAINT `core_laboratory_perm_role_id_fda8b80e_fk_core_labo` FOREIGN KEY (`role_id`) REFERENCES `core_laboratory_roles` (`roles_id`)
) ENGINE=InnoDB AUTO_INCREMENT=644 DEFAULT CHARSET=utf8mb4 COLLATE=utf8mb4_0900_ai_ci;
/*!40101 SET character_set_client = @saved_cs_client */;

--
-- Dumping data for table `core_laboratory_permissions`
--

LOCK TABLES `core_laboratory_permissions` WRITE;
/*!40000 ALTER TABLE `core_laboratory_permissions` DISABLE KEYS */;
INSERT INTO `core_laboratory_permissions` VALUES (38,'1',2,1),(578,'1',2,2),(579,'1',2,3),(581,'1',2,4),(39,'1',2,5),(40,'1',2,6),(27,'1',2,9),(28,'1',2,11),(41,'1',2,13),(573,'1',2,14),(574,'1',2,15),(475,'1',2,16),(476,'1',2,17),(58,'1',2,18),(123,'1',2,19),(359,'1',2,20),(360,'1',2,21),(514,'1',2,23),(507,'1',2,24),(577,'1',2,25),(566,'90120242184',2,2),(567,'90120242184',2,3),(568,'90120242184',2,4),(384,'90120242184',2,6),(569,'90120242184',2,7),(570,'90120242184',2,8),(575,'90120242184',2,9),(571,'90120242184',2,10),(572,'90120242184',2,11),(389,'90120242184',2,13),(392,'90120242184',2,18),(393,'90120242184',2,19),(582,'90120242184',2,25),(446,'90120245954',2,1),(552,'90120245954',2,2),(553,'90120245954',2,3),(447,'90120245954',2,5),(448,'90120245954',2,6),(557,'90120245954',2,7),(558,'90120245954',2,8),(451,'90120245954',2,9),(559,'90120245954',2,10),(452,'90120245954',2,11),(560,'90120245954',2,12),(453,'90120245954',2,13),(561,'90120245954',2,14),(562,'90120245954',2,15),(454,'90120245954',2,16),(455,'90120245954',2,17),(456,'90120245954',2,18),(457,'90120245954',2,19),(449,'90120245954',2,20),(450,'90120245954',2,21),(563,'90120245954',2,22),(564,'90120245954',2,23),(565,'90120245954',2,24),(613,'90120253568',2,1),(614,'90120253568',2,5),(615,'90120253568',2,6),(619,'90120253568',2,9),(620,'90120253568',2,11),(622,'90120253568',2,13),(623,'90120253568',2,16),(624,'90120253568',2,17),(625,'90120253568',2,18),(626,'90120253568',2,19),(616,'90120253568',2,20),(617,'90120253568',2,21),(621,'90120253568',2,23),(618,'90120253568',2,25),(583,'90120256859',2,1),(584,'90120256859',2,5),(585,'90120256859',2,6),(589,'90120256859',2,9),(590,'90120256859',2,11),(592,'90120256859',2,13),(593,'90120256859',2,16),(594,'90120256859',2,17),(595,'90120256859',2,18),(596,'90120256859',2,19),(586,'90120256859',2,20),(587,'90120256859',2,21),(591,'90120256859',2,23),(588,'90120256859',2,25),(521,'90120257523',2,1),(554,'90120257523',2,2),(555,'90120257523',2,3),(556,'90120257523',2,4),(522,'90120257523',2,5),(523,'90120257523',2,6),(527,'90120257523',2,9),(528,'90120257523',2,11),(529,'90120257523',2,13),(530,'90120257523',2,16),(531,'90120257523',2,17),(533,'90120257523',2,18),(534,'90120257523',2,19),(524,'90120257523',2,20),(525,'90120257523',2,21),(532,'90120257523',2,23),(526,'90120257523',2,25),(42,'1',3,1),(43,'1',3,2),(44,'1',3,3),(45,'1',3,4),(229,'1',3,6),(29,'1',3,8),(30,'1',3,10),(46,'1',3,13),(477,'1',3,15),(515,'1',3,23),(510,'1',3,24),(394,'90120242184',3,1),(395,'90120242184',3,2),(396,'90120242184',3,3),(397,'90120242184',3,4),(398,'90120242184',3,8),(399,'90120242184',3,10),(400,'90120242184',3,13),(458,'90120245954',3,1),(459,'90120245954',3,2),(460,'90120245954',3,3),(461,'90120245954',3,4),(462,'90120245954',3,8),(463,'90120245954',3,10),(464,'90120245954',3,13),(465,'90120245954',3,15),(627,'90120253568',3,1),(628,'90120253568',3,2),(629,'90120253568',3,3),(630,'90120253568',3,4),(631,'90120253568',3,8),(632,'90120253568',3,10),(634,'90120253568',3,13),(635,'90120253568',3,15),(633,'90120253568',3,23),(597,'90120256859',3,1),(598,'90120256859',3,2),(599,'90120256859',3,3),(600,'90120256859',3,4),(601,'90120256859',3,8),(602,'90120256859',3,10),(604,'90120256859',3,13),(605,'90120256859',3,15),(603,'90120256859',3,23),(535,'90120257523',3,1),(537,'90120257523',3,3),(538,'90120257523',3,4),(539,'90120257523',3,8),(540,'90120257523',3,10),(541,'90120257523',3,13),(542,'90120257523',3,15),(543,'90120257523',3,22),(544,'90120257523',3,23),(545,'90120257523',3,24),(47,'1',4,1),(60,'1',4,18),(402,'90120242184',4,1),(403,'90120242184',4,18),(466,'90120245954',4,1),(467,'90120245954',4,18),(636,'90120253568',4,1),(637,'90120253568',4,18),(606,'90120256859',4,1),(607,'90120256859',4,18),(546,'90120257523',4,1),(547,'90120257523',4,18),(31,'1',5,7),(48,'1',5,12),(478,'1',5,14),(580,'1',5,22),(643,'1',5,24),(404,'90120242184',5,7),(405,'90120242184',5,12),(468,'90120245954',5,7),(469,'90120245954',5,12),(470,'90120245954',5,14),(638,'90120253568',5,7),(641,'90120253568',5,12),(642,'90120253568',5,14),(639,'90120253568',5,22),(640,'90120253568',5,24),(608,'90120256859',5,7),(611,'90120256859',5,12),(612,'90120256859',5,14),(609,'90120256859',5,22),(610,'90120256859',5,24),(548,'90120257523',5,7),(549,'90120257523',5,12),(550,'90120257523',5,14),(551,'90120257523',5,23),(479,'1',11,1),(480,'1',11,2),(481,'1',11,3),(482,'1',11,4),(483,'1',11,5),(484,'1',11,6),(422,'1',11,7),(487,'1',11,8),(488,'1',11,9),(489,'1',11,10),(490,'1',11,11),(423,'1',11,12),(497,'1',11,13),(424,'1',11,14),(492,'1',11,15),(493,'1',11,16),(494,'1',11,17),(495,'1',11,18),(496,'1',11,19),(485,'1',11,20),(486,'1',11,21),(520,'1',11,22),(519,'1',11,24),(517,'1',11,25);
/*!40000 ALTER TABLE `core_laboratory_permissions` ENABLE KEYS */;
UNLOCK TABLES;

--
-- Table structure for table `core_laboratory_reservations`
--

DROP TABLE IF EXISTS `core_laboratory_reservations`;
/*!40101 SET @saved_cs_client     = @@character_set_client */;
/*!50503 SET character_set_client = utf8mb4 */;
CREATE TABLE `core_laboratory_reservations` (
  `reservation_id` varchar(20) NOT NULL,
  `r_user_id` varchar(20) DEFAULT NULL,
  `request_date` datetime(6) NOT NULL,
  `start_date` date DEFAULT NULL,
  `start_time` time(6) DEFAULT NULL,
  `end_time` time(6) DEFAULT NULL,
  `status` varchar(1) NOT NULL,
  `purpose` varchar(255) DEFAULT NULL,
  `num_people` int DEFAULT NULL,
  `contact_email` varchar(254) DEFAULT NULL,
  `contact_name` varchar(255) DEFAULT NULL,
  `filled_approval_form` varchar(100) DEFAULT NULL,
  `laboratory_id` varchar(20) NOT NULL,
  `user_id` varchar(20) DEFAULT NULL,
  `room_id` varchar(20) DEFAULT NULL,
  `table_id` int DEFAULT NULL,
  PRIMARY KEY (`reservation_id`),
  KEY `core_laboratory_rese_laboratory_id_9145227f_fk_core_labo` (`laboratory_id`),
  KEY `core_laboratory_rese_user_id_07753dec_fk_core_user` (`user_id`),
  KEY `core_laboratory_rese_room_id_b9d5ad8a_fk_core_room` (`room_id`),
  KEY `core_laboratory_rese_table_id_3ec65593_fk_core_room` (`table_id`),
  CONSTRAINT `core_laboratory_rese_laboratory_id_9145227f_fk_core_labo` FOREIGN KEY (`laboratory_id`) REFERENCES `core_laboratory` (`laboratory_id`),
  CONSTRAINT `core_laboratory_rese_room_id_b9d5ad8a_fk_core_room` FOREIGN KEY (`room_id`) REFERENCES `core_rooms` (`room_id`),
  CONSTRAINT `core_laboratory_rese_table_id_3ec65593_fk_core_room` FOREIGN KEY (`table_id`) REFERENCES `core_roomtable` (`table_id`),
  CONSTRAINT `core_laboratory_rese_user_id_07753dec_fk_core_user` FOREIGN KEY (`user_id`) REFERENCES `core_user` (`user_id`)
) ENGINE=InnoDB DEFAULT CHARSET=utf8mb4 COLLATE=utf8mb4_0900_ai_ci;
/*!40101 SET character_set_client = @saved_cs_client */;

--
-- Dumping data for table `core_laboratory_reservations`
--

LOCK TABLES `core_laboratory_reservations` WRITE;
/*!40000 ALTER TABLE `core_laboratory_reservations` DISABLE KEYS */;
INSERT INTO `core_laboratory_reservations` VALUES ('22',NULL,'2024-10-26 05:25:25.046657','2024-10-28','13:25:00.000000','14:25:00.000000','R','THESIS',10,'luis_ostia@dlsu.edu.ph','Luis Ostia',NULL,'1','3','2',NULL),('23',NULL,'2024-11-04 12:26:42.720784','2024-11-08','08:00:00.000000','09:30:00.000000','R','thesis',45,'chem_labtech@gmail.com','Kenneth Myrond Domingo Uy',NULL,'1','13','1',NULL),('24',NULL,'2024-11-04 12:32:29.361080','2024-11-08','12:00:00.000000','13:32:00.000000','R','thesis',5,'chem_labtech@gmail.com','Kenneth Myrond Domingo Uy',NULL,'1','13','2',NULL),('40120240198',NULL,'2024-11-18 18:47:12.286746','2024-11-20','07:35:00.000000','09:35:00.000000','R','exam    ',20,'kenneth_uy@dlsu.edu.ph','ken uy','','1','2','90220247773',NULL),('40120240756',NULL,'2024-11-13 14:13:31.253004',NULL,NULL,NULL,'C','thesis test',56,'kenneth_uy@dlsu.edu.ph','ken uy','filled_approval_forms/Inventory_ouyPhYM.pdf','1','2',NULL,NULL),('40120241739',NULL,'2024-11-13 11:34:25.924809','2024-11-20','16:41:00.000000','17:41:00.000000','R','test pre-approval',45,'kenneth_uy@dlsu.edu.ph','ken uy','filled_approval_forms/Inventory_2hn7TdP.pdf','1','2','00220247872',NULL),('40120242017',NULL,'2024-11-15 15:51:41.656474',NULL,NULL,NULL,'C','thesis',5,'kenneth_uy@dlsu.edu.ph','ken uy','filled_approval_forms/Inventory_rB0GpYX.pdf','1','2',NULL,NULL),('40120244111',NULL,'2024-11-12 16:26:10.366303','2024-11-15','14:33:00.000000','15:33:00.000000','R','test file',4,'kenneth_uy@dlsu.edu.ph','ken uy','filled_approval_forms/Chemistry_Lab_inventory_2024-11-08_lDGEPyG.pdf','1','2','00220248258',NULL),('40120244801',NULL,'2024-11-11 17:30:57.299913','2024-11-20','01:33:00.000000','13:35:00.000000','R','thesis',4,'kenneth_uy@dlsu.edu.ph','ken uy',NULL,'1','2','00220248258',NULL),('40120247341',NULL,'2024-11-18 21:32:40.727677','2024-11-22','09:31:00.000000','10:32:00.000000','R','thesis experimentation\n\n                ',56,'chem_student@dlsu.edu.ph','Chem Student','','1','20244396','90220247773',NULL),('40120248580',NULL,'2024-11-12 16:25:15.752200','2024-11-22','13:13:00.000000','15:13:00.000000','R','test file',45,'kenneth_uy@dlsu.edu.ph','ken uy','filled_approval_forms/Chemistry_Lab_inventory_2024-11-08.pdf','1','2','00220248258',NULL),('40120248935',NULL,'2024-11-18 17:35:12.941281','2024-11-20','09:34:00.000000','10:34:00.000000','R','thesis                ',45,'kenneth_uy@dlsu.edu.ph','ken uy','','1','2','90220246403',NULL),('40120249316',NULL,'2024-11-18 21:33:32.687233','2024-11-22','09:00:00.000000','09:30:00.000000','R','use of machine',2,'chem_student@dlsu.edu.ph','Chem Student','','1','20244396','90220247773',NULL),('40120250895','12012345','2025-02-17 06:41:06.931001','2025-03-06','07:45:00.000000','09:45:00.000000','C','Experiment 4                  \n\n                ',1,'juancrooz@dlsu.edu.ph','Juan Crooz','','1','20249750','90220246403',3),('40120251164',NULL,'2025-02-01 07:45:14.075898','2025-02-14','07:44:00.000000','10:45:00.000000','R','                  \n\n            eeeee    ',1,'chem_student@dlsu.edu.ph','Chem Student','','1','20244396','90220246403',3),('40120251703',NULL,'2025-02-01 11:42:15.268029','2025-02-16','07:41:00.000000','09:41:00.000000','P','                  \n\n                ',1,'chem_student@dlsu.edu.ph','Chem Student','','1','20244396','90220243443',4),('40120251724','12007889','2025-03-10 03:33:55.419880','2025-03-12','14:31:00.000000','15:31:00.000000','C','For Thesis',1,'chem_student@dlsu.edu.ph','Chem Student','','1','20244396','90220243443',4),('40120252081','None','2025-02-13 08:27:15.291332','2025-02-20','09:26:00.000000','10:26:00.000000','D','                  \n\n                Test 1',1,'chem_student@dlsu.edu.ph','Chem Student','','1','20244396','90220243443',4),('40120252605','12012345','2025-02-17 06:42:12.308871','2025-04-04','07:45:00.000000','17:45:00.000000','R','reserve test                  \n\n                ',1,'juancrooz@dlsu.edu.ph','Juan Crooz','','1','20249750','90220246403',3),('40120253348','12012345','2025-02-17 06:49:22.439145','2025-04-04','18:00:00.000000','19:30:00.000000','R','yee                  \n\n                ',1,'juancrooz@dlsu.edu.ph','Juan Crooz','','1','20249750','90220246403',3),('40120254698','12012345','2025-02-17 07:12:05.730596',NULL,NULL,NULL,'D','yeeeee',1,'juancrooz@dlsu.edu.ph','Juan Crooz','filled_approval_forms/clearance_RFManual_Entry_ID120143143_Pending.pdf','1','20249750',NULL,NULL),('40120255110','None','2025-02-21 07:11:31.338636','2025-02-23','09:15:00.000000','10:07:00.000000','R','Thesis                  \n\n              ',1,'chem_student@dlsu.edu.ph','Chem Student','','1','20244396','90220243443',5),('40120255226',NULL,'2025-02-01 07:50:34.596582','2025-02-14','07:30:00.000000','09:50:00.000000','P','                  \n\n                ',1,'chem_student@dlsu.edu.ph','Chem Student','','1','20244396','90220243443',4),('40120255459','12012345','2025-02-17 06:54:30.126103','2025-02-26','10:00:00.000000','12:00:00.000000','R','testtest \n\n                ',1,'juancrooz@dlsu.edu.ph','Juan Crooz','','1','20249750','90220247773',6),('40120255466',NULL,'2025-02-01 07:35:01.379828','2025-02-15','07:30:00.000000','09:00:00.000000','R','                  \n\n                ',1,'chem_student@dlsu.edu.ph','Chem Student','','1','20244396','90220246403',3),('40120256775','12012345','2025-02-17 06:55:41.621494','2025-02-26','12:30:00.000000','16:00:00.000000','R','sdafds                  \n\n                ',1,'juancrooz@dlsu.edu.ph','Juan Crooz','','1','20249750','90220247773',6),('40120258012','12012345','2025-02-17 06:19:56.601796','2025-02-20','07:30:00.000000','10:45:00.000000','C','Experiment 20/2/25                  \n\n                ',1,'juancrooz@dlsu.edu.ph','Juan Crooz','','1','20249750','90220246403',3),('40120258172','None','2025-02-13 08:27:56.119218','2025-02-20','09:27:00.000000','10:27:00.000000','R','         Test 2         \n\n                ',1,'chem_student@dlsu.edu.ph','Chem Student','','1','20244396','90220243443',5),('40120258264','12012345','2025-02-17 06:27:58.408757','2025-02-27','12:00:00.000000','14:30:00.000000','R','Experiment 2                  \n\n                ',1,'juancrooz@dlsu.edu.ph','Juan Crooz','','1','20249750','90220247773',6),('40120258281','12012345','2025-02-17 06:29:28.739165','2025-02-27','07:30:00.000000','10:00:00.000000','A','Experiment 3                  \n\n                ',1,'juancrooz@dlsu.edu.ph','Juan Crooz','','1','20249750','90220243443',4),('40120258326',NULL,'2025-02-01 07:56:19.887567','2025-02-15','07:30:00.000000','09:00:00.000000','P','                  1\n\n                ',1,'chem_student@dlsu.edu.ph','Chem Student','','1','20244396','90220243443',4),('40120258867','12012345','2025-02-17 06:51:22.714062','2025-04-03','16:00:00.000000','19:00:00.000000','C','               fthdt   \n\n                ',1,'juancrooz@dlsu.edu.ph','Juan Crooz','','1','20249750','90220246403',3),('40120258907',NULL,'2025-02-01 06:59:09.414631','2025-02-15','11:00:00.000000','12:30:00.000000','P','                  \n\n                ',1,'chem_student@dlsu.edu.ph','Chem Student','','1','20244396','90220247773',NULL),('40120259029',NULL,'2025-02-01 08:02:28.064899','2025-02-15','07:30:00.000000','09:30:00.000000','R','                  \n\n                ',1,'chem_student@dlsu.edu.ph','Chem Student','','1','20244396','90220243443',5);
/*!40000 ALTER TABLE `core_laboratory_reservations` ENABLE KEYS */;
UNLOCK TABLES;

--
-- Table structure for table `core_laboratory_roles`
--

DROP TABLE IF EXISTS `core_laboratory_roles`;
/*!40101 SET @saved_cs_client     = @@character_set_client */;
/*!50503 SET character_set_client = utf8mb4 */;
CREATE TABLE `core_laboratory_roles` (
  `roles_id` int NOT NULL AUTO_INCREMENT,
  `name` varchar(45) DEFAULT NULL,
  `laboratory_id` varchar(20) NOT NULL,
  PRIMARY KEY (`roles_id`),
  KEY `core_laboratory_role_laboratory_id_fa98590f_fk_core_labo` (`laboratory_id`),
  CONSTRAINT `core_laboratory_role_laboratory_id_fa98590f_fk_core_labo` FOREIGN KEY (`laboratory_id`) REFERENCES `core_laboratory` (`laboratory_id`)
) ENGINE=InnoDB AUTO_INCREMENT=13 DEFAULT CHARSET=utf8mb4 COLLATE=utf8mb4_0900_ai_ci;
/*!40101 SET character_set_client = @saved_cs_client */;

--
-- Dumping data for table `core_laboratory_roles`
--

LOCK TABLES `core_laboratory_roles` WRITE;
/*!40000 ALTER TABLE `core_laboratory_roles` DISABLE KEYS */;
INSERT INTO `core_laboratory_roles` VALUES (2,'Laboratory Coordinator','0'),(3,'Laboratory Technician','0'),(4,'Department Heads','0'),(5,'Student','0'),(6,'Faculty','0'),(11,'Non DLSU','1');
/*!40000 ALTER TABLE `core_laboratory_roles` ENABLE KEYS */;
UNLOCK TABLES;

--
-- Table structure for table `core_laboratory_users`
--

DROP TABLE IF EXISTS `core_laboratory_users`;
/*!40101 SET @saved_cs_client     = @@character_set_client */;
/*!50503 SET character_set_client = utf8mb4 */;
CREATE TABLE `core_laboratory_users` (
  `id` bigint NOT NULL AUTO_INCREMENT,
  `is_active` tinyint(1) NOT NULL,
  `status` varchar(1) NOT NULL,
  `timestamp` datetime(6) DEFAULT NULL,
  `laboratory_id` varchar(20) NOT NULL,
  `role_id` int NOT NULL,
  `user_id` varchar(20) NOT NULL,
  PRIMARY KEY (`id`),
  KEY `core_laboratory_user_laboratory_id_0f3a812c_fk_core_labo` (`laboratory_id`),
  KEY `core_laboratory_user_role_id_fa817d1a_fk_core_labo` (`role_id`),
  KEY `core_laboratory_users_user_id_35bb59b1_fk_core_user_user_id` (`user_id`),
  CONSTRAINT `core_laboratory_user_laboratory_id_0f3a812c_fk_core_labo` FOREIGN KEY (`laboratory_id`) REFERENCES `core_laboratory` (`laboratory_id`),
  CONSTRAINT `core_laboratory_user_role_id_fa817d1a_fk_core_labo` FOREIGN KEY (`role_id`) REFERENCES `core_laboratory_roles` (`roles_id`),
  CONSTRAINT `core_laboratory_users_user_id_35bb59b1_fk_core_user_user_id` FOREIGN KEY (`user_id`) REFERENCES `core_user` (`user_id`)
) ENGINE=InnoDB AUTO_INCREMENT=70 DEFAULT CHARSET=utf8mb4 COLLATE=utf8mb4_0900_ai_ci;
/*!40101 SET character_set_client = @saved_cs_client */;

--
-- Dumping data for table `core_laboratory_users`
--

LOCK TABLES `core_laboratory_users` WRITE;
/*!40000 ALTER TABLE `core_laboratory_users` DISABLE KEYS */;
INSERT INTO `core_laboratory_users` VALUES (1,1,'A','2024-11-12 13:14:30.313484','1',3,'13'),(3,1,'A','2024-11-12 13:14:30.313484','1',2,'11'),(4,1,'A','2024-11-12 13:14:30.313484','1',11,'2'),(5,0,'A','2024-11-12 13:14:30.313484','1',4,'19'),(6,1,'A','2024-11-12 13:14:30.313484','34',2,'20'),(8,1,'A','2024-11-12 13:14:30.313484','1',6,'5'),(11,1,'A','2024-11-12 13:14:30.313484','2',5,'2'),(12,1,'A','2024-11-12 13:14:30.313484','35',2,'2'),(13,1,'A','2024-11-12 13:14:30.313484','1',2,'3'),(14,1,'A','2024-11-12 13:14:30.313484','1',11,'9'),(16,0,'A','2024-11-12 13:14:30.313484','1',2,'20248922'),(17,0,'A','2024-11-12 13:14:30.313484','1',2,'20'),(18,1,'D','2024-11-12 13:27:07.962597','36',2,'2'),(19,1,'A','2024-11-12 14:25:06.587752','36',2,'2'),(20,1,'A','2024-11-13 12:48:06.041376','15',2,'20245694'),(21,1,'A','2024-11-14 06:43:10.221836','4',2,'11'),(22,1,'A','2024-11-15 08:57:52.858683','90120243485',2,'2'),(23,0,'A','2024-11-17 08:45:29.273392','1',3,'20248922'),(24,0,'A','2024-11-17 08:58:31.925512','1',4,'19'),(25,1,'A','2024-11-17 09:05:08.624009','1',4,'19'),(26,0,'A','2024-11-17 11:19:51.876286','1',2,'20'),(27,1,'A','2024-11-17 11:20:18.048293','1',2,'20'),(28,1,'A','2024-11-17 14:45:18.201383','90120245954',2,'20241125'),(29,1,'A','2024-11-17 14:45:25.488322','90120245954',3,'20248874'),(30,1,'A','2024-11-17 14:46:08.864146','90120245954',5,'20246982'),(31,1,'A','2024-11-18 07:24:27.115233','1',5,'20244396'),(32,0,'A','2024-11-19 00:35:01.903975','90120242184',4,'2'),(33,0,'A','2024-11-19 00:45:55.529235','90120245954',5,'2'),(34,0,'A','2024-11-19 00:49:52.994224','1',2,'20247104'),(35,0,'A','2024-11-19 00:50:25.190106','1',5,'20247104'),(36,0,'A','2024-11-19 00:54:34.960907','90120242184',2,'20247104'),(37,0,'A','2024-11-19 00:55:02.066083','90120242184',2,'20247104'),(38,1,'A','2024-11-19 00:55:42.550957','1',5,'20247104'),(39,1,'A','2024-11-19 00:55:50.312461','90120245954',5,'20247104'),(40,1,'A','2024-11-19 00:56:45.714732','1',5,'20249750'),(41,1,'A','2024-11-19 00:56:57.769961','90120245954',2,'20249750'),(42,0,'A','2024-11-19 02:50:09.658327','1',2,'20242583'),(43,0,'A','2024-11-19 02:50:27.705158','1',5,'20242583'),(44,1,'A','2024-11-19 03:19:09.155162','1',5,'20242583'),(45,1,'A','2025-01-17 16:39:16.875823','1',2,'20250437'),(46,1,'A','2025-01-17 16:39:16.889788','1',3,'20256264'),(47,1,'A','2025-01-17 16:39:16.894775','1',5,'20250338'),(48,1,'A','2025-02-19 10:47:03.440091','90120242184',2,'20250673'),(49,1,'A','2025-02-19 10:47:20.038415','90120242184',3,'20250719'),(50,1,'A','2025-02-19 10:54:55.191591','90120257523',2,'20242583'),(51,1,'A','2025-02-19 10:55:12.397273','90120257523',2,'20252890'),(52,1,'A','2025-02-19 10:55:24.073121','90120257523',3,'20245407'),(53,1,'A','2025-02-19 10:55:36.355464','90120257523',5,'20245694'),(54,1,'A','2025-02-19 10:55:47.738719','90120257523',3,'20251551'),(55,1,'A','2025-02-21 01:12:24.287161','90120257523',6,'2'),(56,1,'A','2025-02-21 03:58:21.719148','90120242184',2,'2'),(57,1,'A','2025-02-21 05:54:40.799852','1',2,'20252226'),(58,1,'A','2025-02-21 07:53:11.909071','90120242184',3,'20259303'),(59,1,'A','2025-02-26 03:57:34.284095','1',3,'20252724'),(60,1,'A','2025-03-09 08:55:05.861538','90120253568',2,'20254932'),(61,1,'A','2025-03-09 08:55:25.481995','90120253568',3,'20253797'),(62,1,'A','2025-03-09 10:18:59.587319','1',5,'20254755'),(63,1,'A','2025-03-09 13:05:18.332676','90120245954',5,'20253420'),(64,0,'A','2025-03-09 14:15:07.062931','90120242184',5,'11'),(65,1,'A','2025-03-09 14:16:41.759465','1',11,'20250673'),(68,1,'P','2025-03-09 15:09:12.317331','90120242184',5,'11'),(69,1,'P','2025-03-09 15:09:46.827128','90120253568',3,'11');
/*!40000 ALTER TABLE `core_laboratory_users` ENABLE KEYS */;
UNLOCK TABLES;

--
-- Table structure for table `core_module`
--

DROP TABLE IF EXISTS `core_module`;
/*!40101 SET @saved_cs_client     = @@character_set_client */;
/*!50503 SET character_set_client = utf8mb4 */;
CREATE TABLE `core_module` (
  `id` bigint NOT NULL AUTO_INCREMENT,
  `name` varchar(50) NOT NULL,
  `enabled` tinyint(1) NOT NULL,
  PRIMARY KEY (`id`)
) ENGINE=InnoDB AUTO_INCREMENT=7 DEFAULT CHARSET=utf8mb4 COLLATE=utf8mb4_0900_ai_ci;
/*!40101 SET character_set_client = @saved_cs_client */;

--
-- Dumping data for table `core_module`
--

LOCK TABLES `core_module` WRITE;
/*!40000 ALTER TABLE `core_module` DISABLE KEYS */;
INSERT INTO `core_module` VALUES (1,'Inventory',1),(2,'Borrowing',1),(3,'Clearance',1),(4,'Lab Reservation',1),(5,'Reports',1),(6,'Laboratory Setup',1);
/*!40000 ALTER TABLE `core_module` ENABLE KEYS */;
UNLOCK TABLES;

--
-- Table structure for table `core_notification`
--

DROP TABLE IF EXISTS `core_notification`;
/*!40101 SET @saved_cs_client     = @@character_set_client */;
/*!50503 SET character_set_client = utf8mb4 */;
CREATE TABLE `core_notification` (
  `id` bigint NOT NULL AUTO_INCREMENT,
  `message` varchar(255) NOT NULL,
  `is_read` tinyint(1) NOT NULL,
  `created_at` datetime(6) NOT NULL,
  `user_id` varchar(20) NOT NULL,
  PRIMARY KEY (`id`),
  KEY `core_notification_user_id_6e341aac_fk_core_user_user_id` (`user_id`),
  CONSTRAINT `core_notification_user_id_6e341aac_fk_core_user_user_id` FOREIGN KEY (`user_id`) REFERENCES `core_user` (`user_id`)
) ENGINE=InnoDB AUTO_INCREMENT=143 DEFAULT CHARSET=utf8mb4 COLLATE=utf8mb4_0900_ai_ci;
/*!40101 SET character_set_client = @saved_cs_client */;

--
-- Dumping data for table `core_notification`
--

LOCK TABLES `core_notification` WRITE;
/*!40000 ALTER TABLE `core_notification` DISABLE KEYS */;
INSERT INTO `core_notification` VALUES (1,'New borrow request for borrow ID: 20120253171',1,'2025-02-04 15:42:47.108017','2'),(2,'Item \'Potassium Nitrate\' is running low on stock!',1,'2025-02-09 18:19:51.872394','2'),(3,'Item \'Bunsen Burner\' is running low on stock!',1,'2025-02-09 18:19:51.887548','2'),(4,'Item \'Microscope\' is running low on stock!',1,'2025-02-09 18:19:51.900545','2'),(5,'Item \'Ammonium Sulfate\' will expire soon!',1,'2025-02-09 18:19:51.914937','2'),(6,'Item \'pH Meter\' is running low on stock!',1,'2025-02-09 18:19:51.927896','2'),(7,'Item \'Volumetric Flask\' is running low on stock!',1,'2025-02-09 18:19:51.941011','2'),(8,'Item \'Hot Plate\' is running low on stock!',1,'2025-02-09 18:19:51.951006','2'),(9,'Item \'pH Meter\' will expire soon!',1,'2025-02-09 18:19:51.966009','2'),(10,'Item \'Centrifuge\' is running low on stock!',1,'2025-02-09 18:19:51.980078','2'),(11,'Item \'Multimeter\' is running low on stock!',1,'2025-02-09 18:19:51.988820','2'),(12,'Item \'Graduated Cylinder\' is running low on stock!',1,'2025-02-09 18:19:52.005823','2'),(13,'Item \'Mercury\' is running low on stock!',1,'2025-02-09 18:19:52.019821','2'),(14,'Item \'Lab Gowns\' usage limit reached!',1,'2025-02-09 18:19:52.032819','2'),(15,'Item \'Ethanol\' will expire soon!',1,'2025-02-09 18:19:52.049302','2'),(16,'Item \'Lab Gowns\' is running low on stock!',1,'2025-02-09 18:19:59.824296','2'),(17,'Item \'Potassium Nitrate\' is running low on stock!',1,'2025-02-12 14:48:43.928228','11'),(18,'Item \'Bunsen Burner\' is running low on stock!',1,'2025-02-12 14:48:43.949229','11'),(19,'Item \'Microscope\' is running low on stock!',1,'2025-02-12 14:48:43.959230','11'),(20,'Item \'Ammonium Sulfate\' will expire soon!',1,'2025-02-12 14:48:43.974227','11'),(21,'Item \'pH Meter\' is running low on stock!',1,'2025-02-12 14:48:43.987226','11'),(22,'Item \'Volumetric Flask\' is running low on stock!',1,'2025-02-12 14:48:44.000231','11'),(23,'Item \'Hot Plate\' is running low on stock!',1,'2025-02-12 14:48:44.012233','11'),(24,'Item \'pH Meter\' will expire soon!',1,'2025-02-12 14:48:44.022227','11'),(25,'Item \'Centrifuge\' is running low on stock!',1,'2025-02-12 14:48:44.038236','11'),(26,'Item \'Multimeter\' is running low on stock!',1,'2025-02-12 14:48:44.060255','11'),(27,'Item \'Graduated Cylinder\' is running low on stock!',1,'2025-02-12 14:48:44.080229','11'),(28,'Item \'Mercury\' is running low on stock!',1,'2025-02-12 14:48:44.125256','11'),(29,'Item \'Lab Gowns\' usage limit reached!',1,'2025-02-12 14:48:44.150242','11'),(30,'Item \'Ethanol\' will expire soon!',1,'2025-02-12 14:48:44.187230','11'),(31,'Item \'Lab Gowns\' is running low on stock!',1,'2025-02-12 15:07:07.576511','11'),(32,'Item \'Nitric Acid\' is running low on stock!',0,'2025-02-13 10:38:12.503297','2'),(33,'Item \' Beaker\' is running low on stock!',0,'2025-02-20 11:26:21.518004','20241125'),(34,'Item \'Test Tube\' is running low on stock!',0,'2025-02-20 11:26:21.529405','20241125'),(35,'Item \'Centrifuge\' is running low on stock!',0,'2025-02-20 11:26:21.540807','20241125'),(36,'Item \'Bunsen Burner\' is running low on stock!',0,'2025-02-20 11:26:21.550291','20241125'),(37,'Item \'Distilled water\' is running low on stock!',0,'2025-02-20 11:26:21.560295','20241125'),(38,'Item \'Thermometer\' is running low on stock!',0,'2025-02-20 11:26:21.574814','20241125'),(39,'Item \'Ethanol\' is running low on stock!',0,'2025-02-20 11:26:21.586575','20241125'),(40,'Item \'Microscope\' is running low on stock!',0,'2025-02-20 11:26:21.596962','20241125'),(41,'Item \'Magnetic stirrer\' is running low on stock!',0,'2025-02-20 11:27:32.690067','20241125'),(42,'Item \'HP EliteBook 840 G8\' is running low on stock!',1,'2025-02-20 13:43:00.020581','20250673'),(43,'Item \'Acer Nitro VG240Y\' is running low on stock!',1,'2025-02-20 13:43:00.028589','20250673'),(44,'Item \'Logitech K120\' is running low on stock!',1,'2025-02-20 13:43:00.034906','20250673'),(45,'Item \'Dell OptiPlex 7090\' is running low on stock!',1,'2025-02-20 13:43:00.040926','20250673'),(46,'Item \'Logitech M185\' is running low on stock!',1,'2025-02-20 13:43:00.047789','20250673'),(47,'Item \'HP EliteBook 840 G8\' is running low on stock!',1,'2025-02-20 13:43:14.018919','20250719'),(48,'Item \'Acer Nitro VG240Y\' is running low on stock!',1,'2025-02-20 13:43:14.035864','20250719'),(49,'Item \'Logitech K120\' is running low on stock!',1,'2025-02-20 13:43:14.040151','20250719'),(50,'Item \'Dell OptiPlex 7090\' is running low on stock!',1,'2025-02-20 13:43:14.044247','20250719'),(51,'Item \'Logitech M185\' is running low on stock!',1,'2025-02-20 13:43:14.049234','20250719'),(52,'Item \'Adobe Creative Cloud\' is running low on stock!',1,'2025-02-20 13:50:12.572804','20250719'),(53,'Item \'Microsoft Office 365\' is running low on stock!',1,'2025-02-20 13:50:12.588618','20250719'),(54,'Item \'Windows 11 Pro\' is running low on stock!',1,'2025-02-20 13:50:12.593429','20250719'),(55,'Item \'Windows 11 Pro\' will expire soon!',1,'2025-02-20 13:55:12.472709','20250719'),(56,'Item \'Whiteboard\' is running low on stock!',0,'2025-02-20 13:56:53.722692','20250719'),(57,'Item \'HDMI Cable\' is running low on stock!',0,'2025-02-20 13:56:53.730672','20250719'),(58,'Item \'Micrometer Screw Gauge\' is running low on stock!',1,'2025-02-20 14:09:09.410072','20251551'),(59,'Item \'Air Track\' is running low on stock!',1,'2025-02-20 14:09:09.425163','20251551'),(60,'Item \'Optical Bench\' is running low on stock!',1,'2025-02-20 14:09:09.430613','20251551'),(61,'Item \'Multimeter\' is running low on stock!',1,'2025-02-20 14:09:09.436623','20251551'),(62,'Item \'Function Generator\' is running low on stock!',1,'2025-02-20 14:09:09.440586','20251551'),(63,'Item \'Power Supply Unit\' is running low on stock!',1,'2025-02-20 14:09:09.445573','20251551'),(64,'Item \'Spectrometer\' is running low on stock!',1,'2025-02-20 14:09:09.448845','20251551'),(65,'Item \'Vernier Caliper\' is running low on stock!',1,'2025-02-20 14:09:09.452575','20251551'),(66,'Item \'Oscilloscope\' is running low on stock!',1,'2025-02-20 14:09:09.457565','20251551'),(67,'Item \'Micrometer Screw Gauge\' is running low on stock!',0,'2025-02-20 14:10:19.692313','20252890'),(68,'Item \'Air Track\' is running low on stock!',0,'2025-02-20 14:10:19.707610','20252890'),(69,'Item \'Optical Bench\' is running low on stock!',0,'2025-02-20 14:10:19.711594','20252890'),(70,'Item \'Multimeter\' is running low on stock!',0,'2025-02-20 14:10:19.715980','20252890'),(71,'Item \'Function Generator\' is running low on stock!',0,'2025-02-20 14:10:19.719982','20252890'),(72,'Item \'Power Supply Unit\' is running low on stock!',0,'2025-02-20 14:10:19.724960','20252890'),(73,'Item \'Spectrometer\' is running low on stock!',0,'2025-02-20 14:10:19.729847','20252890'),(74,'Item \'Vernier Caliper\' is running low on stock!',0,'2025-02-20 14:10:19.733809','20252890'),(75,'Item \'Oscilloscope\' is running low on stock!',0,'2025-02-20 14:10:19.737738','20252890'),(76,'Item \'Fire Extinguisher\' is running low on stock!',1,'2025-02-20 14:15:28.045160','20251551'),(77,'Item \'Safety Goggles\' is running low on stock!',1,'2025-02-20 14:15:28.059950','20251551'),(78,'Item \'Lab Coats\' is running low on stock!',1,'2025-02-20 14:15:28.065959','20251551'),(79,'Item \'Whiteboard\' is running low on stock!',1,'2025-02-20 23:10:58.142904','20250673'),(80,'Item \'Windows 11 Pro\' will expire soon!',1,'2025-02-20 23:10:58.150010','20250673'),(81,'Item \'Magnetic stirrer\' is running low on stock!',0,'2025-02-21 03:15:52.194758','20248874'),(82,'Item \'Centrifuge\' is running low on stock!',0,'2025-02-21 03:15:52.197970','20248874'),(83,'Item \'Bunsen Burner\' is running low on stock!',0,'2025-02-21 03:15:52.201641','20248874'),(84,'Item \'Alcohol\' is running low on stock!',0,'2025-02-21 03:23:33.137721','20241125'),(85,'Item \'Copper(II) Sulfate\' will expire soon!',0,'2025-02-21 03:59:57.339566','2'),(86,'Item \'Potassium Nitrate\' is running low on stock!',0,'2025-02-21 05:55:06.219561','20252226'),(87,'Item \'Bunsen Burner\' is running low on stock!',0,'2025-02-21 05:55:06.224888','20252226'),(88,'Item \'Microscope\' is running low on stock!',0,'2025-02-21 05:55:06.229173','20252226'),(89,'Item \'Ammonium Sulfate\' will expire soon!',0,'2025-02-21 05:55:06.234620','20252226'),(90,'Item \'pH Meter\' is running low on stock!',0,'2025-02-21 05:55:06.239382','20252226'),(91,'Item \'Volumetric Flask\' is running low on stock!',0,'2025-02-21 05:55:06.243164','20252226'),(92,'Item \'Hot Plate\' is running low on stock!',0,'2025-02-21 05:55:06.246316','20252226'),(93,'Item \'pH Meter\' will expire soon!',0,'2025-02-21 05:55:06.250165','20252226'),(94,'Item \'Centrifuge\' is running low on stock!',0,'2025-02-21 05:55:06.255011','20252226'),(95,'Item \'Multimeter\' is running low on stock!',0,'2025-02-21 05:55:06.258029','20252226'),(96,'Item \'Graduated Cylinder\' is running low on stock!',0,'2025-02-21 05:55:06.260959','20252226'),(97,'Item \'Nitric Acid\' is running low on stock!',0,'2025-02-21 05:55:06.265196','20252226'),(98,'Item \'Mercury\' is running low on stock!',0,'2025-02-21 05:55:06.273413','20252226'),(99,'Item \'Copper(II) Sulfate\' will expire soon!',0,'2025-02-21 05:55:06.278278','20252226'),(100,'Item \'Lab Gowns\' usage limit reached!',0,'2025-02-21 05:55:06.282463','20252226'),(101,'Item \'Ethanol\' will expire soon!',0,'2025-02-21 05:55:06.291581','20252226'),(102,'Item \'Lab Gowns\' is running low on stock!',0,'2025-02-21 05:55:59.998499','20252226'),(103,'Item \'pH paper\' will expire soon!',0,'2025-02-21 06:07:24.948067','20252226'),(104,'Item \'Nitric Acid\' is running low on stock!',1,'2025-02-21 06:20:58.754480','11'),(105,'Item \'pH paper\' will expire soon!',1,'2025-02-21 06:20:58.763136','11'),(106,'Item \'Copper(II) Sulfate\' will expire soon!',1,'2025-02-21 06:20:58.767364','11'),(107,'Item \'Whiteboard\' is running low on stock!',0,'2025-02-21 06:38:46.024125','2'),(108,'Item \'Windows 11 Pro\' will expire soon!',0,'2025-02-21 06:38:46.031817','2'),(109,'New borrow request for borrow ID: 20120252423',1,'2025-02-21 06:39:51.310832','11'),(110,'Item \'pH paper\' will expire soon!',0,'2025-02-21 07:21:34.784995','2'),(111,'Item \'Whiteboard\' is running low on stock!',0,'2025-02-21 07:54:35.199257','20259303'),(112,'Item \'Windows 11 Pro\' will expire soon!',0,'2025-02-21 07:54:35.206542','20259303'),(113,'Item \'Desktop\' is running low on stock!',0,'2025-02-21 08:09:00.454097','20259303'),(114,'Item \'isopropyl alcohol\' is running low on stock!',0,'2025-02-24 16:00:40.288802','2'),(115,'Item \'isopropyl alcohol\' is running low on stock!',1,'2025-02-26 03:52:04.238866','11'),(116,'Item \'Potassium Nitrate\' is running low on stock!',1,'2025-03-04 11:58:47.028489','13'),(117,'Item \'Bunsen Burner\' is running low on stock!',1,'2025-03-04 11:58:47.230522','13'),(118,'Item \'Microscope\' is running low on stock!',1,'2025-03-04 11:58:47.428853','13'),(119,'Item \'Ammonium Sulfate\' will expire soon!',1,'2025-03-04 11:58:47.727923','13'),(120,'Item \'pH Meter\' is running low on stock!',1,'2025-03-04 11:58:47.974024','13'),(121,'Item \'Volumetric Flask\' is running low on stock!',1,'2025-03-04 11:58:48.170351','13'),(122,'Item \'Hot Plate\' is running low on stock!',1,'2025-03-04 11:58:48.320418','13'),(123,'Item \'pH Meter\' will expire soon!',1,'2025-03-04 11:58:48.520198','13'),(124,'Item \'Centrifuge\' is running low on stock!',1,'2025-03-04 11:58:48.718530','13'),(125,'Item \'Multimeter\' is running low on stock!',1,'2025-03-04 11:58:48.869477','13'),(126,'Item \'Graduated Cylinder\' is running low on stock!',1,'2025-03-04 11:58:49.016957','13'),(127,'Item \'Nitric Acid\' is running low on stock!',1,'2025-03-04 11:58:49.215825','13'),(128,'Item \'Mercury\' is running low on stock!',1,'2025-03-04 11:58:49.808282','13'),(129,'Item \'isopropyl alcohol\' is running low on stock!',1,'2025-03-04 11:58:49.957356','13'),(130,'Item \'pH paper\' will expire soon!',1,'2025-03-04 11:58:50.156619','13'),(131,'Item \'Copper(II) Sulfate\' will expire soon!',1,'2025-03-04 11:58:50.454597','13'),(132,'Item \'Lab Gowns\' usage limit reached!',1,'2025-03-04 11:58:50.653915','13'),(133,'Item \'Ethanol\' will expire soon!',1,'2025-03-04 11:58:51.200454','13'),(134,'Item \'Alcohol\' is running low on stock!',1,'2025-03-04 12:35:46.738373','13'),(135,'Item \'Weighing scale\' is running low on stock!',1,'2025-03-04 12:35:47.530209','13'),(136,'Item \'Lab Gowns\' is running low on stock!',1,'2025-03-04 12:35:47.727890','13'),(137,'Item \'Alcohol\' is running low on stock!',0,'2025-03-04 12:40:32.831821','2'),(138,'Item \'Weighing scale\' is running low on stock!',0,'2025-03-04 12:40:33.133587','2'),(139,'Item \'Potassium Nitrate\' will expire soon!',0,'2025-03-04 16:43:03.556224','13'),(140,'Item \'Potassium Nitrate\' will expire soon!',0,'2025-03-05 08:40:22.308700','11'),(141,'Item \'Weighing scale\' is running low on stock!',0,'2025-03-05 08:40:22.407604','11'),(142,'Item \'Potassium Nitrate\' will expire soon!',0,'2025-03-06 13:00:27.142337','2');
/*!40000 ALTER TABLE `core_notification` ENABLE KEYS */;
UNLOCK TABLES;

--
-- Table structure for table `core_permissions`
--

DROP TABLE IF EXISTS `core_permissions`;
/*!40101 SET @saved_cs_client     = @@character_set_client */;
/*!50503 SET character_set_client = utf8mb4 */;
CREATE TABLE `core_permissions` (
  `permission_id` int NOT NULL AUTO_INCREMENT,
  `codename` varchar(45) DEFAULT NULL,
  `name` varchar(45) DEFAULT NULL,
  `module_id` bigint NOT NULL,
  PRIMARY KEY (`permission_id`),
  KEY `core_permissions_module_id_f3a7c6ca_fk_core_module_id` (`module_id`),
  CONSTRAINT `core_permissions_module_id_f3a7c6ca_fk_core_module_id` FOREIGN KEY (`module_id`) REFERENCES `core_module` (`id`)
) ENGINE=InnoDB AUTO_INCREMENT=26 DEFAULT CHARSET=utf8mb4 COLLATE=utf8mb4_0900_ai_ci;
/*!40101 SET character_set_client = @saved_cs_client */;

--
-- Dumping data for table `core_permissions`
--

LOCK TABLES `core_permissions` WRITE;
/*!40000 ALTER TABLE `core_permissions` DISABLE KEYS */;
INSERT INTO `core_permissions` VALUES (1,'view_inventory','View Inventory',1),(2,'add_new_item','Add New Item',1),(3,'update_item_inventory','Update Item\'s Inventory (Add, Remove, Report)',1),(4,'physical_count','Conduct Physical Count/System Reconcilliation',1),(5,'manage_suppliers','Manage Suppliers',1),(6,'configure_inventory','Configure Inventory',1),(7,'borrow_items','Allow Request Items',2),(8,'view_borrowed_items','View/Prepare Requested Items',2),(9,'view_booking_requests','Approve/Deny Item Requests',2),(10,'return_item','Manage Return of Item',2),(11,'configure_borrowing','Configure Item Requests',2),(12,'view_own_clearance','Check Own Clearance',3),(13,'view_student_clearance','Manage User Clearances',3),(14,'reserve_laboratory','Reserve Laboratory',4),(15,'view_reservations','View Reservations',4),(16,'approve_deny_reservations','Approve/Deny Reservation Requests',4),(17,'configure_lab_reservation','Configure Lab Reservation',4),(18,'view_reports','View/Generate Reports',5),(19,'configure_laboratory','Configure Laboratory',6),(20,'edit_item_details','Edit Item Details',1),(21,'delete_item','Delete Item',1),(22,'create_wip','Create Work-In-Progress',2),(23,'view_wip','View Work-In-Progress',2),(24,'clear_wip','Clear Work-In-Progress',2),(25,'manage_shopping_list','Manage Shopping List',1);
/*!40000 ALTER TABLE `core_permissions` ENABLE KEYS */;
UNLOCK TABLES;

--
-- Table structure for table `core_reported_items`
--

DROP TABLE IF EXISTS `core_reported_items`;
/*!40101 SET @saved_cs_client     = @@character_set_client */;
/*!50503 SET character_set_client = utf8mb4 */;
CREATE TABLE `core_reported_items` (
  `report_id` varchar(20) NOT NULL,
  `qty_reported` int NOT NULL,
  `report_reason` varchar(255) NOT NULL,
  `amount_to_pay` decimal(10,2) DEFAULT NULL,
  `reported_date` datetime(6) NOT NULL,
  `remarks` longtext,
  `status` int NOT NULL,
  `borrow_id` varchar(20) DEFAULT NULL,
  `item_id` varchar(20) DEFAULT NULL,
  `laboratory_id` varchar(20) NOT NULL,
  `user_id` varchar(20) DEFAULT NULL,
  `cleared_by_id` varchar(20) DEFAULT NULL,
  PRIMARY KEY (`report_id`),
  KEY `core_reported_items_borrow_id_2c91bcb3_fk_core_borr` (`borrow_id`),
  KEY `core_reported_items_item_id_1c1a1b8d_fk_core_item` (`item_id`),
  KEY `core_reported_items_laboratory_id_d3fb1b2a_fk_core_labo` (`laboratory_id`),
  KEY `core_reported_items_user_id_e176eec4_fk_core_user_user_id` (`user_id`),
  KEY `core_reported_items_cleared_by_id_f48d0fc4_fk_core_user_user_id` (`cleared_by_id`),
  CONSTRAINT `core_reported_items_borrow_id_2c91bcb3_fk_core_borr` FOREIGN KEY (`borrow_id`) REFERENCES `core_borrow_info` (`borrow_id`),
  CONSTRAINT `core_reported_items_cleared_by_id_f48d0fc4_fk_core_user_user_id` FOREIGN KEY (`cleared_by_id`) REFERENCES `core_user` (`user_id`),
  CONSTRAINT `core_reported_items_item_id_1c1a1b8d_fk_core_item` FOREIGN KEY (`item_id`) REFERENCES `core_item_description` (`item_id`),
  CONSTRAINT `core_reported_items_laboratory_id_d3fb1b2a_fk_core_labo` FOREIGN KEY (`laboratory_id`) REFERENCES `core_laboratory` (`laboratory_id`),
  CONSTRAINT `core_reported_items_user_id_e176eec4_fk_core_user_user_id` FOREIGN KEY (`user_id`) REFERENCES `core_user` (`user_id`)
) ENGINE=InnoDB DEFAULT CHARSET=utf8mb4 COLLATE=utf8mb4_0900_ai_ci;
/*!40101 SET character_set_client = @saved_cs_client */;

--
-- Dumping data for table `core_reported_items`
--

LOCK TABLES `core_reported_items` WRITE;
/*!40000 ALTER TABLE `core_reported_items` DISABLE KEYS */;
INSERT INTO `core_reported_items` VALUES ('30120240140',2,'lost',200.00,'2024-10-10 08:28:45.562719',NULL,0,'20120241870','14','1','2',NULL),('30120245331',2,'lost',200.00,'2024-11-10 07:47:19.650552','paid',0,'20120243677','14','1','2',NULL),('30120245332',2,'BROKEN LCD',200.00,'2024-11-10 18:49:59.163063',NULL,0,NULL,'15','1','20248922',NULL),('30120245333',0,'DAMAGE LCD',2000.00,'2024-11-10 18:50:52.808899',NULL,0,'20120249262','15','1','5',NULL),('30120245334',1,'broken',2000.00,'2024-11-14 07:29:45.516567','PAID',0,'20120243112','15','1','2',NULL),('30120245335',4,'loss',200.00,'2024-11-14 07:32:44.116915',NULL,0,NULL,'3','1','20248922',NULL),('30120245336',0,'broken lcd',20000.00,'2024-11-15 07:45:47.046023',NULL,0,'20120241793','15','1','2',NULL),('30120245337',1,'broken lost',2000.00,'2024-11-15 14:15:16.848710',NULL,1,'20120240651','14','1','2',NULL),('30120245338',0,'broken glass',5000.00,'2024-11-17 11:17:38.447546','paid cleared',0,'20120246370','16','1','2',NULL),('30120245339',1,'broken',200.00,'2025-02-17 06:02:00.621072',NULL,0,'20120252822','16','1','20249750',NULL),('30120245340',1,'Broke another beaker',200.00,'2025-02-17 06:15:06.084823',NULL,1,NULL,'16','1','20249750',NULL),('30120245341',0,'Broken',200.00,'2025-02-21 06:56:20.778845',NULL,0,'20120241462','16','1','20244396','13'),('30120245342',1,'broken kerboard',1000.00,'2025-02-21 07:16:56.130778',NULL,0,'20120243112','15','1','2',NULL),('30120245343',1,'broken',200.00,'2025-02-26 12:22:12.411638',NULL,0,NULL,'10120242830','1','20252226','13'),('30120245344',200,'BROKEN AS FUCKK',2000.00,'2025-02-26 12:49:08.742307',NULL,0,NULL,'10120242830','1','20256264','13'),('30120245345',1,'broken glass',100.00,'2025-03-09 15:26:15.260409',NULL,0,NULL,'10120246711','1','2','13');
/*!40000 ALTER TABLE `core_reported_items` ENABLE KEYS */;
UNLOCK TABLES;

--
-- Table structure for table `core_reservation_config`
--

DROP TABLE IF EXISTS `core_reservation_config`;
/*!40101 SET @saved_cs_client     = @@character_set_client */;
/*!50503 SET character_set_client = utf8mb4 */;
CREATE TABLE `core_reservation_config` (
  `id` bigint NOT NULL AUTO_INCREMENT,
  `reservation_type` varchar(10) NOT NULL,
  `start_time` time(6) DEFAULT NULL,
  `end_time` time(6) DEFAULT NULL,
  `require_approval` tinyint(1) NOT NULL,
  `require_payment` tinyint(1) NOT NULL,
  `approval_form` varchar(100) DEFAULT NULL,
  `tc_description` longtext,
  `leadtime` int unsigned NOT NULL,
  `laboratory_id` varchar(20) NOT NULL,
  PRIMARY KEY (`id`),
  KEY `core_reservation_con_laboratory_id_4f833299_fk_core_labo` (`laboratory_id`),
  CONSTRAINT `core_reservation_con_laboratory_id_4f833299_fk_core_labo` FOREIGN KEY (`laboratory_id`) REFERENCES `core_laboratory` (`laboratory_id`),
  CONSTRAINT `core_reservation_config_chk_1` CHECK ((`leadtime` >= 0))
) ENGINE=InnoDB AUTO_INCREMENT=10 DEFAULT CHARSET=utf8mb4 COLLATE=utf8mb4_0900_ai_ci;
/*!40101 SET character_set_client = @saved_cs_client */;

--
-- Dumping data for table `core_reservation_config`
--

LOCK TABLES `core_reservation_config` WRITE;
/*!40000 ALTER TABLE `core_reservation_config` DISABLE KEYS */;
INSERT INTO `core_reservation_config` VALUES (1,'class','07:30:00.000000','19:30:00.000000',0,0,'approval_forms/QR_Thermometer_rP0DWoN.png','The terms and conditions below apply for reservations made by an individual, private person unless a special agreement has been made. Separate rules apply for group reservations over 10 persons. The hotel reserves a right to apply special terms and conditions that differ from these in case of public holidays, special events, seasonality or additional services require so.\n\n\n\n1. BOOKING AND CONFIRMATION\n\n\n\nWhen reserving a room your name, address, arrival- and departure time and method of payment are required.\n\n\n\nA room reservation is binding once it has been confirmed verbally or in writing and you have received a reservation confirmation number. The hotel is entitled to apply different kinds of rules such as reservation fee or credit card guarantee in order to secure the reservation.\n\n\n\n2. ARRIVAL AND DEPARTURE\n\n\n\nThe hotel room is at your disposal from 3:00 pm on the day of arrival. On your departure day the room must be vacated by 12:00 noon. The hotel is entitled to apply exceptions on check-in and check-out times stated above. For safety reasons, only checked-in guests are allowed on private premises and the maximum capacity per room may not be surpassed.\n\n\n\nThe room will be reserved for you until 4:00 pm on the day of arrival unless no other agreement has been made at the time of reserving or if the confirmed rate or reservation period does not include any other special terms. In case of arrival after 4:00 pm you can guarantee the reservation with a credit card or other method specified. Otherwise the hotel can release the reserved room for sale after 4:00 pm.\n\n\n\nIn case you arrive to the hotel according to the arrival time agreed and the room you have reserved is not available, the hotel is liable to arrange you an equivalent room without extra charges.\n\n\n\n3. GUARANTEED RESERVATION\n\n\n\nCredit card guarantee is required for all bookings when confirming the reservation*. Credit card guarantee is required when confirming the reservation. We will send a link in a separate email to securely guarantee the booking. Kindly note that we do not accept credit card details sent by email or over the phone. Customers with an invoicing agreement may guarantee the reservation under company name. As an alternative method of guarantee, Kmp Collection Hotels reserves the right to require either a complete or partial advance payment in order to guarantee the reservation. Amount of prepayment and a schedule for prepayment will be contracted with customer in writing.\n\n\n\n*Kmp Collection Hotels reserves the right to verify the credit card to the agreed amount.\n\n\n\n4. CANCELLATION AND NO ARRIVAL\n\n\n\nUnless otherwise agreed at the time of reservation, unless the rate confirmed or the reservation period includes special terms, the room can be cancelled until 18:00 on the day prior to arrival without a fee.\n\n\n\nIn case you fail to arrive without cancelling your reservation, the hotel is entitled to charge equal to the first night\'s stay including taxes and possible additional services per room to your credit card.\n\n\n\n5. EARLY DEPARTURE\n\n\n\nEarly departure before the agreed day must be informed to the hotel latest by 4:00 pm on the day before.\n\n\n\nIf your reservation is for several nights the hotel is entitled to charge you the full amount for the whole stay. Early departure before the agreed day may also cause changes in the room rate confirmed.\n\n\n\n6. PAYMENT\n\n\n\nAll hotels accept the most common credit/debit cards. The hotel is not obliged to accept foreign currency, vouchers, cheques or credit/debit cards unless the hotel has volunteered to do so.\n\n\n\nIn case the reservation has not been paid in advance it should be settled upon arrival at the hotel by cash or credit card. When reserving a room the hotel is entitled to approve and charge international credit cards. A reservation fee may be charged to the credit card as a prepayment. This will be deducted from the final bill. If the hotel has not made an approval for prepayment from your credit card, the hotel is entitled to require a deposit for additional services such as minibar. The amount of deposit may vary among hotels, being the total deposit sum between 50-200\n\n\n\n7. GUEST BEHAVIOUR IN THE HOTEL\n\n\n\nWe follow good manners and hotel rules at the hotel. In case of breaking these rules you may be immediately removed from the premises. In such cases you are still obliged to pay for the accommodation and additional services ordered. You are not eligible to claim a refund for payments already made.\n\n\n\nFor safety reasons, only checked-in guests are allowed on private hotel premises such as hotel rooms and the maximum capacity per room may not be surpassed.\n\n\n\n8. RESPONSIBILITY ON YOUR VALUABLES\n\n\n\nYour valuables can be stored in a safety deposit box in your room or the hotel can store your valuables upon request. The hotel is entitled to collect a charge for storage of these items.\n\n\n\nIn case the items you wish to store are exceptionally valuable you must notify the hotel before storing. The hotel may refuse to store this kind of valuables.\n\n\n\nThe hotel is not responsible for valuables stored in a safety deposit box in your room.\n\n\n\nThe hotel is not responsible for damage or disappearance of vehicles kept in the garage or the hotels parking area or valuables inside the vehicle. The hotel is obliged to clearly express in the garage and at the parking area that the area is not supervised and the hotel is not responsible for the property kept in there.\n\n\n\n9. GUESTS RESPONSIBILITY ON DAMAGE\n\n\n\nAs a guest you are responsible for damage caused on purpose or by accident by you (for example caused from smoking or using electric cigarette), your guest or your pet in the hotel room or in hotel premises. This applies also to the hotel furniture and other equipment, other guests in the hotel or their property.\n\n\n\nThe responsibility for caused damage is determined by general principles.\n\n\n\n10. RENTING HOTEL ROOMS FOR MINORS\n\n\n\nOnly a person over the age of 18 is allowed to make a reservation. The adult making a reservation for a person under the age of 18 will be held responsible for the minor, whether he or she accommodates with the minor or not. An underage person travelling alone will need a letter of consent signed by a guardian. The letter has to include the minors name, birthday and dates of arrival and departure. The name and contact information of a guardian are also required.',1,'1'),(4,'class',NULL,NULL,0,0,'','',0,'90120242184'),(5,'class',NULL,NULL,0,0,'','',0,'90120245954'),(6,'class',NULL,NULL,0,0,'',NULL,0,'90120243485'),(7,'class',NULL,NULL,0,0,'','',0,'90120257523'),(8,'class',NULL,NULL,0,0,'','',0,'90120256859'),(9,'class','07:30:00.000000','19:30:00.000000',0,0,'','',3,'90120253568');
/*!40000 ALTER TABLE `core_reservation_config` ENABLE KEYS */;
UNLOCK TABLES;

--
-- Table structure for table `core_rooms`
--

DROP TABLE IF EXISTS `core_rooms`;
/*!40101 SET @saved_cs_client     = @@character_set_client */;
/*!50503 SET character_set_client = utf8mb4 */;
CREATE TABLE `core_rooms` (
  `room_id` varchar(20) NOT NULL,
  `name` varchar(45) DEFAULT NULL,
  `capacity` int NOT NULL,
  `description` varchar(45) DEFAULT NULL,
  `is_disabled` tinyint(1) NOT NULL,
  `is_reservable` tinyint(1) NOT NULL,
  `blocked_time` mediumtext NOT NULL,
  `laboratory_id` varchar(20) NOT NULL,
  PRIMARY KEY (`room_id`),
  KEY `core_rooms_laboratory_id_4036fb4d_fk_core_labo` (`laboratory_id`),
  CONSTRAINT `core_rooms_laboratory_id_4036fb4d_fk_core_labo` FOREIGN KEY (`laboratory_id`) REFERENCES `core_laboratory` (`laboratory_id`)
) ENGINE=InnoDB DEFAULT CHARSET=utf8mb4 COLLATE=utf8mb4_0900_ai_ci;
/*!40101 SET character_set_client = @saved_cs_client */;

--
-- Dumping data for table `core_rooms`
--

LOCK TABLES `core_rooms` WRITE;
/*!40000 ALTER TABLE `core_rooms` DISABLE KEYS */;
INSERT INTO `core_rooms` VALUES ('00220246361','SJ503',45,'lecture room',1,0,'{}','1'),('00220247872','SJ407',45,'chem lab 4',1,0,'{}','1'),('00220248258','SJ404',45,'chem lab 4',1,0,'{}','1'),('1','SJ401',45,'Chem lab',1,0,'{}','1'),('10','SJ408',45,'chem lab test add',1,0,'{}','1'),('11','SJ404',45,'chem lab test edit',1,0,'{}','1'),('12','UV vis',23,'',1,0,'{}','1'),('2','SJ402',45,'chem lab 2',1,0,'{}','1'),('3','SJ403',45,'chem lab 3',1,0,'{}','1'),('5','SJ404',45,'chem lab 4',1,0,'{}','1'),('6','SJ405',45,'chem lab 5',1,0,'{}','1'),('9','SJ407',45,'chem lab 6',1,0,'{}','1'),('90220240420','V102',23,'Thermo Room',0,1,'{}','90120243485'),('90220243443','SJ505',45,'Lecture',0,1,'{}','1'),('90220243550','V103',23,'Machine Room',0,1,'{}','90120243485'),('90220246403','SJ403',45,'lecture lab 2',0,1,'{}','1'),('90220247773','SJ402',56,'chem room lecture lab',0,1,'{}','1'),('90220250023','SJ401',45,'Teaching Room',0,1,'{}','1'),('90220250257','SJ505',45,'Lecture',0,1,'{}','1'),('90220255937','SJ5111',45,'For Computer Experiments',0,1,'{\"Monday\": [\"7:30-9:00\", \"9:15-10:45\", \"11:00-12:30\", \"12:45-2:15\"], \"Tuesday\": [\"7:30-9:00\", \"9:15-10:45\"]}','90120253568'),('90220257567','SJ405',45,'Chemical Room',0,1,'{}','1');
/*!40000 ALTER TABLE `core_rooms` ENABLE KEYS */;
UNLOCK TABLES;

--
-- Table structure for table `core_roomtable`
--

DROP TABLE IF EXISTS `core_roomtable`;
/*!40101 SET @saved_cs_client     = @@character_set_client */;
/*!50503 SET character_set_client = utf8mb4 */;
CREATE TABLE `core_roomtable` (
  `table_id` int NOT NULL AUTO_INCREMENT,
  `table_name` varchar(45) DEFAULT NULL,
  `capacity` int NOT NULL,
  `blocked_time` json NOT NULL,
  `room_id` varchar(20) NOT NULL,
  PRIMARY KEY (`table_id`),
  KEY `core_roomtable_room_id_3d1e3f4d_fk_core_rooms_room_id` (`room_id`),
  CONSTRAINT `core_roomtable_room_id_3d1e3f4d_fk_core_rooms_room_id` FOREIGN KEY (`room_id`) REFERENCES `core_rooms` (`room_id`)
) ENGINE=InnoDB AUTO_INCREMENT=8 DEFAULT CHARSET=utf8mb4 COLLATE=utf8mb4_0900_ai_ci;
/*!40101 SET character_set_client = @saved_cs_client */;

--
-- Dumping data for table `core_roomtable`
--

LOCK TABLES `core_roomtable` WRITE;
/*!40000 ALTER TABLE `core_roomtable` DISABLE KEYS */;
INSERT INTO `core_roomtable` VALUES (3,'SJ403 Table 1',1,'{\"2025-02-14\": [\"07:44-10:45\"], \"2025-02-15\": [\"07:30-09:00\"], \"2025-02-20\": [\"07:30-10:45\"], \"2025-03-06\": [\"07:45-09:45\"], \"2025-04-03\": [\"16:00-19:00\"], \"2025-04-04\": [\"07:45-17:45\", \"18:00-19:30\"]}','90220246403'),(4,'SJ404 Table 1',1,'{\"2025-02-14\": [\"07:30-09:50\"], \"2025-02-15\": [\"07:30-09:00\"], \"2025-02-16\": [\"07:41-09:41\"], \"2025-02-20\": [\"09:26-10:26\"], \"2025-02-27\": [\"07:30-10:00\"], \"2025-03-12\": [\"14:31-15:31\"]}','90220243443'),(5,'SJ404 Table 2',1,'{\"2025-02-14\": [\"07:30-09:51\"], \"2025-02-15\": [\"07:30-09:30\"], \"2025-02-20\": [\"09:27-10:27\"], \"2025-02-23\": [\"09:15-10:07\"]}','90220243443'),(6,'SJ402 Table 1',1,'{\"2025-02-26\": [\"10:00-12:00\", \"12:30-16:00\"], \"2025-02-27\": [\"12:00-14:30\"]}','90220247773'),(7,'SJ405 Table 1',1,'{}','90220257567');
/*!40000 ALTER TABLE `core_roomtable` ENABLE KEYS */;
UNLOCK TABLES;

--
-- Table structure for table `core_shoppingitem`
--

DROP TABLE IF EXISTS `core_shoppingitem`;
/*!40101 SET @saved_cs_client     = @@character_set_client */;
/*!50503 SET character_set_client = utf8mb4 */;
CREATE TABLE `core_shoppingitem` (
  `id` bigint NOT NULL AUTO_INCREMENT,
  `name` varchar(255) NOT NULL,
  `description` longtext,
  `quantity` int unsigned NOT NULL,
  `is_active` tinyint(1) NOT NULL,
  `added_by_id` varchar(20) NOT NULL,
  `laboratory_id` varchar(20) NOT NULL,
  `existing_item_id` varchar(20) DEFAULT NULL,
  `added_on` datetime(6) DEFAULT NULL,
  PRIMARY KEY (`id`),
  KEY `core_shoppingitem_laboratory_id_1609fadc_fk_core_labo` (`laboratory_id`),
  KEY `core_shoppingitem_existing_item_id_b8c575e5_fk_core_item` (`existing_item_id`),
  KEY `core_shoppingitem_added_by_id_7b010daa_fk_core_user_user_id` (`added_by_id`),
  CONSTRAINT `core_shoppingitem_added_by_id_7b010daa_fk_core_user_user_id` FOREIGN KEY (`added_by_id`) REFERENCES `core_user` (`user_id`),
  CONSTRAINT `core_shoppingitem_existing_item_id_b8c575e5_fk_core_item` FOREIGN KEY (`existing_item_id`) REFERENCES `core_item_description` (`item_id`),
  CONSTRAINT `core_shoppingitem_laboratory_id_1609fadc_fk_core_labo` FOREIGN KEY (`laboratory_id`) REFERENCES `core_laboratory` (`laboratory_id`),
  CONSTRAINT `core_shoppingitem_chk_1` CHECK ((`quantity` >= 0))
) ENGINE=InnoDB AUTO_INCREMENT=14 DEFAULT CHARSET=utf8mb4 COLLATE=utf8mb4_0900_ai_ci;
/*!40101 SET character_set_client = @saved_cs_client */;

--
-- Dumping data for table `core_shoppingitem`
--

LOCK TABLES `core_shoppingitem` WRITE;
/*!40000 ALTER TABLE `core_shoppingitem` DISABLE KEYS */;
INSERT INTO `core_shoppingitem` VALUES (1,'test','yeet',12,0,'2','1',NULL,'2025-02-27 18:48:00.872661'),(2,'test2','wheee',34,0,'2','1',NULL,'2025-02-27 18:48:00.872661'),(3,'test3','yeeeeeeee',345,0,'2','1',NULL,'2025-02-27 18:48:00.872661'),(4,'sodium chloride','desc',20,0,'2','1',NULL,'2025-02-27 18:48:00.872661'),(5,'Alcohol','Greencross alcohol',30,0,'2','1',NULL,'2025-02-27 18:48:00.872661'),(6,'Potassium Nitrate','',2,0,'2','1','10120240186','2025-02-27 18:48:00.872661'),(7,'Acetylene','for experiments on tuesday',0,0,'2','1','10120241077','2025-02-27 18:48:00.872661'),(8,'tissue','for experiment on monday',20,0,'2','1',NULL,'2025-02-27 18:48:00.872661'),(9,'Potassium Nitrate','',2,0,'2','1','10120240186','2025-03-05 08:22:54.982221'),(10,'Flask','',10,0,'11','1',NULL,'2025-03-05 08:40:11.096967'),(11,'Bunsen Burner','',3,0,'11','1','10120241939','2025-03-05 08:52:10.631745'),(12,'Bunsen Burner','',0,0,'11','1','10120241939','2025-03-05 09:08:15.501358'),(13,'Acetylene','For term 3 experiments',2,1,'11','1','10120241077','2025-03-08 11:13:26.057341');
/*!40000 ALTER TABLE `core_shoppingitem` ENABLE KEYS */;
UNLOCK TABLES;

--
-- Table structure for table `core_suppliers`
--

DROP TABLE IF EXISTS `core_suppliers`;
/*!40101 SET @saved_cs_client     = @@character_set_client */;
/*!50503 SET character_set_client = utf8mb4 */;
CREATE TABLE `core_suppliers` (
  `suppliers_id` varchar(20) NOT NULL,
  `supplier_name` varchar(45) NOT NULL,
  `contact_person` varchar(45) DEFAULT NULL,
  `contact_number` bigint DEFAULT NULL,
  `email` varchar(254) DEFAULT NULL,
  `description` varchar(255) DEFAULT NULL,
  `is_disabled` tinyint(1) NOT NULL,
  `laboratory_id` varchar(20) NOT NULL,
  PRIMARY KEY (`suppliers_id`),
  UNIQUE KEY `email` (`email`),
  KEY `core_suppliers_laboratory_id_1ca623d7_fk_core_labo` (`laboratory_id`),
  CONSTRAINT `core_suppliers_laboratory_id_1ca623d7_fk_core_labo` FOREIGN KEY (`laboratory_id`) REFERENCES `core_laboratory` (`laboratory_id`)
) ENGINE=InnoDB DEFAULT CHARSET=utf8mb4 COLLATE=utf8mb4_0900_ai_ci;
/*!40101 SET character_set_client = @saved_cs_client */;

--
-- Dumping data for table `core_suppliers`
--

LOCK TABLES `core_suppliers` WRITE;
/*!40000 ALTER TABLE `core_suppliers` DISABLE KEYS */;
INSERT INTO `core_suppliers` VALUES ('1','ORS Lab',NULL,NULL,'orslab@gmail.com','sample desc',1,'1'),('10220241915','Highchem Trading','Gonzales',9668162951,'highchem@gmail.com','Supplier for chemicals',0,'90120245954'),('10220242723','BioChem Labs','Ms. Emily Johnson',18005559876,'support@biochem.com','Laboratory-grade ethanol',0,'1'),('10220245837','SciLab',NULL,922754732,'scilab@gmail.com','chemicals suppliers ',1,'1'),('10220245882','Accurate Testing Supplies','Michael Johnson',4567890123,'sales@accuratetesting.com','Distributor of reliable and accurate testing instruments for laboratories and industrial applications.',0,'90120243485'),('10220246356','B E Scientific Glass Instruments','Lee',286974761,'scienceglass@gmail.com','Supplier for glasswares',0,'90120245954'),('10220246759','Merritmed Medical Supplies (or Merritmed PH)','Mary',9157665819,'merritmedph@gmail.com','Supplier for medical supplies for bio lab experiments',0,'90120245954'),('10220246857','Meditech','',NULL,'meditech@gmail.com','meditech for medical materials',0,'1'),('10220246889','TestEquip Solutions','Jane Smith',3456789012,'info@testequip.com','Provider of a wide range of testing equipment and calibration services.\n\n',0,'90120243485'),('10220247836','GreenChem Solutions','Mr. John Doe',18005555678,'info@greenchem.com','Eco-friendly cleaning agents\n\n\n\n',0,'1'),('10220247939','Precision Instruments Co.','John Doe',2345678901,'precision@instruments.com','Supplier of high-precision measurement and testing instruments for various industries.',0,'90120243485'),('10220251890','Acer','Hanna Lim',9461342345,'hanna_lim@gmail.com','',0,'90120242184'),('10220254907','medevac','Mark Anthony Cruz',2139489559,'medevac@gmail.com','supplier',0,'1'),('10220255761','Dell Inc','Jason Mendoza',9241234523,'jason.mendoza@gmail.com','',0,'90120242184'),('10220256766','OptiTech Instruments','John Reyes',9252345678,'info@optitech.com.ph','',0,'90120257523'),('10220257975','SciTech Laboratory Inc.','Maria Dela Cruz',9171234567,'sales@scitechlab.com.ph','',0,'90120257523'),('10220259284','metromed','maria leonora',28349239,'metromed@gmail.com','mostly for medical equips\n\n',0,'1'),('10220259516','Logitech ','Vince Hermano',9457731234,'vince.hermano@gmail.com','',0,'90120242184'),('10220259590','Safety First Supplies','Carlo Mendoza',9275678901,'orders@safetyfirst.ph','',0,'90120257523'),('2','Mercury Lab','Luis Ostia',NULL,'mercury@gmail.com','sample desc2',0,'1'),('3','Unilab',NULL,NULL,'unilab@gmail.com','san pedro',0,'1'),('4','generica',NULL,NULL,'generica@gmail.com','las pinas',0,'1'),('5','ABC Scientific Supplies','John Doe',2345678901,'abc@gmail.com','Provides laboratory equipment and scientific instruments.',0,'2'),('6','XYZ Lab Equipment','Jane Smith',9876543210,'xyz@gmail.com','Specializes in high-precision measurement tools and calibration services.',0,'2'),('7','TechLab Solutions','Michael Johnson',5551234567,'techlab@gmail.com','Offers a wide range of electronic testing devices and software solutions.',0,'2');
/*!40000 ALTER TABLE `core_suppliers` ENABLE KEYS */;
UNLOCK TABLES;

--
-- Table structure for table `core_user`
--

DROP TABLE IF EXISTS `core_user`;
/*!40101 SET @saved_cs_client     = @@character_set_client */;
/*!50503 SET character_set_client = utf8mb4 */;
CREATE TABLE `core_user` (
  `password` varchar(128) NOT NULL,
  `last_login` datetime(6) DEFAULT NULL,
  `user_id` varchar(20) NOT NULL,
  `firstname` varchar(45) NOT NULL,
  `lastname` varchar(45) NOT NULL,
  `username` varchar(45) DEFAULT NULL,
  `email` varchar(254) NOT NULL,
  `personal_id` varchar(45) DEFAULT NULL,
  `date_joined` datetime(6) NOT NULL,
  `is_deactivated` tinyint(1) NOT NULL,
  `is_staff` tinyint(1) NOT NULL,
  `is_superuser` tinyint(1) NOT NULL,
  PRIMARY KEY (`user_id`),
  UNIQUE KEY `email` (`email`)
) ENGINE=InnoDB DEFAULT CHARSET=utf8mb4 COLLATE=utf8mb4_0900_ai_ci;
/*!40101 SET character_set_client = @saved_cs_client */;

--
-- Dumping data for table `core_user`
--

LOCK TABLES `core_user` WRITE;
/*!40000 ALTER TABLE `core_user` DISABLE KEYS */;
INSERT INTO `core_user` VALUES ('pbkdf2_sha256$870000$CIsd1eN4rhiUOrAIoTbzhk$+dywwKDSbWGq7a/WEFQRXJ9+W46EFTfleRFHlyDd17I=','2025-03-09 13:45:24.469847','1','System','Admin','system.admin@dlsu.edu.ph','system.admin@dlsu.edu.ph','1202','2024-10-31 06:36:08.067298',0,1,1),('pbkdf2_sha256$870000$Mbz7qJhLtF7P6OM7s27xjI$03Ki/O3jwVri9lMNJjYCR8iShM0LCm3bSlHqGIFsmwE=','2025-03-09 16:45:12.995771','11','chem','labcoord','chem_labcoord@gmail.com','chem_labcoord@gmail.com','','2024-10-29 16:06:45.001248',0,0,0),('pbkdf2_sha256$870000$o2ygBuGHGmiMu3gZvdZLj9$kXnyPxGpKsguK/7RxvzP4EMHzY8h+RtpDORQZrR1RtU=','2025-03-09 15:20:07.779698','13','chem','labtech','chem_labtech@gmail.com','chem_labtech@gmail.com','','2024-10-29 15:27:51.246683',0,0,0),('pbkdf2_sha256$870000$Qp84ctuIPoB4HZ0RhPWmcx$tNvjtbNp2PmOBUCAs7gF4K9+3poproPs+FBd9BPTJ3Y=','2025-01-17 11:08:56.452557','16','System2','Admin2','system.admin2@dlsu.edu.ph','system.admin2@dlsu.edu.ph','','2024-11-01 06:30:28.428054',0,0,1),('','2024-11-12 11:06:40.982240','18','ken2','uy2','kennethmyronduy@gmail.com','kennethmyronduy@dlsu.edu.ph','12027774','2024-10-28 09:45:35.136035',0,0,0),('pbkdf2_sha256$870000$nfRivelBISrXcpeHaomIbM$NkSWVj/EbRbR/UcpBoYx8UtzWXPiXKnY7wmGQrUzt7U=',NULL,'19','chem','depthead','chem_depthead@gmail.com','chem_depthead@gmail.com','','2024-11-04 11:51:19.185730',0,0,0),('','2025-03-10 03:27:36.431433','2','ken','uy','kenneth_uy','kenneth_uy@dlsu.edu.ph','12027774','2024-10-28 09:45:35.136035',0,0,0),('pbkdf2_sha256$870000$h0xx3UI5Qm2VWLkYoWefIx$JPCz7z/Znf2VCDpDTW18s/BSoPTbfcfXLC3si71Qp6g=','2024-11-19 00:08:58.553491','20','intru','labcoord','instru_labcoord@dlsu.edu.ph','instru_labcoord@dlsu.edu.ph','12028458','2024-11-04 12:09:06.947961',1,0,0),('pbkdf2_sha256$870000$LKh88AmVodaSrpxYi5olWu$y7lEZoz6i4zcObc1RlwsCJaQPgYptEH2Dv0jRQ0MG/E=','2025-03-09 13:16:53.098567','20241125','Biology','LabCoor','biologylabcoor@dlsu.edu.ph','biologylabcoor@dlsu.edu.ph','11507889','2024-11-17 14:44:54.717767',0,0,0),('pbkdf2_sha256$870000$Ms9hSXdgU77YMK61G3geml$eXC6pASdWo1xIEavIW3kcUmSwiWBDaDqQxtqLU8WXQo=','2025-02-21 01:06:07.948295','20242583','phys','labcoord','phys_labcoord@dlsu.edu.ph','phys_labcoord@dlsu.edu.ph','12028458','2024-11-06 11:12:07.893078',0,0,0),('pbkdf2_sha256$870000$WCRrEvCcW072Bp1Lxrf98r$QbRKStc/pj+qGGl4vAb6vuJZImEzLaEHsRy/Ec0sdSg=','2025-03-10 03:42:10.401236','20244396','Chem','Student','ChemStudent','chem_student@dlsu.edu.ph','12007889','2024-11-18 07:22:49.415580',0,0,0),('pbkdf2_sha256$870000$BMbSMJZRESo4SmaBAwoLlL$uXWdx46DmZC1pDBThofUHjm7r8MJZNsY4hViocU57m4=','2025-01-28 09:55:57.158781','20245133','ken','uy','','tacticalforce58@gmail.com',NULL,'2024-11-12 12:24:06.939224',0,0,0),('pbkdf2_sha256$870000$N73NI20gq2CEpZbjxu2DNR$ug5FrJb3N2ha9Hf8M3q1IQ7g0mSNLt0rWlJzOTu1v+I=',NULL,'20245407','phys','labtech','phys_labtech@dlsu.edu.ph','phys_labtech@dlsu.edu.ph','12028458','2024-11-06 11:16:25.975876',0,0,0),('pbkdf2_sha256$870000$4ZmTmBQ2RvJ9uETTirNcds$vSh5Hon/YntqF0C/gW6mCrpMkeftCJzFu2LTTuIimXs=',NULL,'20245694','phys','student','phys_student@dlsu.edu.ph','phys_student@dlsu.edu.ph','120304','2024-11-13 12:47:53.923161',0,0,0),('pbkdf2_sha256$870000$syOTH9fJIfJWz7P57vN96V$3a1y6+uGj0TMuZpQ3HwgQJ3AQLshxEGh5zsxLdSbArU=','2024-11-17 14:46:06.293498','20246982','Biology','Student',NULL,'biologystudent@dlsu.edu.ph',NULL,'2024-11-17 14:45:38.546606',0,0,0),('pbkdf2_sha256$870000$vkOhb45G7kHrMlapY05P3M$p36rNHKVjGQ0jOBlR9PdoMktXZFW17VsTbQHEht6nN0=',NULL,'20247104','Hello','Kitty','hellokitty@dlsu.edu.ph','hellokitty@dlsu.edu.ph','12012346','2024-11-19 00:49:38.460235',0,0,0),('pbkdf2_sha256$870000$3wlMeQ3e3Ja0ng4PVsZwPl$dHfbm+rnthiPfhbqyG0akO5GHiwHm6ku1UmmbvkPk+I=','2025-03-09 13:15:01.639154','20248874','Biology','LabTech','biologylabtech@dlsu.edu.ph','biologylabtech@dlsu.edu.ph','11569887','2024-11-17 14:45:08.693624',0,0,0),('pbkdf2_sha256$870000$cZiH0zdDU4fIddRZpPgnST$lpAV/HNcO+6L+kFnLLwy/Z6mgxzXM7PqFJNY4dkKDQo=','2025-01-17 11:08:39.495443','20248922','Chachi','Ostia','chachi_ostia@gmail.com','chachi_ostia@gmail.com','120143143','2024-11-10 18:49:20.421065',0,0,0),('pbkdf2_sha256$870000$sL6kRxak28j7NWp5GsCuk2$FXOgSu+UE5mVUJSKFRWq03ltzNHyi6FcRvceQkUaUO4=','2025-03-09 17:07:32.290080','20249750','Juan','Crooz','juancrooz@dlsu.edu.ph','juancrooz@dlsu.edu.ph','12012345','2024-11-19 00:56:34.178471',0,0,0),('pbkdf2_sha256$870000$BZdHM5wa8aHZ6iuhMhgp6F$vgXZIBjpJzABJsRZQqM9U+bBQXxW2vHxFI6TrncezS0=','2025-02-21 05:22:33.371445','20250002','Aura Kristine','Ouano','aurakristine','kristineeegrace@gmail.com','None','2025-02-21 05:21:50.853177',0,0,0),('pbkdf2_sha256$870000$Opoyr7Rw2osiOJsJcvbLUE$UmnbcMLJaEa82vK/7wcfl8GfuzwfZsSbZsdcAvh6khc=','2025-01-17 15:04:18.511842','20250338','Tony','Stark','tony.stark@gmail.com','tony.stark@gmail.com','12342521','2025-01-17 15:03:51.800940',0,0,0),('pbkdf2_sha256$870000$OmGvQAo9wWAqR5t3jcnxIU$3yBrlxTY8q2dKU44HANwG1xoP+BaCWyMJoP5K5+7GHI=','2025-02-21 05:21:12.612165','20250340','Melvin Joseph','Sabalo',NULL,'melvin.sabalo@dlsu.edu.ph',NULL,'2025-02-21 05:14:19.303239',0,0,0),('pbkdf2_sha256$870000$vabcbBtKSJmHSda2hW749S$C1oMLPj5x/5sv8l7+fYmvjyP1hQ8QD9XVf90204LmgU=',NULL,'20250437','Jaden','Collins','jaden.collins@gmail.com','jaden.collins@gmail.com','1204231','2025-01-17 15:03:50.820859',0,0,0),('pbkdf2_sha256$870000$hDdYl6nD9vCnpiPI5CDQL3$E1QIZzT81EsVe7RUEiWY+O7HuuelhR6ZaaCEtabOGXY=',NULL,'20250572','John','Doe','john.doe@example.com','john.doe@example.com','12345.0','2025-01-17 14:53:20.777709',0,0,0),('pbkdf2_sha256$870000$UKXOI2b5BJHNFkEbbTQQzm$YQvuZi8C/WCJVba1I+WXcCb6Hc+ssLfIwM5+yW/ZZkY=','2025-03-09 14:20:22.367402','20250673','CT','LabCoord','ctlabcoord@dlsu.edu.ph','ctlabcoord@dlsu.edu.ph','24059869','2025-02-19 10:46:10.667810',0,0,0),('pbkdf2_sha256$870000$9O80CPFzO1mNhzl1SpI5wr$XsLrgdzs9Sn+EcbN2XiJwocP/n03FSjqSM09dzDvqc0=','2025-02-20 13:48:45.179416','20250719','CT','LabTech','ctlabtech@dlsu.edu.ph','ctlabtech@dlsu.edu.ph','232539459','2025-02-19 10:46:46.408847',0,0,0),('pbkdf2_sha256$870000$pe4YtuakSm02hZeos5KBgR$n+SBk1vUfD6+kkD9KenkADwAPWUH7YDwC6tkmKXZiig=',NULL,'20251302','Welf','Crozzo',NULL,'welf_crozzo@gmail.com',NULL,'2025-03-09 12:56:17.746308',1,0,0),('pbkdf2_sha256$870000$h87S5Oi5CAbOMYVWgmnuOE$rR9TOvzQhBScI3iWBMIIR115v43cWHlWQZ/OQh7us3U=','2025-02-20 14:12:02.383468','20251551','physics','LabTech','physicslabtech@dlsu.edu.ph','physicslabtech@dlsu.edu.ph','374857384','2025-02-19 10:53:49.556268',0,0,0),('pbkdf2_sha256$870000$6WwR9hxTSliJC0bkyyVH97$WVyVYq4UVT+p2RR4+rr42tewX+ugAJ6cTxpXnBvJSNM=',NULL,'20251835','Emily','Davis','emily.d@example.com','emily.d@example.com','77889','2025-01-17 16:47:06.568183',0,0,0),('pbkdf2_sha256$870000$J4kjb4G7yNJJyZFVsRS9r0$oDKHKKbi/kMmZhSnHgYMs6lfM203MOfMu2N4IyRNwM8=','2025-02-21 07:25:57.045483','20252226','Hilbert','Magpantay','hdmagpantay','hilbert.magpantay@dlsu.edu.ph','20182147','2025-02-21 05:10:46.452206',0,0,0),('pbkdf2_sha256$870000$EBMrgV1oAmy1XJbr67Fi8H$cZl5ZyK7u42RmzNZ1qKCBW46vjQuXQOCqU/cnuB59uU=','2025-02-26 02:45:41.547624','20252724','Aldrin','Ostia',NULL,'leonaldrin.ostia@dlsu.edu.ph',NULL,'2025-02-21 05:12:17.768635',1,0,0),('pbkdf2_sha256$870000$Emip0m6uIcXLfZM5k2clKV$mGD1rxK3m4U30211anxjTNBnNpAoI8aPvI01odESo58=','2025-02-20 14:10:16.745388','20252890','physics','LabCoord','physicslabcoord@dlsu.edu.ph','physicslabcoord@dlsu.edu.ph','728573845','2025-02-19 10:53:21.046036',0,0,0),('pbkdf2_sha256$870000$0120yHaTkv28iIKRYh46z4$cN+qzToQIrYJnHqsJHHC0g7jVff5bVcnucnkRv8XgCQ=','2025-03-09 14:33:47.208003','20253420','Agent','Bond',NULL,'luis.ostiaa@gmail.com',NULL,'2025-03-09 12:57:33.775454',0,0,0),('pbkdf2_sha256$870000$S7AqCxVLXLQJjtpLmbNrbW$EsY3/x+tQiXqS0XZ5qbxf2DlC7ahsn2ozQhUMgPayEQ=',NULL,'20253797','Ryu','Cranel','ryu_cranel@gmail.com','ryu_cranel@gmail.com','11823452','2025-03-09 08:54:19.475512',0,0,0),('pbkdf2_sha256$870000$PQhEsuE58r3mz60z50KtWL$eSaYyoffoozt/GGtyV4ad31FHdhw80xebIEZkRvicv8=',NULL,'20254603','Bob','Brown','bob.brown@example.com','bob.brown@example.com','44556','2025-01-17 16:47:06.072506',0,0,0),('pbkdf2_sha256$870000$bORTKZAkJgAWzFM8yjZ3az$tB1FHcfnezOmq/DFSJCfhTVSnp4AEqBWSfm9f7f2VLg=',NULL,'20254746','Alice','Johnson','alice.j@example.com','alice.j@example.com','11223','2025-01-17 16:47:05.557848',0,0,0),('pbkdf2_sha256$870000$asAEWGxzTGMuO4Cw52Cr6b$kC5xo7MLBKuPg8Yi7YN5bUB2JjwLIMWXRtkUsYpl7Cs=',NULL,'20254755','Jane','Smith','jane.smith@example.com','jane.smith@example.com','67890.0','2025-01-17 14:53:21.260973',0,0,0),('pbkdf2_sha256$870000$yDAQUrvLCcU08hLONkjQmt$sE0yZiKZrIwcPQz+BFuNv7stKvvxGHV+1was3StcHwk=',NULL,'20254825','Alex','Johnson','alex.j@example.com','alex.j@example.com','11223.0','2025-01-17 14:53:21.736370',0,0,0),('pbkdf2_sha256$870000$xrwhPZJnij0zvuvPevCfGF$Iiz4aGXgwisvmyMVfABkJtcwEjBgp/CYtHnyWPWvSyQ=','2025-03-09 08:55:53.102964','20254932','Bell','Cranel','bell_cranel@gmail.com','bell_cranel@gmail.com','12015623','2025-03-09 08:53:35.011380',0,0,0),('pbkdf2_sha256$870000$sQiozvMdivc2szQV6xbZhQ$X84MH6y+hVI0Gdl5kTAF40IHhoU2qU+1NfXcQ/TECFc=',NULL,'20256264','Peter','Parker','peter.parker@gmail.com','peter.parker@gmail.com','1203342','2025-01-17 15:03:51.310005',0,0,0),('pbkdf2_sha256$870000$JPRR0wbDweNysMs178MWoM$Zb/Wpq8rgw30FDlHWbx1c4RaaLrBvvvbHrQe8e+EFe8=','2025-02-26 03:42:21.636331','20257301','Jerome','Agawin',NULL,'jerome.agawin@dlsu.edu.ph',NULL,'2025-02-21 05:12:20.461923',1,0,0),('pbkdf2_sha256$870000$dORzpvAByyAgphmj6VcAb6$I0uj/hy1ztoslwhy0NRZlq0OIdu2ZoJCBvhhPJkpnAs=','2025-02-21 05:53:20.083342','20258658','Joan Candice ','Ondevilla',NULL,'joan.ondevilla@dlsu.edu.ph',NULL,'2025-02-21 05:53:04.102727',1,0,0),('pbkdf2_sha256$870000$6NqPR9OCxLAW2WJG7xQ3TS$83v9SZ7FDq/4y4TxOh3rT9W5JJqCK22ZiSuTNPeDN1w=','2025-02-21 05:19:50.426544','20258847','Aura Kristine','Ouano','None','aura.ouano@dlsu.edu.ph','None','2025-02-21 05:11:26.511877',1,0,0),('pbkdf2_sha256$870000$u8yxBKenj8WpgZh2hxmsyc$TuMe4vP0VoAo2IoaBmRV5FO5kUJeZTTw9+p8kAx6Snw=','2025-02-21 08:08:57.456787','20259303','ct ','lab tech2','ctlabtech2@dlsu.edu.ph','ctlabtech2@dlsu.edu.ph','5262728','2025-02-21 07:52:50.774973',0,0,0),('','2025-01-17 11:05:19.285468','3','Luis','Ostia','luis_ostia@dlsu.edu.ph','luis_ostia@dlsu.edu.ph',NULL,'2024-10-28 09:45:35.136035',0,0,0),('!ShikdXoIsvmXkJJSOYPRavdzIcySnka53r3jfAys','2024-11-12 11:46:45.902973','4','','','tf58','tacticalforce58@dlsu.edu.ph',NULL,'2024-11-05 17:14:35.671690',0,0,0),('pbkdf2_sha256$870000$kfhVELcGmXq1u0ECHBcWAQ$GFADbAYlzQdNoxPiFEZtFKbcUGKyHkZCO2AcetPnnEs=',NULL,'5','Merylle','Salvador','merylle_salvador','merylle_salvador@dlsu.edu.ph',NULL,'2024-10-28 09:57:15.001251',0,0,0),('pbkdf2_sha256$870000$mijkSsG028vqHya764IS0U$i3BuhalQ4tzReWtSd1m8aSMYCsXsee9uj84bnuzuV6o=',NULL,'9','Dominique','Conde','dom_conde','dominique_conde@dlsu.edu.ph','12028458','2024-10-28 10:40:28.846284',0,0,0);
/*!40000 ALTER TABLE `core_user` ENABLE KEYS */;
UNLOCK TABLES;

--
-- Table structure for table `core_workinprogress`
--

DROP TABLE IF EXISTS `core_workinprogress`;
/*!40101 SET @saved_cs_client     = @@character_set_client */;
/*!50503 SET character_set_client = utf8mb4 */;
CREATE TABLE `core_workinprogress` (
  `wip_id` varchar(20) NOT NULL,
  `start_time` datetime(6) NOT NULL,
  `end_time` datetime(6) DEFAULT NULL,
  `description` longtext NOT NULL,
  `status` varchar(1) NOT NULL,
  `remarks` longtext,
  `laboratory_id` varchar(20) NOT NULL,
  `room_id` varchar(20) DEFAULT NULL,
  `user_id` varchar(20) DEFAULT NULL,
  `wip_image` varchar(100) DEFAULT NULL,
  PRIMARY KEY (`wip_id`),
  KEY `core_workinprogress_laboratory_id_0cd091eb_fk_core_labo` (`laboratory_id`),
  KEY `core_workinprogress_room_id_6218a850_fk_core_rooms_room_id` (`room_id`),
  KEY `core_workinprogress_user_id_87871d47_fk_core_user_user_id` (`user_id`),
  CONSTRAINT `core_workinprogress_laboratory_id_0cd091eb_fk_core_labo` FOREIGN KEY (`laboratory_id`) REFERENCES `core_laboratory` (`laboratory_id`),
  CONSTRAINT `core_workinprogress_room_id_6218a850_fk_core_rooms_room_id` FOREIGN KEY (`room_id`) REFERENCES `core_rooms` (`room_id`),
  CONSTRAINT `core_workinprogress_user_id_87871d47_fk_core_user_user_id` FOREIGN KEY (`user_id`) REFERENCES `core_user` (`user_id`)
) ENGINE=InnoDB DEFAULT CHARSET=utf8mb4 COLLATE=utf8mb4_0900_ai_ci;
/*!40101 SET character_set_client = @saved_cs_client */;

--
-- Dumping data for table `core_workinprogress`
--

LOCK TABLES `core_workinprogress` WRITE;
/*!40000 ALTER TABLE `core_workinprogress` DISABLE KEYS */;
INSERT INTO `core_workinprogress` VALUES ('50120251582','2025-03-05 13:39:52.530836','2025-03-11 09:40:00.000000','Thesis','C','Thesis','1','90220243443','20244396',''),('50120252347','2025-03-05 13:42:00.601519','2025-03-14 01:41:00.000000','assdf','A','asdf','1','90220243443','20244396','uploads/wip_images/image_2025-03-05_214155318.png'),('50120252665','2025-02-06 16:56:31.107441','2025-02-06 17:06:01.477722','gfjghj','C','xfbfg','1','90220247773','2',NULL),('50120253531','2025-03-05 13:25:38.305499','2025-03-26 13:25:00.000000','matchbox','C','blue box','1','90220243443','2',''),('50120253583','2025-03-05 13:24:33.652669','2025-03-20 05:24:00.000000','black tube','C','in shelf 1','1','90220247773','2',''),('50120254093','2025-02-24 17:14:24.201264','2025-02-24 17:15:00.397049','black box','C','saved in upper shelf','1','90220243443','2','uploads/wip_images/QR_Ammonium_Sulfate_102101202462390002.png'),('50120254805','2025-02-24 17:34:16.220719','2025-02-23 17:33:00.000000','black bottle','C','no name','1','90220243443','2','uploads/wip_images/452269573_1000232445086416_4168848485558538638_n.png'),('50120256792','2025-03-05 12:52:58.883219','2025-03-03 21:49:00.000000','Thesis Project','C','For Thesis','1','90220243443','20244396',''),('50120257645','2025-03-10 03:27:16.250729','2025-03-13 03:25:00.000000','black box','A','make sure to keep in shelf','1','90220243443','20244396','uploads/wip_images/QR_Ammonium_Sulfate_102101202462390003.png'),('50120257761','2025-02-24 17:21:50.790359','2025-02-23 17:20:00.000000','black box top','C','overdue','1','90220243443','2','uploads/wip_images/v2_4.png'),('50120258394','2025-02-06 17:08:17.964731',NULL,'ryrty','C','fhdfh','1','90220247773','5','');
/*!40000 ALTER TABLE `core_workinprogress` ENABLE KEYS */;
UNLOCK TABLES;

--
-- Table structure for table `django_admin_log`
--

DROP TABLE IF EXISTS `django_admin_log`;
/*!40101 SET @saved_cs_client     = @@character_set_client */;
/*!50503 SET character_set_client = utf8mb4 */;
CREATE TABLE `django_admin_log` (
  `id` int NOT NULL AUTO_INCREMENT,
  `action_time` datetime(6) NOT NULL,
  `object_id` longtext,
  `object_repr` varchar(200) NOT NULL,
  `action_flag` smallint unsigned NOT NULL,
  `change_message` longtext NOT NULL,
  `content_type_id` int DEFAULT NULL,
  `user_id` varchar(20) NOT NULL,
  PRIMARY KEY (`id`),
  KEY `django_admin_log_content_type_id_c4bce8eb_fk_django_co` (`content_type_id`),
  KEY `django_admin_log_user_id_c564eba6_fk_core_user_user_id` (`user_id`),
  CONSTRAINT `django_admin_log_content_type_id_c4bce8eb_fk_django_co` FOREIGN KEY (`content_type_id`) REFERENCES `django_content_type` (`id`),
  CONSTRAINT `django_admin_log_user_id_c564eba6_fk_core_user_user_id` FOREIGN KEY (`user_id`) REFERENCES `core_user` (`user_id`),
  CONSTRAINT `django_admin_log_chk_1` CHECK ((`action_flag` >= 0))
) ENGINE=InnoDB AUTO_INCREMENT=6 DEFAULT CHARSET=utf8mb4 COLLATE=utf8mb4_0900_ai_ci;
/*!40101 SET character_set_client = @saved_cs_client */;

--
-- Dumping data for table `django_admin_log`
--

LOCK TABLES `django_admin_log` WRITE;
/*!40000 ALTER TABLE `django_admin_log` DISABLE KEYS */;
INSERT INTO `django_admin_log` VALUES (1,'2024-09-23 07:04:56.082741','3','127.0.0.1:8000',1,'[{`added`: {}}]',11,'1'),(2,'2024-09-23 07:05:39.456059','1','google',1,'[{`added`: {}}]',15,'1'),(3,'2024-09-23 11:15:12.986274','1','Beaker',1,'[{`added`: {}}]',17,'1'),(4,'2024-09-23 11:20:59.453173','1','Inventory Item 1',1,'[{`added`: {}}]',19,'1'),(5,'2024-11-12 10:56:54.452693','1','google',2,'[]',15,'1');
/*!40000 ALTER TABLE `django_admin_log` ENABLE KEYS */;
UNLOCK TABLES;

--
-- Table structure for table `django_content_type`
--

DROP TABLE IF EXISTS `django_content_type`;
/*!40101 SET @saved_cs_client     = @@character_set_client */;
/*!50503 SET character_set_client = utf8mb4 */;
CREATE TABLE `django_content_type` (
  `id` int NOT NULL AUTO_INCREMENT,
  `app_label` varchar(100) NOT NULL,
  `model` varchar(100) NOT NULL,
  PRIMARY KEY (`id`),
  UNIQUE KEY `django_content_type_app_label_model_76bd3d3b_uniq` (`app_label`,`model`)
) ENGINE=InnoDB AUTO_INCREMENT=37 DEFAULT CHARSET=utf8mb4 COLLATE=utf8mb4_0900_ai_ci;
/*!40101 SET character_set_client = @saved_cs_client */;

--
-- Dumping data for table `django_content_type`
--

LOCK TABLES `django_content_type` WRITE;
/*!40000 ALTER TABLE `django_content_type` DISABLE KEYS */;
INSERT INTO `django_content_type` VALUES (31,'account','emailaddress'),(32,'account','emailconfirmation'),(25,'admin','logentry'),(27,'auth','group'),(26,'auth','permission'),(28,'contenttypes','contenttype'),(6,'core','borrow_info'),(23,'core','borrowed_items'),(7,'core','borrowing_config'),(36,'core','inventoryfile'),(8,'core','item_description'),(9,'core','item_expirations'),(10,'core','item_handling'),(3,'core','item_inventory'),(11,'core','item_types'),(2,'core','laboratory'),(24,'core','laboratory_permissions'),(20,'core','laboratory_reservations'),(12,'core','laboratory_roles'),(13,'core','laboratory_users'),(4,'core','module'),(14,'core','notification'),(15,'core','permissions'),(16,'core','reported_items'),(17,'core','reservation_config'),(18,'core','rooms'),(19,'core','roomtable'),(5,'core','shoppingitem'),(21,'core','suppliers'),(1,'core','user'),(22,'core','workinprogress'),(29,'sessions','session'),(30,'sites','site'),(33,'socialaccount','socialaccount'),(34,'socialaccount','socialapp'),(35,'socialaccount','socialtoken');
/*!40000 ALTER TABLE `django_content_type` ENABLE KEYS */;
UNLOCK TABLES;

--
-- Table structure for table `django_migrations`
--

DROP TABLE IF EXISTS `django_migrations`;
/*!40101 SET @saved_cs_client     = @@character_set_client */;
/*!50503 SET character_set_client = utf8mb4 */;
CREATE TABLE `django_migrations` (
  `id` bigint NOT NULL AUTO_INCREMENT,
  `app` varchar(255) NOT NULL,
  `name` varchar(255) NOT NULL,
  `applied` datetime(6) NOT NULL,
  PRIMARY KEY (`id`)
) ENGINE=InnoDB AUTO_INCREMENT=58 DEFAULT CHARSET=utf8mb4 COLLATE=utf8mb4_0900_ai_ci;
/*!40101 SET character_set_client = @saved_cs_client */;

--
-- Dumping data for table `django_migrations`
--

LOCK TABLES `django_migrations` WRITE;
/*!40000 ALTER TABLE `django_migrations` DISABLE KEYS */;
INSERT INTO `django_migrations` VALUES (1,'core','0001_initial','2025-02-23 06:06:26.891038'),(2,'account','0001_initial','2025-02-23 06:06:27.075315'),(3,'contenttypes','0001_initial','2025-02-23 06:06:27.100569'),(4,'admin','0001_initial','2025-02-23 06:06:27.185953'),(5,'admin','0002_logentry_remove_auto_add','2025-02-23 06:06:27.199781'),(6,'admin','0003_logentry_add_action_flag_choices','2025-02-23 06:06:27.216722'),(7,'contenttypes','0002_remove_content_type_name','2025-02-23 06:06:27.283892'),(8,'auth','0001_initial','2025-02-23 06:06:27.484947'),(9,'auth','0002_alter_permission_name_max_length','2025-02-23 06:06:27.535202'),(10,'auth','0003_alter_user_email_max_length','2025-02-23 06:06:27.543985'),(11,'auth','0004_alter_user_username_opts','2025-02-23 06:06:27.554851'),(12,'auth','0005_alter_user_last_login_null','2025-02-23 06:06:27.565930'),(13,'auth','0006_require_contenttypes_0002','2025-02-23 06:06:27.567878'),(14,'auth','0007_alter_validators_add_error_messages','2025-02-23 06:06:27.574319'),(15,'auth','0008_alter_user_username_max_length','2025-02-23 06:06:27.582216'),(16,'auth','0009_alter_user_last_name_max_length','2025-02-23 06:06:27.588901'),(17,'auth','0010_alter_group_name_max_length','2025-02-23 06:06:27.633840'),(18,'auth','0011_update_proxy_permissions','2025-02-23 06:06:27.660319'),(19,'auth','0012_alter_user_first_name_max_length','2025-02-23 06:06:27.665797'),(20,'sessions','0001_initial','2025-02-23 06:06:27.682898'),(21,'sites','0001_initial','2025-02-23 06:06:27.693753'),(22,'sites','0002_alter_domain_unique','2025-02-23 06:06:27.706405'),(24,'account','0002_email_max_length','2025-02-24 06:49:11.922762'),(25,'account','0003_alter_emailaddress_create_unique_verified_email','2025-02-24 17:05:16.571640'),(26,'account','0004_alter_emailaddress_drop_unique_email','2025-02-24 17:05:47.632619'),(27,'account','0005_emailaddress_idx_upper_email','2025-02-24 17:05:47.779619'),(28,'account','0006_emailaddress_lower','2025-02-24 17:05:48.062619'),(29,'account','0007_emailaddress_idx_email','2025-02-24 17:07:10.164712'),(30,'account','0008_emailaddress_unique_primary_email_fixup','2025-02-24 17:07:22.793496'),(31,'account','0009_emailaddress_unique_primary_email','2025-02-24 17:07:22.840519'),(32,'core','0002_workinprogress_wip_image','2025-02-24 17:07:22.984757'),(38,'core','0003_alter_item_description_lead_time_prep_and_more','2025-02-26 09:03:36.203946'),(39,'core','0004_reported_items_cleared_by','2025-02-26 12:18:47.212437'),(40,'core','0005_shoppingitem_added_by_shoppingitem_laboratory','2025-02-27 17:55:31.058462'),(41,'core','0006_shoppingitem_existing_item_and_more','2025-02-27 18:21:01.684313'),(42,'core','0007_shoppingitem_added_on','2025-02-27 18:48:01.014247'),(43,'core','0008_inventoryfile','2025-03-04 12:22:31.570771'),(44,'core','0008_item_inventory_file_upload','2025-03-04 13:56:28.977884'),(45,'core','0008_item_inventory_supporting_document','2025-03-04 14:37:42.646420'),(46,'socialaccount','0001_initial','2025-03-04 16:41:47.619324'),(47,'socialaccount','0002_token_max_lengths','2025-03-04 16:41:47.946593'),(48,'socialaccount','0003_extra_data_default_dict','2025-03-04 16:41:48.032305'),(49,'socialaccount','0004_app_provider_id_settings','2025-03-04 16:41:48.455055'),(50,'socialaccount','0005_socialtoken_nullable_app','2025-03-04 16:41:49.158111'),(51,'socialaccount','0006_alter_socialaccount_extra_data','2025-03-04 16:41:49.313184'),(52,'core','0009_item_inventory_document','2025-03-04 16:51:05.789017'),(53,'core','0010_remove_item_inventory_document_and_more','2025-03-04 17:13:30.799875'),(54,'core','0011_item_inventory_pdf_file','2025-03-04 17:13:31.101318'),(55,'core','0012_remove_item_inventory_document_and_more','2025-03-04 17:15:19.113329'),(56,'core','0013_remove_item_inventory_pdf_file','2025-03-04 17:24:30.651062'),(57,'core','0008_item_inventory_pdf_file','2025-03-04 17:34:28.437279');
/*!40000 ALTER TABLE `django_migrations` ENABLE KEYS */;
UNLOCK TABLES;

--
-- Table structure for table `django_session`
--

DROP TABLE IF EXISTS `django_session`;
/*!40101 SET @saved_cs_client     = @@character_set_client */;
/*!50503 SET character_set_client = utf8mb4 */;
CREATE TABLE `django_session` (
  `session_key` varchar(40) NOT NULL,
  `session_data` longtext NOT NULL,
  `expire_date` datetime(6) NOT NULL,
  PRIMARY KEY (`session_key`),
  KEY `django_session_expire_date_a5c62663` (`expire_date`)
) ENGINE=InnoDB DEFAULT CHARSET=utf8mb4 COLLATE=utf8mb4_0900_ai_ci;
/*!40101 SET character_set_client = @saved_cs_client */;

--
-- Dumping data for table `django_session`
--

LOCK TABLES `django_session` WRITE;
/*!40000 ALTER TABLE `django_session` DISABLE KEYS */;
INSERT INTO `django_session` VALUES ('03vuc4n0r00oy81w5nfski0ejh5s3yl2','.eJxdjL0OwjAMBl8FZUZVXNqkZaQrK3PkOI5S0R-pSQeEeHdS1AFYPNx3vqcwuKZg1siL6Z04CwBx_IYW6c7TttC8cPEZdlZ0a0zzeMvaZbd-XgPGsBW1AtToq6YE76W1rMtGsqcTts6pGqXToBSRrSVCDbppta9kvqWviG2ORh6YEjszoN2Kf8hMOHLmXeCxj2l5HK7Ze70BUFVI1A:1trHWP:TFm0EQLkliOPr8YUFHDOwwrkscqeYBiY9DvGwIeuag0','2025-03-23 14:20:53.332546'),('0j3i6bm2kv46dvxs663iwcpi199scbkx','.eJxdj81qhDAQx1-l5CySL5O4t7bsrW9QioxxsspmTTGxUMR3b7T2YC_D8P_4ZbKQGOwAHqwN85iamCBhJJdlLcifBnPqcUyDhTSEsXlg6kOXM-8L-d3J5UwhuZvIhWlR16pmnJVSUKZEQT6n8DV0OOXGLYSbxxydhw3AqKFayTwk01pSRXWlyPpRkP39Zo44NXuSk5PWgr3juBng_SaXxxXlnjnsWD6ffvFytE6oHmKfOa1yUjFuHFdVq9EIwSupqDEmH2Ys1o5Rq6AVzjgBUluJDLTqqHPSCMUyNKJHm7BrPLSZWFPGKZdCmuqf2YzwwJy4vl6f3qANE6QwfZP1B6_HhCs:1tkkaG:AqoZ84cBXmeoBngj50sWu2oHaDFyqoFUon2kWX7I-9A','2025-03-05 13:57:52.770174'),('0u1vqxy36d8t0s2c4j458pkgrkrb6bgj','.eJxVjEEOwiAQRe_C2pAWpuC4dN8zNAMzSNVAUtqV8e7apAvd_vfef6mJtjVPW5NlmlldVK9Ov1ug-JCyA75TuVUda1mXOehd0Qdteqwsz-vh_h1kavlbA3pG1ycBjwbdkLh3nlIQAHbQUUgDe7AGBCyeESA6YWs4CiF2Jqj3B9dLN8Q:1tDCiw:l-NKQy6auPI3Pn6jFUjfuCMJvPaXx6zwbQxx1MW8OCY','2024-12-03 01:08:10.699867'),('129qz16y1qzh6uqxkkib66e3ujx7otw4','.eJxdj8FuhSAQRX-lYW0MCALPXdtt_6BpyIjD0zyURrBJY_z3orULu5lM7tx7cmclMdgBPFgblimZmCBhJM26FeRPgyX1OKXBQhrCZEZMfeiy530lvztprhSSs4k0TAkqVcWpKpXgit9kQT7n8DV0OOfIPYS7x-xdhp3AqKZKijwEU3uSqlqS7aMgRwGzRJzN4azIRWvBPnDaD-D9LpdnjfLwnOdYPl_eeDlTF1QPsc-cVjohWaVdJetWoea8qoWkWutcTFu8OUathJY77TgIZQUyULKjzgnNJcvQiB5tws54aPfn_klmghGz_trjOMQ0fz-9Zd_2A7Nygjw:1tngNu:XqjEX1u6Zl6vIaoUoDmaFtTeVaiz2E1MhnqhHpF5uk4','2025-03-13 16:05:14.948995'),('278lpeprw9gp66ijy3yadmjrlx78p6s0','.eJxVizsOwjAMQO-SGVWOnaQpI5yBObLzURCCSk0zIe4ORR1gfZ-nCtzXGnrLS7gmdVQIaMkgqMOvEo63_Nh8nJc8fMXOhnNv63y_fLLTXv2tlVvdvlhEJluM184YILAg4l2yNGqMhVFDyUImU4EoaWLPTqwDPSJ6IK1eb4aHNuE:1trHit:j_OsHhy7hOMs5EYqWu-XMJIoEVtkP0l7n0XtOoz8Njc','2025-03-23 14:33:47.292982'),('2gi2ganhivul80z6kz5iqpdax8p92038','.eJxdj8FuhSAQRX-lYW0MCALPXdtt_6BpyIjD0zyURrBJY_z3orULu5lMztx7c2clMdgBPFgblimZmCBhJM26FeSPwZJ6nNJgIQ1hMiOmPnRZ876S35001xSSvYk0TAnGNGOMlooLrW-8IJ9z-Bo6nLPlHsLdY9Yuw57AqKZKijwEU0pQSVUtyfZRkKOAWSLO5lBW5MJasA-c9gN4v-PyrFEemvMcy-fLGy-n6xLVQ-xzTiudkKzSrpJ1q1BzXtVCUq11LqYt3hyjVkLLnXYchLICGSjZUeeE5pLl0IgebcLOeGj35_4hM8GImb_2OA4xzd9Pb1m3_QCo4IIz:1tpokL:n3CirGKUUxRrEtLiARwHJ6K96ASwZ5iPtL-HMODcnUY','2025-03-19 13:25:13.520319'),('3i8tixpo3xe0xl85zozt22j1mtfj497t','.eJxdjL0OwjAMBl8FZUZVXNqkZaQrK3PkOI5S0R-pSQeEeHdS1AFYPNx3vqcwuKZg1siL6Z04CwBx_IYW6c7TttC8cPEZdlZ0a0zzeMvaZbd-XgPGsBW1AtToq6YE76W1rMtGsqcTts6pGqXToBSRrSVCDbppta9kvqWviG2ORh6YEjszoN2Kf8hMOHLmXeCxj2l5HK7Ze70BUFVI1A:1trIZu:LbKifkLCsz_3U3G3WkN5qiq8bp0AbPWs1JPx5_zjgbo','2025-03-23 15:28:34.063737'),('44erd19e7fxnyrbdijcs1rl8l710nfqt','.eJxdjL0OwiAYRV_FMJuGn0LB0a6uzoQPPkJjf5JCB2N8d9F0UNdzzr0PYt1Wkt0yrnYI5EQ45W0rjCLHbwXO33B-e7-s2HzEzpp-y2WZrjU779XPNLmc6s5ElN4YoNEw77nWjHe6UwEAnQSjQFPkUQjQUshApQGMoLiQPnQtMF9PM47oCwY7OqiP7A_Z2U1YeZ9wGnJZ74dL7Z4viudKUg:1tkFOF:o-bWBCsOdx66Jrxgrl3Pwtk_XinJeCSqJrGXcWh19Lk','2025-03-04 04:39:23.858852'),('44uojlpwjouahk9jy2imlsi3vphk3gar','.eJxdjr0OwjAMBl8FZUZV2jSKYaQrK3OUOLZS0R-pSQeEeHdS1AFY77uz_BTWrTnaNdFi-yDOolbi-A29wztN24LzQtVn2FnVrSnP461ol936SaNLsXRGBwZtSoQAHki1BKglE3ArWZqa2zp4RmiUgQY9SMXGhGCYpHbNqRxNNBBmCnZwfvvxD9nJjVR4F2nsU14eh2vxXm-BgElQ:1tqAwF:zphDDEBDjT3ZY4zQTVqqAqeJVBD7l0v8AA5fcAp-Gfg','2025-03-20 13:06:59.704480'),('5acwa0gt63az3594b66kwtl3fpsszaxb','.eJw1jUEKwjAQAP-y56IpWFMK4gdEUXoRkRC2W0mNSWm2oob83Rz0PMxMhODRaKsR_exYBdZMAZoIb-4P513Yf1rdno6DhOYSYZw8UsgcrL8ZBwV0mjU0bra2gPGOpNB3pJ40md7Q9CeOXpyl5TYHHiNvAllCVr8rpKKUK1HJtaiqRS2EKOtrSl8pyzW2:1tnHLL:e87z78leIBF-adrJkC4RKKio1jXhN52ZyJ13Qhv3tF4','2025-03-12 13:20:55.812008'),('5q6z2m7nnr7p6h0bjgjojcjq6vz8f4pp','.eJxVjUEOgjAURK9iujakQGmpS93qGZrf_o-g0CZtWRDj3YWEhWzfzLz5MANz7s2cKJoB2YWV7PzPLLg3-S3AF_hnKFzwOQ622CrFnqbiEZDG6949CHpI_brmWHdO1RWqhpCXsnWdblDUuhUdEdeATdUohZWCzkqhBJdct1JXUtiWqF6liUZymdCMYNmlPALjYaL159bTNKQcl9MdbIiQQ1zY9wdP_EzS:1stMUi:jltrb1LRmuPLD_G8bJuZydncybb2mPRgQrSIW1nRFT8','2024-10-09 07:31:28.195957'),('7c8j7yib24zgob6qs69ole8kiust4f8k','.eJxdjL0OwjAMBl8FZUZVXNqkZaQrK3PkOI5S0R-pSQeEeHdS1AFYPNx3vqcwuKZg1siL6Z04CwBx_IYW6c7TttC8cPEZdlZ0a0zzeMvaZbd-XgPGsBW1AtToq6YE76W1rMtGsqcTts6pGqXToBSRrSVCDbppta9kvqWviG2ORh6YEjszoN2Kf8hMOHLmXeCxj2l5HK7Ze70BUFVI1A:1tkNSG:FNUvtyxyFx9EzHz2dGzmbbPCFbXuwqpbalYGhH-AV6o','2025-03-04 13:16:04.697402'),('7n3kgnwep6npmwte2s0j26ssd6k0llot','.eJxdjL0OgjAURl_FdDbk9kJt64irq3Nz-4MQgSYUBmJ8d4thUNfvnO88maFlbs2SwmQ6z84MASvOUbDjN7LkHmHcuItTKD5g34rLkuY43LJW79bPtaXU5h9pL8FudY1gNXmJp5JLAgnegiqxlEoL761y2EhUFXEBJQqpKtWghBxNoQ9uDt70ZHNRA99yQovqD5qRhpCNuot9vK-HK9k40Rynlb3e-ZtMfg:1tl4fh:rFpHXtrsHD_Mf9dfdgSo02RAmzBoEgGZ07xd44PlSUs','2025-03-06 11:24:49.042128'),('8sevbdpsgd4i6l4zwd5d8uhdwnh0fcmc','.eJxdkEtrwzAQhP-K0TkJeqxkx8fmVnprexYraY1N_ABbLpSQ_1750ZD2qG9mZ7VzYxbnWNt5otE2gZVMcgnnXHN2eJYc-iv1i-6HkU6rsLPTZZ7i0H0m28vu-jNa41SnOeOJK4eKi1AVWhTS88L5UKnc5K6SUnulKg_IjdcI3OcQDGhvJD-bQAQpdKKWfKRgW3QpUfxDtseOEr_U1DVTHL-zt-Q7sJHSN74wNkNvA0Zk5W1h67n93LbJMQzddv2Zy6UABaDYzvfU91fN9fPGFEVbX_rI1VHIRYw4RhubdUJAKYoEUyMPZDYU0bW0boTfx2MNcMg-FpQJdr__ADTOgwQ:1trLFa:dkuuVFQhN_V9gbnbqaVtZg2o1Ulbp7Hv0rH4_tcbpK0','2025-03-23 18:19:46.797932'),('9giiqpaa7y2zpkkc18htbd7slwnrngxx','.eJxdjL0OwiAYRV_FMJuGn0LB0a6uzoQPPkJjf5JCB2N8d9F0UNdzzr0PYt1Wkt0yrnYI5EQ45W0rjCLHbwXO33B-e7-s2HzEzpp-y2WZrjU779XPNLmc6s5ElN4YoNEw77nWjHe6UwEAnQSjQFPkUQjQUshApQGMoLiQPnQtMF9PM47oCwY7OqiP7A_Z2U1YeZ9wGnJZ74dL7Z4viudKUg:1trTtr:9aB-rMJk4XaBSgAHNz2tsolqnTJjTFxXpMjGPwvb6xM','2025-03-24 03:33:55.424076'),('9mc4exgmmehq1cn6dntf489b5umw8lh7','.eJxVUEtrhDAQ_itlziIxm4fure21_6CUMEnGVRpNMbGwLPvfG60XL8PwvebxAHQurnM2uOaB5jw6zGOczUR5iD7B9fMB_z1cIUU3YjgcUAFmuDaat4x1TIm6vTRcqq6CnyX-jp6WYrnFeAtUtOu4JTSsZVqJUkSjtWCKaang-VXBvoBZEy1mV3I4YRbdN80bgSFscH2sUe-ag0716-mMt8N1ihowDSXH9sqjddJ6rmWHXDCUXDFiZHXfSCk655S3ROiQOHYX3zcdyr4V1JJS202JArlM3gS05RNnwMw4UZnzPtA0przcXz7QxgVzXO7w_APonX0q:1sz4Vd:QB2chkKa8HYV6aIr_QyL3yi2sBSwzAC2yemvcFKkjao','2024-10-25 01:32:01.908187'),('9x66cd9abg12ed0jzx4y1bdfkv1l62t6','.eJxVkL1uhTAMhV-lyowQJEAStnbu0rmqIpOYC7qBVCR0Qbx7DaUDm3X8neOfjcVgR_BgbVjnZGKChJG1256xfw3WNOCcRgtpDLOZMA3BEfO5sb-atfcURt7E2lJyrUsupc6rQhS1zNj3En5Ghws5HiE8PBK6jkdAWTSSc12LQldC11yXSgm2f2XsnG_WiIs5ScFuWgf2ifPRAO8POb-2yE_masf89XbF2-W6RQ0QB8qpsBeq473suETFwTlarmxU1Ut0jatRV31Tqx6kVYVA6ITohSUH1AqIoNCIHm1CZzx09IjmrpgZJqRBHyvMaZ1e3gnafwFk5IKv:1t4dsL:ic_hBTq366zUPVuZBlRzMzQ5ygkpmuAyAxV1Fy33PUE','2024-11-09 10:18:29.515217'),('ag4pn44lz97qjomtt3f7tkohqsytt1nx','.eJxVj8FqwzAMhl-l6FxCUofZya3dde9gZFkmZo4NtjMIpe8-d2SHHPX9vz6hJ5REHgMSpS1WXSpWLjA_X1f4Zz-cvfNsNa_oA8xxC-EKGre66K1w1t7CDCOcmEH65vgOMIQ37g5d99c54tLd28SxesLqU3wcWyfVgmVpHklqMmroFRvh-smpnpwyH0I6MdzMKJUTiMJaNY1jrywrIZkJbxKFm9C5Ji0cmGr7JKCBeTgDHXHldudz4dWXmvfLF5qUsaa8w-sXEcRnxw:1sxU1M:5ZfK0D527RW3gCWJSNXVXpoG2YIJMcdEUWeLB6g2fP0','2024-10-20 16:22:12.470302'),('bl17s7akcv3dfgt9w522rav1a0h4dxba','.eJxdjL0OwjAMBl8FZUZVXNqkZaQrK3PkOI5S0R-pSQeEeHdS1AFYPNx3vqcwuKZg1siL6Z04CwBx_IYW6c7TttC8cPEZdlZ0a0zzeMvaZbd-XgPGsBW1AtToq6YE76W1rMtGsqcTts6pGqXToBSRrSVCDbppta9kvqWviG2ORh6YEjszoN2Kf8hMOHLmXeCxj2l5HK7Ze70BUFVI1A:1tlNQx:R9_80WFcBerPB4pNabCl3QO3Hwa5ExCc5bltVp60bZo','2025-03-07 07:26:51.723646'),('bpf4zuo9vaini5hjfx3l14w4qgxv8h9j','.eJxdj8FuhSAQRX-lYW0MCAK-Xdtt_6BpyIjD0zyURrBJY_z3orULu5lM7tx7cmclMdgBPFgblimZmCBhJLd1K8ifBkvqcUqDhTSEyYyY-tBlz_tKfndyu1JIziZyY0pQ3jCpqpLRRjWUF-RzDl9Dh3OO3EO4e8zeZdgJjGqqpMhDMJWTkqpaku2jIEcBs0SczeGsyEVrwT5w2g_g_S6XZ43y8JznWD5f3ng5UxdUD7HPnFY6IVmlXSXrVqHmvKqFpFrrXExbbByjVkLLnXYchLICGSjZUeeE5pJlaESPNmFnPLT7c_8kM8GIWX_tcRximr-f3rJv-wGriYI1:1tmVNT:TvvSsdsK3PQgLW8Pm528u6LYq07wFR_qVuWaPhMBAXA','2025-03-10 10:07:55.225325'),('bu0p2hytguvk7jeknkj02bhpgjpd1seo','.eJxdj81qhTAQhV-lZC2SaP68u7bbvkEpYYyTq9xoiomFIr57o7ULuxmGM-d8nFlJDHYAD9aGZUomJkgYyW3dCvKnwZJ6nNJgIQ1hMiOmPnTZ876S353crhSSs4ncmOKU8UZIXTaMikqJgnzO4WvocM6Rewh3j9m7DDuBUU2V5HlwpnJSUiUk2T4KchQwS8TZHM6KXLQW7AOn_QDe73J51igPz3mO5fPljZczdUH1EPvMaaXjklXaVVK0CnVdV4JLqrXOxbTFxjFqJbS1064GrixHBkp21Dmua8kyNKJHm7AzHtr9uX-SmWDErL_2OA4xzd9Pb9m3_QCxUYI6:1tls8U:yyISXFM_6sFjHmKQulgw5gBjNoTQD6Lfo0ocWihTKSE','2025-03-08 16:13:50.588423'),('buwlx66j0lznw1n8pjxk39c5g8zg159c','.eJxdjLEOwiAURX_FMBsCtYXWUVf9BvKAh1QpTQodjPHfhaSDutzh3JPzIgrW7NWacFGjJUfCOdl_Qw3mgbE-9g7xNlMzx7yMmlaFbm-i19liOG3uT8BD8rUrBQcJru0b7hzTGmXTM3TmAIO1ogNmJRfCGN0x4B2X_SBdy8o2rjWoSzRhQJPRqgC6Fv-QijBh4WeP05jy8txdivf-AB3FStY:1taTqC:N1JZFkwHv6Qm8U8rFRDCg6Iassl5Nbyb6uGc09BJsHs','2025-02-05 06:03:52.968485'),('bv6sp6k3tmp13a551pmes08dl7hpm37l','.eJxVUMtuhSAQ_ZWGtTFABfTu2m77B01jBhivpCgNYJMb478XrV24mUzOax4rScE48GBMWObcpwwZE7mtW0X-MVjyiHN2BrILcz9hHoMtmo-V_PXkdk0hxZvJjSneUUU5lbVkgknFKvIdw4-zGIvlHsLdY9Eubk9gtKVKNqU0TKmGSqqEJNtnRY4F-iVh7A8lJxdMg_nCeSfA-x2uzzXqQ3PSqX65nPF6ui5RI6Sx5OhBWtBGaMuV6IA3FASXFClqNTAhms4YaTUiGEAO3bMdWAdiaBtsUcr9poQeTUbbe9DlE1egn2HCMudtxMmlHB9P76BDhBzig2y_HpKHHQ:1t1qyG:yEdH-bAheCpF5m1dsSm2zO0lEZT6GlMk7RM6RrbHHN0','2024-11-01 17:41:04.118575'),('c9a3qsyt6fsyh9esfnf0fbwr3gzsxif4','.eJxVjMEKwyAQRP9lz6GsxrrBXykliJFESN2SrL2I_15L6aGXYRjemwonh-R3HwKXLPMpXuIJrrYBfpsvssUsKXhJnOdHlI2XztwqfDu4_xforoBTNKImY1Bd9KSRxnGA58GvtMSjKyvzusfOlvR5UDghWdPDKCKDFulqod3bG5IuNK8:1t63Pd:PcwT9PG5KZw1kCboCrY5S5HV8hryS-qz-tXW4XG5iKE','2024-11-13 07:46:41.283980'),('cjyrsmmjg4chrcedkn6zv8qpktzh25az','.eJyVzTEKgzAUANC7_DmIpokaV3FSOhR0KSIhphINiZooLeLdW-jWrfMb3gHOCsU1F8JuxnfOcy8dZAc0-1Sl9WusbngsaMggux8wr1ZI93FwajDbDAh67jlkZtMawTwJ2Qnby26Xq3oouX7lRFFyiUjIMA0DxihLcdwiqJKGT_m1eJZ5SWqx_BTaDsr8P9AA4yQiMWnP8w3kgEjX:1tAodj:B7fJ3VvpE0yUxEdKxjZ0EdAIL9aiqhsH6lW4men51Ns','2024-11-26 11:00:55.227146'),('cklunszu5btgkc5yl1x5laaza8mdow01','.eJxdj8FuhSAURH-lYW0MCAJ9u7bb_kHTkCtenqQojWCTxvjvRWsXdkPI3JmTmZWkaD0EsDYuUzYpQ8ZEbutWkT8NljzglL2F7ONkRsxD7IvnbSW_f3K7UkjJZnJjijPRtILTWkvGuOYV-Zzjl-9xLpF7jPeAxbv4ncCopkqK8gimlKCSqlaS7b0iRwGzJJzN4WzIRevAfuC0HyCEXa7PGvXhOc-pfrrMeD5TF9QAaSicTjohWaNdI9tOoea8rJBUa12KaYuPjlEroeNOOw5CWYEMlOypc0JzyQo0YUCbsTcBun3cP8lMMGLRXwYcfcrz98Nr8W0_oQ6CLA:1tAtiU:U1ImLe4MJUMz_1FBzTIuVVVcQKx7sCHj0ZNtrHWKmpY','2024-11-26 16:26:10.383305'),('cxjymzcff6n11wsb4k793fo8savi0ldt','.eJxVUEtuhDAMvUqVNUIh5AOza7vtDaoKOYkZogmkIqHSCHH3BkoXbCzr-X1sryQG48CDMWGZUhcTJIzktm4F-cdgSQNOyRlILkzdiGkINnM-V_LXk9vVhWRtIrdKsUbWopWyZIw2dV2Q7zn8OItzVtxDuHvM1MXtBhVtqJI8F14pxamkSkiyfRXkyO-WiHN3MBm5YBrMA6d9AN7vcHluUR6ccxzL18sVb6fqYjVAHLKP7qUFbYS2TIkWGKcgmKRIUau-EoK3xkirEcEAMmhr21ctiL7h2KCU-00RPZqEtvOg8yOuQDfBiDnnfcDRxTQ_Xz5AhxlSmJ9k-wXNm4b3:1t0Hk1:LKlGccPuzCqdeNVzt4Tm-qnyGNtWJ1D6gMYFPb8r6CU','2024-10-28 09:51:53.162681'),('d0tkf0pof4fxscj59c643dic7y5me4q2','.eJxdj8FuhSAQRX-lYW0M6Ag8d223_YOmMSMOT_NQGsEmjfHfi9Yu7GYyuXPuhbuy4M2ADo3xyxSbEDFSYPW6ZexPwyX2NMXBYBz81IwUe98l5n1lvzurrykseSOrhQIBoLVSeVVAKW4Z-5z919DRnBx37--OEroMe4DgmisJaYBQCrjkqpJs-8jY8X6zBJqbgyzYRWvRPGjaD-jcLufnL_KDOc8hf760eDldl6geQ59yWmlBikLbQlatIl2WRQWS670JaEM3K7iR2JZW2xJBGSCBSnbcWtClFCk0kCMTqWsctnu5f1Iz4UhJf-1pHEKcv5_eErf9AFaTggs:1tqwP9:_9EU1TrL5cmZWWEYEyqHw5CjBYiyV2Cjc3CIbHmoRdE','2025-03-22 15:47:59.922181'),('dsxj8okv46dtrbzz6xt0bttvcx0xruaa','.eJxdjL0OwiAYRV_FMJuGn0LB0a6uzoQPPkJjf5JCB2N8d9F0UNdzzr0PYt1Wkt0yrnYI5EQ45W0rjCLHbwXO33B-e7-s2HzEzpp-y2WZrjU779XPNLmc6s5ElN4YoNEw77nWjHe6UwEAnQSjQFPkUQjQUshApQGMoLiQPnQtMF9PM47oCwY7OqiP7A_Z2U1YeZ9wGnJZ74dL7Z4viudKUg:1teBt9:YVBWVpcHfp_cGSgyN-G4PVnIcQwKt9Ywvt1BZ8Q6lpE','2025-02-15 11:42:15.276306'),('esg5sta501vrjxx6pxhkrtmdlqngx1v7','.eJxVUM1qhDAQfpUyZ5EYTWK8tb32DUqRSTKuUjUliYVl2XdvtF68DMP3Nz8PQGv9tqYetzTSmiaLafJrv1AavYvQfT7gv4cOorcTzqcDCsAEXaW4klq1dVVqUWsleQE_wf9OjkK23Ly_zZS127QnVKxlSja5NJVSDZNMCQnPrwKOBfotUugPJYcLZtB-07oTOM87XJ5rlIfmpGP5ejnj7XRdokaMY84xg3RorDCOK6GRNwwFl4wYGTVUQjTaWukMEVokjrp2Q6VRDG1DLUm53xRpJpvI9TOa_Ikr0K-4UJ7zPtIyxRTuLx9ofMDkwx2efwGufT8:1svF86:Z6FK-O8sfONzGPNv4I8Yg4-VGD0gqqxHqw80dCWrn7o','2024-10-14 12:03:54.542953'),('f6cyxgrbodbovqtdh8yisabaecb69u24','.eJxdkU9PhDAQxb-K6Zkl_d_CTb0Zbx6NIUMpC7FQQ4uJ2fDdbVk0rpem-c17rzPTCwrejODAGL_OsQkRog2ovmwF-mGwxsHOcTQQRz83k42D75Lm9YKud1TfpqDkjagmipGKV0LostKCaqkK9LH4z7GzS7KcvT87m7TrmBMI1lhJng5OlOJYYiUk2t4KtDfQrMEuza6k6Ia1YN7tnAvgXMbl0Ua5a45yKO9vxng4XDdRA4Qh5bSy55JQ3VMpWmU1Y1RwibXWqTFtbNUTbCS0rNc9A64MtwSU7HDfc80kSaHBOmui7RoHbR7uH2pmmGzij4OdxhCXr7vnpCvQYlMbn9c9dxAhfURm-9zz6lxSeD9d11BhSjHlSimGDn6kvjxxTP--mKIyz_ITIScqcjHCEps47g7Ca5IdaSO_SNSEoW37BqvArr8:1tD87S:OSarznF1fQgW5vjcHAyjtKtbBchIS2WX2Y-2sMIqKcE','2024-12-02 20:13:10.335011'),('fox9bm37kccw29n8u2m3zljw8te1xab8','.eJxVjEEOwiAQRe_C2pAWpuC4dN8zNAMzSNVAUtqV8e7apAvd_vfef6mJtjVPW5NlmlldVK9Ov1ug-JCyA75TuVUda1mXOehd0Qdteqwsz-vh_h1kavlbA3pG1ycBjwbdkLh3nlIQAHbQUUgDe7AGBCyeESA6YWs4CiF2Jqj3B9dLN8Q:1tYnxt:sb_FdiyaOSpL7prTLpYbu98JeloK4LntxcP1UBp94j8','2025-01-31 15:08:53.642036'),('fzfy70wvjq78mmcwpd8y0e2wf861f2i1','eyJzb2NpYWxhY2NvdW50X3N0YXRlcyI6e319:1t8NRB:e3X9BZwBDMbDpkan0IPyy7X9yZGOdRCzmcNTIJKAruU','2024-11-19 17:33:53.872679'),('gxqurvwazlrde1nrrqj9ggnvjj2rkqvi','.eJxdjL0OgjAURl_FdDbk9kJt64irq3Nz-4MQgSYUBmJ8d4thUNfvnO88maFlbs2SwmQ6z84MASvOUbDjN7LkHmHcuItTKD5g34rLkuY43LJW79bPtaXU5h9pL8FudY1gNXmJp5JLAgnegiqxlEoL761y2EhUFXEBJQqpKtWghBxNoQ9uDt70ZHNRA99yQovqD5qRhpCNuot9vK-HK9k40Rynlb3e-ZtMfg:1teR9h:dI13bMNR9KxY7GP-0nJLmx2_oZIT11PJM1Juo0xkwxc','2025-02-16 04:00:21.812020'),('i2p1igadmiack9dziym1g8ime7y9ni0f','.eJxVkMFuhCAURX-lYW0MiDPA7Npu-wdNQx74GMmgNIJNJsZ_L1q7cEfuO_fwYCEpWg8BrI3zmHXKkDGR27JW5D-DOfc4Zm8h-zjqAXMfu8J8LuTvTG5nCyndTG5MNEoKpiSvL4xdKWsq8j3FH9_hVCr3GO8BCzv7zcAKLhiXigtFKRXswjgj61dF9gX0nHDSO9mSU2bAPnDcBhDCFtfHGvXOHONUv56e8Xa0TqoeUl88wkplJKMSDXdUOUmtk-bKheOsMa2QjgPwrpOqbansUHKBaKERwJ0C54o0YUCbsdMBTPmJc6BHGLDc897j4FOeni8fYOIEOU5Psv4CwgiGSw:1t4Mj5:KAf_p2hkCE8D9sx1TMDiMg7FhVm7HLO8xk0QvinEDZ4','2024-11-08 15:59:47.077482'),('i8yoleiv93slqvu6goali01vbenk8mcg','.eJxVUMtqhTAQ_ZWStUiSm4e6a7vtH5QSJsl4laummFi4iP_eaO3CzTCc1zxWEoPrYQDnwjIlExMkjKRZt4L8Y7CkDqfUO0h9mMyIqQs-az5X8teT5ppCsjeRhmmumdJKiZJV7MaYKMj3HH56j3O23EO4D5i1S78nMFpRrUQugmktqKJaKrJ9FeRYwCwRZ3MoOblgFtwDp52AYdjh8lyjPDQnHcvXyxlvp-sS1UHsco5tlQfrpPVcyxq4oCC5okjR6pZJKWrnlLeI4AA51DffshpkWwmsUKn9pogDuoTeDGDzJ66AmWDEPOe9w7GPaX6-fIANM6QwP8n2CyS7hyI:1st2h1:G4XeuMaUWOAimxOFEYDlgbao7JNgIETFPRPbCyYhBrM','2024-10-08 10:22:51.368876'),('ifhh13fem0jvuvpy8myaekgfo3vp2dnu','.eJwlycEKAiEQANB_mbNEEuXqsaBOC3utCJFxWiRxFnX3Iv57Qe_6GhTG4KJD5DVVW6qrVMA0CPO4TdfzTfLjPl78BObZYMmMVH4PkeeQQIB31YFJa4wClg-SRfZkN8rhHSj_pwupDlofB70fdlopeVLy1fsXrtgpwg:1tkgnM:-xqR_yKP9c5_WNHVAByxITqLb8N9UBq3e5Zsz_l0lC0','2025-03-05 09:55:08.981175'),('j98dtlewz4hn465c6q0xd36369saz145','.eJxVjDsOwjAQBe_iGkVex581JZyB2tq1NzJCECmOK8TdISgFtG9m3lMl6mtNvcmSrkUdldHG6dFqdfhFTPkmj43neZHhC_ZtOPe2zvfLRzvt1l9aqdXt1_kRLFMQnIozYL2X4tliQTAcBQCzi0g2-CLBTVkHiBAJhSFjYPV6A2x-Nuc:1tlLTM:j05i296bHpn7G46dK1nrH8W2BPmW_S7rf7ItFYuM-xQ','2025-03-07 05:21:12.616894'),('kkvvm3tjjdqjud4aauk6yksjh39qct6z','.eJxdjDsOwjAQBa-CUiPLduxgU0ILZ7B21xsSyEeKnQIh7k4ipQDaN_PmVQSYcxPmxFNoY3EstNTGea2L_TdCoAcPK493GG6joHHIU4tiVcRGk7iOkbvT5v4EGkjN8lbsFZAj0kxGOqlKj6qSBi1wdVAVYrTswUgla--MrBkVO0MGbCyJ7RJN3DFljqEDXIt_Uxig52U_N9y3KU_P3WXx3h9Jv0wq:1tAD0F:0GaTMGNhAQy7iaik2gOWrVkPB5HpWgdwOlkIKVVA0Bg','2024-11-24 18:49:39.053109'),('kpmqaki5d5y42rqs48qpj33of34racc6','.eJxVkMFuhSAQRX-lYW0MCALv7dpu-wdNQ0YcnqQojWCTxvjvRWsXbgi5c-6dCytJ0XoIYG1cpmxShoyJ3NetIv8aLHnAKXsL2cfJjJiH2BfmfSV_d3K_ppDizeTOFKc3qnmrak6loLKtyNccv32Pc7E8YnwELOzi9wRGNVVSlEMwpQpNVSvJ9lGRo4BZEs7mIBty0TqwnzjtAwhhl-uzRn0w5zjVz5dnvJyuS9QAaSg5nXRCska7RradQs150wpJtdalmLZ4c4xaCR132nEQygpkoGRPnROaS1ZCEwa0GXsToCs_cRXMBCOWPa8Djj7l-efprVDbL7WEge8:1t8iKm:Ng0wtH36nOkWsG9Y5cZb-2QDPgh4FPwB3tl4Moikzsw','2024-11-20 15:52:40.177142'),('l274gxvk06mnz06riubdvlz5lrl6p18k','.eJxdkMtqwzAQRX-lzNqklmTJkqGUJtsuugkUShF6jGsT2zKWXBJC_r1qmy7S7T33zDBzhhhcbwbjXFinpGMyCSM0Z6CimnF7tE-HF_962lto3s4wL8FhzByG8NFPUIA3yUAzrcNQwHxwqF3wqD9x6dselz8y4TFl6f4xDxjn9BBxQJf0dStcClJXhNeSELmhgglZsfdLAdqsqdNrxEX3Pvu0pFXFlIAbZI074PTNXVhw8wOu2Wa3xhTGfa5tr60btTOxy55qkTulbNkq4hyVktBa1sJbi4ZbJawskbaMWckZ9yVXFlsrKOPO15UlLg_9vQi9Hkx-FZB_kZ7MiDnfdTj2MS2nu-fcu3wBW6B_Iw:1trU1s:o6RCiZ32c1w53burkZkfwJs1tzQI-9IGn_Qm2C7zhi0','2025-03-24 03:42:12.859651'),('lf8p2lke8yamg0xjsfrffa0cpkaid4u5','.eJxdjL0OwjAMBl8FZUZVXNqkZaQrK3PkOI5S0R-pSQeEeHdS1AFYPNx3vqcwuKZg1siL6Z04CwBx_IYW6c7TttC8cPEZdlZ0a0zzeMvaZbd-XgPGsBW1AtToq6YE76W1rMtGsqcTts6pGqXToBSRrSVCDbppta9kvqWviG2ORh6YEjszoN2Kf8hMOHLmXeCxj2l5HK7Ze70BUFVI1A:1tjwzL:Y9yB1PV7b_JlQgijJWL_nRSnV9BpZ_UGTyfP-HosluQ','2025-03-03 09:00:27.627268'),('lyqq9gqfoukad00hon0aq71la05p8uu8','.eJxdjL0OwjAMBl8FZUZVXNqkZaQrK3PkOI5S0R-pSQeEeHdS1AFYPNx3vqcwuKZg1siL6Z04CwBx_IYW6c7TttC8cPEZdlZ0a0zzeMvaZbd-XgPGsBW1AtToq6YE76W1rMtGsqcTts6pGqXToBSRrSVCDbppta9kvqWviG2ORh6YEjszoN2Kf8hMOHLmXeCxj2l5HK7Ze70BUFVI1A:1tbEbU:dXSjwsLhVCVrsGIM6YnMQe3VtwEIkno_Kjog7X3kLs8','2025-02-07 07:59:48.934387'),('mfrszl1c39rr9cx9aa605di3xrai26dg','.eJxdj8tuhDAMRX-lynqEyIPEmV3bbf-gqpAJzoAGSEVCpQrx7w10uqA76_jcK3tlMbgeB3QuLFOqY8JEkV3X7cL-GC6poyn1DlMfpnqk1IU2O-8r-53Z9dzCcjaxKzeSg1IGqkIJaw3wC_ucw1ff0pwjtxBuA2V36fcGXmojhK1kaZW0lbAcQLLt48KOA-ol0lwfpmQn1qC707QvcBh2XDzOKA7nsY7F8-mNl0fqVNVh7HJPo73SXIAXumoMgZSiUroEAGMUOLKel05jIz14ico4RRyNbkvvFUjNc2mkgVyith6w2Z_7h-oJR8r8taOxj2n-fnrL3vYDyeiCUQ:1tCdwR:JtkHztldhwSNY_zw3vAkQ8NylOUs5WxIwPPqiPkHB3M','2024-12-01 11:59:47.816933'),('ml2y2elidgvnnpg3gnyw9yzmjmn02l65','.eJxdj8FuhSAQRX-lYW0MCAK-Xdtt_6BpyIjD0zyURrBJY_z3orULu5lMztx7M3clMdgBPFgblimZmCBhJLd1K8gfgyX1OKXBQhrCZEZMfeiy5n0lvzu5XVNI9iZyY4o3QjDGmrLWSilWFeRzDl9Dh3O23EO4e8zaZdgTGNVUSZGHYEoJKqmqJdk-CnI8YJaIszmUFbmwFuwDp_0A3u-4PN8oD815juXzpcbL6bpE9RD7nNNKJySrtKtk3SrUnFe1kFTr3EJoi41j1EpoudOOg1BWIAMlO-qc0FyyHBrRo03YGQ_tXu4fMhOMmPlrj-MQ0_z99JZ12w-01oI9:1tiW5x:h2Wu33tAD8DOZLXO9uuTLnzTYicrmycUMU1W1aARBs0','2025-02-27 10:05:21.963105'),('mx6r7n6vnrqf8uu38hce4zf19ydoryjr','.eJwlyUELwiAUAOD_8s4Sc2WWt3Xdod0iIkTeXkMSFXU7JP73gr7rVyEHtMYZxLD6onMxhTKoCtNyHYeRi7u9xM9tOIN6VIgpIOXfgwuL9cBgNsWA8qtzDOIbSWOYSW-U7MtS-k9jXB463ouj5Lu-k3x_Es_WvpIhKVY:1tlOB5:wT8XZMkc-CHVWvvw5xnn-FUmC3YPVtzA3WYw1mvKmow','2025-03-07 08:14:31.209264'),('n5o3wcqex5pvanpwdlyfv6wbygdq8ir1','.eJxdjL0OwjAMBl8FZUZVXNqkZaQrK3PkOI5S0R-pSQeEeHdS1AFYPNx3vqcwuKZg1siL6Z04CwBx_IYW6c7TttC8cPEZdlZ0a0zzeMvaZbd-XgPGsBW1AtToq6YE76W1rMtGsqcTts6pGqXToBSRrSVCDbppta9kvqWviG2ORh6YEjszoN2Kf8hMOHLmXeCxj2l5HK7Ze70BUFVI1A:1tnBYG:0Ds0ih3wGruRNgehxwEsZXhAzQHI0wqeRwWVFCSqSgM','2025-03-12 07:09:52.851583'),('nkl1ws48obkyw06erdyrwysfaveh9zhk','.eJxVizsOwjAMQO-SGVX5yoYRztA5ShxbQQgqNc2EuDsBdYD1fZ4qpr7V2Buv8VrUSRmnDr8wJ7rx42NoWXn6ip1Nl9625T6P7LxXf2tNrY4PQhEMMCZCzMjOM1LQwiheiwYj3pQshNYBWsqonQCUAsI6JHtUrzfFjjau:1tpo6U:yIubkHSP81NiyIlxSIUMb44-3k8fwS4cRP03Kna1PNw','2025-03-19 12:44:02.229745'),('nqn60gylhmnzu66na66yx3eg05668g3m','.eJxdUMFqxCAU_JXiOYQYjdrc2kJPLYWFQqEsYsxzI-vqEs1CWfLvNdntIfXwkJlxZp5XFIO2yimtw-STjEkliKi9ot3u9ZLwx7snQnzt6Cdqv6_oPAYNMfPIhYP1qEC9Sgq1fnKuQOejBqlDD_ICozUWxhszF5gT0dQVb0hJaM2ahu7nAv2FqikN4JPVKtng5QnSEPq4Bt7uOW9TM-eqhNrVNR9GSsEq8YhFsTS82H5JRocQDg6ydrKLA65ExRnNg2LOacVyHYbmfYHWAnKKMMpVWaMN1il9BL8QyrkFLu81ylVzp2P5tFnj-f5qYzWoOGSfjhnKcC1M_oqOgyCkbmjeQIhcTGh4NLjSTHXECEMU5ZoCVpz1lTFUEIazaQQHOkEvneqW5f5B0qsTZPxlgJONafx5eMu6-RfiUKDB:1tenio:l9ZposBXowO7x7ImCEVvJeFRUkyRfL8Y9L01LmI3iEE','2025-02-17 04:06:06.497156'),('nqukj44g25l5mzzdzwpqoge6adesv5i0','.eJwlycEKAiEQANB_mfMS7USW3qJrdaouETLoFJapqLsX8d8LetfXoETjyJMxcQpVl0qVC6gGr7Ogz5z2B2lPu-PlCurWIOVouPwefHy6AANYqgQqTN4PkN6GtYmW9czZPRzn__Rh3KyWiALluFiLLaLEe-9fs7Uptg:1t5qtf:-H7mKWibKkMmhRub-UKoaAQoszksxp-3A2Gshxj0Yxk','2024-11-12 18:24:51.569230'),('nsgmgtduw6so3bgcbgxurpqrbitlhwla','.eJxVjEEOwiAQRe_C2pAWpuC4dN8zNAMzSNVAUtqV8e7apAvd_vfef6mJtjVPW5NlmlldVK9Ov1ug-JCyA75TuVUda1mXOehd0Qdteqwsz-vh_h1kavlbA3pG1ycBjwbdkLh3nlIQAHbQUUgDe7AGBCyeESA6YWs4CiF2Jqj3B9dLN8Q:1tDBsx:PN8Y5ooTKrWXHwkk9V7PdLEgfqKLwdA4jXoah9NGbDk','2024-12-03 00:14:27.559196'),('nsplfx847p3kxmhc92g6deiaz9k4c4za','.eJxdj8FOhjAQhF_F9ExIW8q2_jf16hsY0yxl-0MEamgxMYR3tyAe8LLZzM58mV1ZDK7HAZ0Ly5RsTJgostu6FexPwyV1NKXeYerDZEdKXWiz521lvzu7XSksZxO7Ca24rACMLpWSoBUU7HMOX31Lc47cQ7gPlL1LvxMEN1yDykMJnZPAdQ1sey_YUcAukWZ7OCW7aA26D5r2Aw7DLpdnjfLwnOdYPl3eeD5TF1SHscucBrwCIY2XUDeaTFXJWgE3xuRixtGjF9wBNpU3vkKlnSKBGlruvTIViAyNNJBL1NoBm_25f5KdcKSsv3Q09jHN3w-v2bf9ALSrgj0:1tlstA:dC6gOmaIJslJL_hO4ERisY40sK-ZqsrzuE409CexgQw','2025-03-08 17:02:04.588662'),('oeo6ieyv0cpa0s76bnnrogj4kf3p03ai','.eJxdj8FqhTAQRX-lZC2SaEzmuWu77R-UImOcPOVFU0wsFPHfG61d2M0wnLn3cmdlwZsBHRrjlyk2IWKkwOp1y9gfwyX2NMXBYBz81IwUe98lzfvKfndWX1NY8kZWC12Km5ISZA4CNGiVsc_Zfw0dzcly9_7uKGmXYU8QHLhWMg0ptJZccV0ptn1k7CjQLIHm5lAW7MJaNA-a9gM6t-P8rJEfmvMc8ufLGy-n6xLVY-hTTqusVKIAW6iq1QRlWVRScQBIxcDQzQpuFLalBVui1EaSQK06bq2EUokUGsiRidQ1Dtv9uX-omXCkxF97GocQ5--nt6TbfgDF_4JM:1tD954:N-wQ_fUOF60-XVWmhUVCwo0FZdl2pdpTbfbzMv5goHw','2024-12-02 21:14:46.316794'),('ojdq8mdfq2h29fay9hogyme7zup61ti2','.eJxdj0FuhDAMRa9SZY1QQoKTYdd22xtUFTLBGdAAqUioVCHu3kDpgm4s6_n_b3tlwdseB7TWL1OsQ8RIgVXrlrE_hkvsaIq9xdj7qR4pdr5NmveV_fasuqaw5I2sElqK8gagdF6qkoPM2Ofsv_qW5uS4e38fKEmXfg8Q3HANKhUltFYcuC6BbR8ZO_bXS6C5PpQFu7AG7YOmfYDDsOP8vCI_NOc45M-XL15O1yWqw9ClnAacAlEYV0DZaDJSFqUCboxJhxlLNye4BWykM06i0laRQA0td04ZCSKFBhrIRmrrAZv9uX-onnCkxF87GvsQ5--nt6TbfgBTMYII:1tBbOx:WoV2q6k8rKWSs-24gfS_ShUmpNY_QmCSWylNzEgpTV4','2024-11-28 15:04:55.274406'),('pi5600uckhrru37pjx0mrbcauf62y7bc','.eJxVj8tqwzAQRf9l1saVrKeza3cldFFaWmgpRpalWESxgiWHQvC_V3aThTdCzJ05c-YKMWinvNI6TENqYlLJRNhd4eXj63NP355fa79_r08X2H1f4TwGbWLOwYeDG6CATiUFu2HyvoDzUZtGh840FzM668x4Twbzm_LQA8wFFgRXmDHCSlHVvOLiZy7gvl9NqTdDclolF4bmZFIfurju_v9nysY4K6iMvlNZXRJeI8lFscheXLdIwCGEgze5d3ILASOJBKf5oVgIijgSjMP8U8Aq0EzRjM3aWcGm1ip9NMMSKO-XcnnTKNeeWxzLx80ZT7epDapXsc-cllvKcSVtxVkrjCSkYpQjKWUWk9rUFiPNVUustERRoanBSvAOWUsl4RjmPxWskS4:1tA0Fb:8D69QXWMCqRpVXsxaCivpMt7eQcY4KLw2Qbj-XljORs','2024-11-24 05:12:39.425071'),('pqti2sj0fr39fp8ctu54xa3sreqftpne','.eJw1y7EKwjAQANB_uTloW22jXd2Kow4iEsL1lNCQtMlFlJB_t4vz42WIHo22GtEnxyqyZorQZxjSdaHhy5fT2Sz6JqG_Z5iDR4qrg_Uv40DAqFlD75K1AuYJSaEfSb0pmKeh8BdHH17TFoqoZXM4tp1s6k23q6p2_yjlB5ddLNU:1t0Wcj:B3wuLLncLzViYWVvI6A48tfpOZx1LVGX4gmHmAP2PKE','2024-10-29 01:45:21.633052'),('pyospfrjoifihhjsmqg1akk8s1irc2t7','.eJxdjcsOgjAQRX_FdG2a6UBt65K1fkMz7RRBkSY8FsT470LCQl2fc899CU_z1Ph5TINvWZwFApZKoRbHbxQoPlK_cb5Tf8sy5n4a2iA3Re50lNfMqat29yfQ0Nisa3JsIGwfDiE4YoOnQhkCAxzAFlgY6zRzsBFrg7YkpaFAbWxpazSwRsfUpTgl9h2FtehAbTntdPkHfU_PtBpVm7t8Ww4XCnmgKQ-LeH8A7ENOgA:1tCgXZ:ibUUG1kdVj0Kz0tfyfRpkonXeOsrNITsjouBEU9g7zU','2024-12-01 14:46:17.566675'),('r05d27ec6ozsohqem4b94irlxyjkbyos','.eJxVUM1qhDAQfpUyZ5EYTWK8tb32DUqRSTKuUjUliYVl2XdvtF68DMP3Nz8PQGv9tqYetzTSmiaLafJrv1AavYvQfT7gv4cOorcTzqcDCsAEXaW4VlJoXZdCtnXFZQE_wf9OjkK23Ly_zZS127QnVKxlSja5NJVSDZNMCQnPrwKOBfotUugPJYcLZtB-07oTOM87XJ5rlIfmpGP5ejnj7XRdokaMY84xg3RorDCOK6GRNwwFl4wYGTVUQjTaWukMEVokjrp2Q6VRDG1DLUm53xRpJpvI9TOa_Ikr0K-4UJ7zPtIyxRTuLx9ofMDkwx2ef_5LfTw:1t41LG:d1KicukFek0ySBDrCRwRsULYVu7mzE0lupJqrIWhHxM','2024-11-07 17:09:46.982853'),('s3q9172bld8bcley4n33u3odn4s8isag','.eJxdj8FuhiAQhF-l4WwMCAL9b22vfYOmISsuv6QojWCTxvjuRWsP9sKSb2cmOytJ0XoIYG1cpmxShoyJ3NatIn8MljzglL2F7ONkRsxD7IvmbSW_f3K7ppDizeTGFNe01WXUVDCptarI5xy_fI9zsdxjvAcs2sXvCYxqqqQoj2BKCSqpaiXZ3ityHGCWhLM5lA25sA7sB077AkLYcX2eUR-ac53qp0uN59N1iRogDSWnk05I1mjXyLZTqDlvWiGpLg2U0BYfHaNWQseddhyEsgIZKNlT54TmkpXQhAFtxt4E6PZy_5CZYMTCXwYcfcrz98Nr0W0_tK-CPQ:1tciKO:KzHKnC46SIXn6Z2fOvPe9wLu0GmTaZNpc5O_CA1ZG-A','2025-02-11 09:56:16.615776'),('uxded7bt3q17nmrzwvnzrool2mc9877a','.eJxdj8FuhSAQRX-lYW0MCALPXdtt_6BpyIjD0zyURrBJY_z3orULu5lMztx7c2clMdgBPFgblimZmCBhJM26FeSPwZJ6nNJgIQ1hMiOmPnRZ876S35001xSSvYk0TAmquFQ3UUohmaC6IJ9z-Bo6nLPlHsLdY9Yuw57AqKZKijwEU9kpqaol2T4KchQwS8TZHMqKXFgL9oHTfgDvd1yeNcpDc55j-Xx54-V0XaJ6iH3OaaXLfSvtKlm3CjXnVS0k1VrnYtrizTFqJbTcacdBKCuQgZIddU5oLlkOjejRJuyMh3Z_7h8yE4yY-WuP4xDT_P30lnXbD7Tqgj0:1tnx9z:l5LQOgRxdPLnLES7UOg9_hG6N2djO7e4D_zC7etW768','2025-03-14 09:59:59.956850'),('w2x6ztl9v8xr8j2o5o2lu4e12cvdjf45','.eJytVO9zojoU_Vd2-Vw1_BJw5s08nq22-litrW11Z4cJIWAUCJsEFHf8319A3HY7nZ398L5xz7mce3Nzbn4onCICE4gQLTLhcwEF5srgx-nqPdNECY1JJmmlhetPEiqDrEiSK6XgmPmvYc5oSULMlIESUxonWJEpNa2oABimbuqaY1impRu2Y2iGZBPIhd_WOGuEsh9_S0mGf8rig2DQlwRsqnPZrrIRIueDXq9ti3fPBbuIplIWHvOmqA0s29H7ummDjokdosaMwm0KtkY_yTUe68ix-sDe6poNujDPLzL1uRDNBM7ERbEI_2dFXgS_GQxOIUkkLyASBMEkogxh0_47rvFWocnxS8xIROppCVZg2anwN5Bv5L_LqWb7d1aA9365Nq5H1jX20b38MYMplvwUE7H5tKwkkhMkCobfDDbZ6B-33oM9dxjbFE3YdD7ZatUGr20tyFYrD6rfO85eC7-gcMHig340zeUR-v4sXZkvePUXd_odJKvFpMSZ_7YLCUYwJUl1QZuuCJR-Uy0daJqlq2rthLwFdOCo6ul0tmBtixxyvqesvqXPPOprCxrqWeKZD1q2FtYDiNLHkXiaje-948x0Zzc3Qep9aMB3no4I46Jtqs1_jerc1-hP7izHjNMMJm8qfOB4wv0Q1yql5CQawYTjBpb7GkW_AIWUPA-hAes9rne6mQmjCDfrcj5hUwv-3NYdkn6gIb5YiF2YTG6c_KmnnC4mg2HIpFL9Unz9zQPwJxN479eckRSy6hyevl0pgu5w9us7IxepqSItcHmeXsk2X6mg5nQhcPH1MFkPd9XI4fthkA7nDK5AenS4xzwcG-UhWt-udC9Lrndgl4-Ak-3g8a74vrdm-9W03I29vaOS_nH8ZBsBK3XeOeJKI1_ELqjMyThwaDTJp8wzb-82j9XBnLx40XphuQg_sWBJJv7c-OdfI-ggUW49gnQw973yOU1BsFyui5u-C4fxauqulw_u4uZhdH87ftE84i4OaX7L3OdNie_hc5-6c-PJBWrfUdoj-hwjhkXrtUNO5I349YYoGtCMjgo6mvOoOgNDHZhq19TVtXI6nf4DZGf2kQ:1t5rA8:SlHOHVkER6XDfTECEywMU1v1acONZ3zdZPPxA6AvePk','2024-11-12 18:41:52.543209'),('wfpqw1t5o8x5ktmtaf7r8uabh91r2tbz','.eJxVj0FuhDAMRe_iNUJJSEiGXecaVYUcYwZUSioSukHcvYHSBStb_v8_2xvEQCNOSBTWObUxYeIIzbYX8D_DNQ08p5EwjWFuvzgNocue9w3-emjuFMjZBI20WkhplRClsFbbRwHfS_gZO15y4hXCa-JsXccDIKVTzjirKiVz1bWyzsD-UcC5v10jL-3pVEIZVxsHN8kjffJ86DhNx7i8jilPzyXH8u32zPNK3VADxiFzvPXcI7KysjYsmdgJo42vtO16QkNUIUmqvOeOK2103Yu-Q_0QHrU2Ney_Soly5A:1tlLyS:UH5RBtKSHryRgdKR9WbQ_yvgqUQ-wLSgKdkZZrAIMB8','2025-03-07 05:53:20.217503'),('x226w59kkpsqhtfy6fx1qq2rlq9fmg9x','.eJxdjMsKwjAQAH9FepawTZo0etSrfkPY7C622gc07UHEfzeFHtTrzDCvIuAyN2FJMoWWi2OhQVfaelPsv1VEesiwer7jcBsVjcM8tVGtidpsUteRpTtt7c-gwdSsdy1YWjZeM9MByoh8YHFEQAjRSLQItWeorQMhRxVyKQTGi7O1F5unSTqhWTh0GPOx_ENhwF4yPzfSt2menrtL7t4fh79MtQ:1tDEm1:ZTOh3MlPoA50kDfCvBYyrtEtiOT2dL8BJ8uRv91yIDM','2024-12-03 03:19:29.487913'),('y1tv67w443hwbop40k9kqgk9sjciji81','.eJxdjr0OwjAMBl8FZUZV2jSKYaQrK3OUOLZS0R-pSQeEeHdS1AFY77uz_BTWrTnaNdFi-yDOolbi-A29wztN24LzQtVn2FnVrSnP461ol936SaNLsXRGBwZtSoQAHki1BKglE3ArWZqa2zp4RmiUgQY9SMXGhGCYpHbNqRxNNBBmCnZwfvvxD9nJjVR4F2nsU14eh2vxXm-BgElQ:1tiUa4:sRAOUJGio1f4fY3HXmAN-DjaoF2U7dtZsUnuHfOU-9Q','2025-02-27 08:28:20.201560'),('yd6lr55ova6qxsugn34u6n6hm0x27pbv','.eJxVjcsOgyAQRX-lYd0YROThru22_0AGGAOpYiK4ME3_vdq4qMt77sy5b2JgKcEsGWcTPelITa7_zIJ7YdoLGIYdV-DctKRS_W6OOle3LWEq0UGJU7ofXydVgBw2D_VN72TDvGzR01oo1-vW80Yr3iNSDb5lrZSeSeit4JJTQbUSmgluFWKzSTMO6Ap6M4AlXX0GJsGI284j4BhzmdfLE-w0Q5nmlXy-MzdRRg:1svG1p:Jlm3HVhfL3WbIstbfNV_-dIEISvmZAWVZYtsPdFPH1Q','2024-10-14 13:01:29.858436'),('z6b6gufnhrh3yuwr08p5b4bauv600gn4','.eJw1jbEKwjAUAP_lzUFttRoL4uogrg4iIby-SDBNYvIqQsi_20Hn4-4K5IBWO40YJs8qs2bK0BewlzCYqxmNfW3xfGqhvxWIKSDlmYMLD-tBwKBZQ-8n5wTEJ5LCMJB6U7LGUvoTTx-epeVxDoyRD5kcIavfFapodmvZNbLdtwu52nRSynutX1WkNe4:1tee1c:NtCWGtcPHo9dvCt0SL7xYlaUwCPW5kshCLRsq77W7TQ','2025-02-16 17:44:52.808528');
/*!40000 ALTER TABLE `django_session` ENABLE KEYS */;
UNLOCK TABLES;

--
-- Table structure for table `django_site`
--

DROP TABLE IF EXISTS `django_site`;
/*!40101 SET @saved_cs_client     = @@character_set_client */;
/*!50503 SET character_set_client = utf8mb4 */;
CREATE TABLE `django_site` (
  `id` int NOT NULL AUTO_INCREMENT,
  `domain` varchar(100) NOT NULL,
  `name` varchar(50) NOT NULL,
  PRIMARY KEY (`id`),
  UNIQUE KEY `django_site_domain_a2e37b91_uniq` (`domain`)
) ENGINE=InnoDB AUTO_INCREMENT=4 DEFAULT CHARSET=utf8mb4 COLLATE=utf8mb4_0900_ai_ci;
/*!40101 SET character_set_client = @saved_cs_client */;

--
-- Dumping data for table `django_site`
--

LOCK TABLES `django_site` WRITE;
/*!40000 ALTER TABLE `django_site` DISABLE KEYS */;
INSERT INTO `django_site` VALUES (3,'127.0.0.1:8000','127.0.0.1:8000');
/*!40000 ALTER TABLE `django_site` ENABLE KEYS */;
UNLOCK TABLES;

--
-- Table structure for table `socialaccount_socialaccount`
--

DROP TABLE IF EXISTS `socialaccount_socialaccount`;
/*!40101 SET @saved_cs_client     = @@character_set_client */;
/*!50503 SET character_set_client = utf8mb4 */;
CREATE TABLE `socialaccount_socialaccount` (
  `id` int NOT NULL AUTO_INCREMENT,
  `provider` varchar(200) NOT NULL,
  `uid` varchar(191) NOT NULL,
  `last_login` datetime(6) NOT NULL,
  `date_joined` datetime(6) NOT NULL,
  `extra_data` json NOT NULL,
  `user_id` varchar(20) NOT NULL,
  PRIMARY KEY (`id`),
  UNIQUE KEY `socialaccount_socialaccount_provider_uid_fc810c6e_uniq` (`provider`,`uid`),
  KEY `socialaccount_social_user_id_8146e70c_fk_core_user` (`user_id`),
  CONSTRAINT `socialaccount_social_user_id_8146e70c_fk_core_user` FOREIGN KEY (`user_id`) REFERENCES `core_user` (`user_id`)
) ENGINE=InnoDB AUTO_INCREMENT=4 DEFAULT CHARSET=utf8mb4 COLLATE=utf8mb4_0900_ai_ci;
/*!40101 SET character_set_client = @saved_cs_client */;

--
-- Dumping data for table `socialaccount_socialaccount`
--

LOCK TABLES `socialaccount_socialaccount` WRITE;
/*!40000 ALTER TABLE `socialaccount_socialaccount` DISABLE KEYS */;
INSERT INTO `socialaccount_socialaccount` VALUES (1,'google','108076480741774060756','2025-03-10 03:27:36.416563','2024-09-23 07:06:40.982688','{\"hd\": \"dlsu.edu.ph\", \"aud\": \"1080789363580-5e9i1groajm0j46lp2sg3c97608j3280.apps.googleusercontent.com\", \"azp\": \"1080789363580-5e9i1groajm0j46lp2sg3c97608j3280.apps.googleusercontent.com\", \"exp\": 1741580856, \"iat\": 1741577256, \"iss\": \"https://accounts.google.com\", \"sub\": \"108076480741774060756\", \"name\": \"Kenneth Myrond Uy\", \"email\": \"kenneth_uy@dlsu.edu.ph\", \"at_hash\": \"spzheRWlA3Xua2YT-R2ftg\", \"picture\": \"https://lh3.googleusercontent.com/a/ACg8ocIqsjcJjZ8asgH6ls-my2iWM-qJgV_5xEx1026WTXGq7DZJBw=s96-c\", \"given_name\": \"Kenneth Myrond\", \"family_name\": \"Uy\", \"email_verified\": true}','2'),(2,'google','106722953094395291883','2025-01-17 11:05:19.239591','2024-09-23 11:10:21.663319','{\"hd\": \"dlsu.edu.ph\", \"aud\": \"1080789363580-5e9i1groajm0j46lp2sg3c97608j3280.apps.googleusercontent.com\", \"azp\": \"1080789363580-5e9i1groajm0j46lp2sg3c97608j3280.apps.googleusercontent.com\", \"exp\": 1737115519, \"iat\": 1737111919, \"iss\": \"https://accounts.google.com\", \"sub\": \"106722953094395291883\", \"name\": \"Luis Ostia\", \"email\": \"luis_ostia@dlsu.edu.ph\", \"at_hash\": \"MTNM8qoPSlfwZMX6m-LxJA\", \"picture\": \"https://lh3.googleusercontent.com/a/ACg8ocJ5K8PX2QNOEHdKMok2YDYsrUbyFmnJHcDhVlj3hLmK3KNcPng=s96-c\", \"given_name\": \"Luis\", \"family_name\": \"Ostia\", \"email_verified\": true}','3'),(3,'google','117271389379000715131','2024-10-25 15:59:43.503650','2024-10-06 16:22:08.156090','{\"hd\": \"dlsu.edu.ph\", \"aud\": \"1080789363580-5e9i1groajm0j46lp2sg3c97608j3280.apps.googleusercontent.com\", \"azp\": \"1080789363580-5e9i1groajm0j46lp2sg3c97608j3280.apps.googleusercontent.com\", \"exp\": 1729875619, \"iat\": 1729872019, \"iss\": \"https://accounts.google.com\", \"sub\": \"117271389379000715131\", \"name\": \"Dominique Conde\", \"email\": \"dominique_conde@dlsu.edu.ph\", \"at_hash\": \"gvCDKBxXQkLiYXwIMjHrNQ\", \"picture\": \"https://lh3.googleusercontent.com/a/ACg8ocKlbCzviOVp4YtOXXnaU67ErdqIWBG-0f_NhJ1RHCDuoq3NsSg=s96-c\", \"given_name\": \"Dominique\", \"family_name\": \"Conde\", \"email_verified\": true}','4');
/*!40000 ALTER TABLE `socialaccount_socialaccount` ENABLE KEYS */;
UNLOCK TABLES;

--
-- Table structure for table `socialaccount_socialapp`
--

DROP TABLE IF EXISTS `socialaccount_socialapp`;
/*!40101 SET @saved_cs_client     = @@character_set_client */;
/*!50503 SET character_set_client = utf8mb4 */;
CREATE TABLE `socialaccount_socialapp` (
  `id` int NOT NULL AUTO_INCREMENT,
  `provider` varchar(30) NOT NULL,
  `name` varchar(40) NOT NULL,
  `client_id` varchar(191) NOT NULL,
  `secret` varchar(191) NOT NULL,
  `key` varchar(191) NOT NULL,
  `provider_id` varchar(200) NOT NULL,
  `settings` json NOT NULL DEFAULT (_utf8mb3'{}'),
  PRIMARY KEY (`id`)
) ENGINE=InnoDB AUTO_INCREMENT=2 DEFAULT CHARSET=utf8mb4 COLLATE=utf8mb4_0900_ai_ci;
/*!40101 SET character_set_client = @saved_cs_client */;

--
-- Dumping data for table `socialaccount_socialapp`
--

LOCK TABLES `socialaccount_socialapp` WRITE;
/*!40000 ALTER TABLE `socialaccount_socialapp` DISABLE KEYS */;
INSERT INTO `socialaccount_socialapp` VALUES (1,'google','google','1080789363580-5e9i1groajm0j46lp2sg3c97608j3280.apps.googleusercontent.com','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','','','{}');
/*!40000 ALTER TABLE `socialaccount_socialapp` ENABLE KEYS */;
UNLOCK TABLES;

--
-- Table structure for table `socialaccount_socialapp_sites`
--

DROP TABLE IF EXISTS `socialaccount_socialapp_sites`;
/*!40101 SET @saved_cs_client     = @@character_set_client */;
/*!50503 SET character_set_client = utf8mb4 */;
CREATE TABLE `socialaccount_socialapp_sites` (
  `id` bigint NOT NULL AUTO_INCREMENT,
  `socialapp_id` int NOT NULL,
  `site_id` int NOT NULL,
  PRIMARY KEY (`id`),
  UNIQUE KEY `socialaccount_socialapp_sites_socialapp_id_site_id_71a9a768_uniq` (`socialapp_id`,`site_id`),
  KEY `socialaccount_socialapp_sites_site_id_2579dee5_fk_django_site_id` (`site_id`),
  CONSTRAINT `socialaccount_social_socialapp_id_97fb6e7d_fk_socialacc` FOREIGN KEY (`socialapp_id`) REFERENCES `socialaccount_socialapp` (`id`),
  CONSTRAINT `socialaccount_socialapp_sites_site_id_2579dee5_fk_django_site_id` FOREIGN KEY (`site_id`) REFERENCES `django_site` (`id`)
) ENGINE=InnoDB AUTO_INCREMENT=2 DEFAULT CHARSET=utf8mb4 COLLATE=utf8mb4_0900_ai_ci;
/*!40101 SET character_set_client = @saved_cs_client */;

--
-- Dumping data for table `socialaccount_socialapp_sites`
--

LOCK TABLES `socialaccount_socialapp_sites` WRITE;
/*!40000 ALTER TABLE `socialaccount_socialapp_sites` DISABLE KEYS */;
INSERT INTO `socialaccount_socialapp_sites` VALUES (1,1,3);
/*!40000 ALTER TABLE `socialaccount_socialapp_sites` ENABLE KEYS */;
UNLOCK TABLES;

--
-- Table structure for table `socialaccount_socialtoken`
--

DROP TABLE IF EXISTS `socialaccount_socialtoken`;
/*!40101 SET @saved_cs_client     = @@character_set_client */;
/*!50503 SET character_set_client = utf8mb4 */;
CREATE TABLE `socialaccount_socialtoken` (
  `id` int NOT NULL AUTO_INCREMENT,
  `token` longtext NOT NULL,
  `token_secret` longtext NOT NULL,
  `expires_at` datetime(6) DEFAULT NULL,
  `account_id` int NOT NULL,
  `app_id` int DEFAULT NULL,
  PRIMARY KEY (`id`),
  UNIQUE KEY `socialaccount_socialtoken_app_id_account_id_fca4e0ac_uniq` (`app_id`,`account_id`),
  KEY `socialaccount_social_account_id_951f210e_fk_socialacc` (`account_id`),
  CONSTRAINT `socialaccount_social_account_id_951f210e_fk_socialacc` FOREIGN KEY (`account_id`) REFERENCES `socialaccount_socialaccount` (`id`),
  CONSTRAINT `socialaccount_social_app_id_636a42d7_fk_socialacc` FOREIGN KEY (`app_id`) REFERENCES `socialaccount_socialapp` (`id`)
) ENGINE=InnoDB DEFAULT CHARSET=utf8mb4 COLLATE=utf8mb4_0900_ai_ci;
/*!40101 SET character_set_client = @saved_cs_client */;

--
-- Dumping data for table `socialaccount_socialtoken`
--

LOCK TABLES `socialaccount_socialtoken` WRITE;
/*!40000 ALTER TABLE `socialaccount_socialtoken` DISABLE KEYS */;
/*!40000 ALTER TABLE `socialaccount_socialtoken` ENABLE KEYS */;
UNLOCK TABLES;
/*!40103 SET TIME_ZONE=@OLD_TIME_ZONE */;

/*!40101 SET SQL_MODE=@OLD_SQL_MODE */;
/*!40014 SET FOREIGN_KEY_CHECKS=@OLD_FOREIGN_KEY_CHECKS */;
/*!40014 SET UNIQUE_CHECKS=@OLD_UNIQUE_CHECKS */;
/*!40101 SET CHARACTER_SET_CLIENT=@OLD_CHARACTER_SET_CLIENT */;
/*!40101 SET CHARACTER_SET_RESULTS=@OLD_CHARACTER_SET_RESULTS */;
/*!40101 SET COLLATION_CONNECTION=@OLD_COLLATION_CONNECTION */;
/*!40111 SET SQL_NOTES=@OLD_SQL_NOTES */;

-- Dump completed on 2025-03-10 11:46:46
